Regiao - Sigla;Estado - Sigla;Municipio;Revenda;CNPJ da Revenda;Nome da Rua;Numero Rua;Complemento;Bairro;Cep;Produto;Data da Coleta;Valor de Venda;Valor de Compra;Unidade de Medida;Bandeira
NE;PI;TERESINA;PN PETROLEO LTDA.; 06.331.431/0001-17;RUA MUNDINHO FERRAZ;3225;;SAO CRISTOVAO;64055-330;GASOLINA;07/01/2026;5,89;;R$ / litro;BRANCA
NE;PI;TERESINA;PN PETROLEO LTDA.; 06.331.431/0001-17;RUA MUNDINHO FERRAZ;3225;;SAO CRISTOVAO;64055-330;GASOLINA ADITIVADA;07/01/2026;5,89;;R$ / litro;BRANCA
NE;PI;TERESINA;PN PETROLEO LTDA.; 06.331.431/0001-17;RUA MUNDINHO FERRAZ;3225;;SAO CRISTOVAO;64055-330;DIESEL S10;07/01/2026;6,09;;R$ / litro;BRANCA
NE;PI;TERESINA;S P MAGALHAES EMPREENDIMENTOS LTDA; 10.978.518/0001-58;AVENIDA JOAO XXIII;1520;0;SÃO CRISTÓVÃO;64045-000;GASOLINA;05/01/2026;5,79;;R$ / litro;SABBÁ
NE;PI;TERESINA;S P MAGALHAES EMPREENDIMENTOS LTDA; 10.978.518/0001-58;AVENIDA JOAO XXIII;1520;0;SÃO CRISTÓVÃO;64045-000;GASOLINA ADITIVADA;05/01/2026;5,99;;R$ / litro;SABBÁ
NE;PI;TERESINA;S P MAGALHAES EMPREENDIMENTOS LTDA; 10.978.518/0001-58;AVENIDA JOAO XXIII;1520;0;SÃO CRISTÓVÃO;64045-000;ETANOL;05/01/2026;4,49;;R$ / litro;SABBÁ
NE;PI;TERESINA;TRANSSERVICE PETROLEO LTDA; 02.927.004/0001-45;AVENIDA BARAO DE GURGUEIA;2300;;SAO PEDRO;64019-350;GASOLINA;08/01/2026;5,85;;R$ / litro;BRANCA
NE;PI;TERESINA;TRANSSERVICE PETROLEO LTDA; 02.927.004/0001-45;AVENIDA BARAO DE GURGUEIA;2300;;SAO PEDRO;64019-350;GASOLINA ADITIVADA;08/01/2026;5,85;;R$ / litro;BRANCA
NE;PI;TERESINA;TRANSSERVICE PETROLEO LTDA; 02.927.004/0001-45;AVENIDA BARAO DE GURGUEIA;2300;;SAO PEDRO;64019-350;DIESEL;08/01/2026;6,04;;R$ / litro;BRANCA
NE;PI;TERESINA;TRANSSERVICE PETROLEO LTDA; 02.927.004/0001-45;AVENIDA BARAO DE GURGUEIA;2300;;SAO PEDRO;64019-350;DIESEL S10;08/01/2026;6,06;;R$ / litro;BRANCA
NE;PI;TERESINA;TRANSSERVICE PETROLEO LTDA; 02.927.004/0001-45;AVENIDA BARAO DE GURGUEIA;2300;;SAO PEDRO;64019-350;ETANOL;08/01/2026;4,35;;R$ / litro;BRANCA
NE;PI;TERESINA;SAO FRANCISCO PETROLEO LTDA; 10.336.626/0001-27;AVENIDA FREI SERAFIM;2474;;CENTRO;64001-020;GASOLINA;05/01/2026;5,94;;R$ / litro;VIBRA
NE;PI;TERESINA;SAO FRANCISCO PETROLEO LTDA; 10.336.626/0001-27;AVENIDA FREI SERAFIM;2474;;CENTRO;64001-020;GASOLINA ADITIVADA;05/01/2026;6,19;;R$ / litro;VIBRA
NE;PI;TERESINA;SAO FRANCISCO PETROLEO LTDA; 10.336.626/0001-27;AVENIDA FREI SERAFIM;2474;;CENTRO;64001-020;DIESEL;05/01/2026;6,39;;R$ / litro;VIBRA
NE;PI;TERESINA;SAO FRANCISCO PETROLEO LTDA; 10.336.626/0001-27;AVENIDA FREI SERAFIM;2474;;CENTRO;64001-020;ETANOL;05/01/2026;4,57;;R$ / litro;VIBRA
NE;PI;TERESINA;CACIQUE PETROLEO LTDA; 06.656.656/0004-96;AVENIDA MIGUEL ROSA;3768;SUL;PICARRA;64001-973;GASOLINA;07/01/2026;5,89;;R$ / litro;VIBRA
NE;PI;TERESINA;CACIQUE PETROLEO LTDA; 06.656.656/0004-96;AVENIDA MIGUEL ROSA;3768;SUL;PICARRA;64001-973;GASOLINA ADITIVADA;07/01/2026;6,19;;R$ / litro;VIBRA
NE;PI;TERESINA;CACIQUE PETROLEO LTDA; 06.656.656/0004-96;AVENIDA MIGUEL ROSA;3768;SUL;PICARRA;64001-973;ETANOL;07/01/2026;4,49;;R$ / litro;VIBRA
NE;PI;TERESINA;CACIQUE PETROLEO LTDA; 06.656.656/0003-05;AVENIDA PRESIDENTE KENNEDY;1944;;SAO CRISTOVAO;64052-800;GASOLINA;05/01/2026;5,89;;R$ / litro;VIBRA
NE;PI;TERESINA;CACIQUE PETROLEO LTDA; 06.656.656/0003-05;AVENIDA PRESIDENTE KENNEDY;1944;;SAO CRISTOVAO;64052-800;GASOLINA ADITIVADA;05/01/2026;6,09;;R$ / litro;VIBRA
NE;PI;TERESINA;CACIQUE PETROLEO LTDA; 06.656.656/0003-05;AVENIDA PRESIDENTE KENNEDY;1944;;SAO CRISTOVAO;64052-800;ETANOL;05/01/2026;4,59;;R$ / litro;VIBRA
NE;PI;TERESINA;CACIQUE PETROLEO LTDA; 06.656.656/0009-09;AVENIDA MIGUEL ROSA;6185;SUL;;64001-973;GASOLINA;08/01/2026;5,89;;R$ / litro;VIBRA
NE;PI;TERESINA;CACIQUE PETROLEO LTDA; 06.656.656/0009-09;AVENIDA MIGUEL ROSA;6185;SUL;;64001-973;GASOLINA ADITIVADA;08/01/2026;5,99;;R$ / litro;VIBRA
NE;PI;TERESINA;CACIQUE PETROLEO LTDA; 06.656.656/0009-09;AVENIDA MIGUEL ROSA;6185;SUL;;64001-973;DIESEL;08/01/2026;6,39;;R$ / litro;VIBRA
NE;PI;TERESINA;CACIQUE PETROLEO LTDA; 06.656.656/0009-09;AVENIDA MIGUEL ROSA;6185;SUL;;64001-973;ETANOL;08/01/2026;4,59;;R$ / litro;VIBRA
NE;PI;TERESINA;CACIQUE PETROLEO LTDA; 06.656.656/0012-04;AVENIDA RUI BARBOSA;1662;;VILA OPERARIA;64076-410;GASOLINA;07/01/2026;5,89;;R$ / litro;VIBRA
NE;PI;TERESINA;CACIQUE PETROLEO LTDA; 06.656.656/0012-04;AVENIDA RUI BARBOSA;1662;;VILA OPERARIA;64076-410;GASOLINA ADITIVADA;07/01/2026;6,29;;R$ / litro;VIBRA
NE;PI;TERESINA;CACIQUE PETROLEO LTDA; 06.656.656/0012-04;AVENIDA RUI BARBOSA;1662;;VILA OPERARIA;64076-410;ETANOL;07/01/2026;4,49;;R$ / litro;VIBRA
NE;PI;TERESINA;CACIQUE PETROLEO LTDA; 06.656.656/0002-24;AVENIDA MIGUEL ROSA;3833;SUL;PICARRA;64001-973;GASOLINA;07/01/2026;5,89;;R$ / litro;VIBRA
NE;PI;TERESINA;CACIQUE PETROLEO LTDA; 06.656.656/0002-24;AVENIDA MIGUEL ROSA;3833;SUL;PICARRA;64001-973;GASOLINA ADITIVADA;07/01/2026;6,29;;R$ / litro;VIBRA
NE;PI;TERESINA;CACIQUE PETROLEO LTDA; 06.656.656/0002-24;AVENIDA MIGUEL ROSA;3833;SUL;PICARRA;64001-973;ETANOL;07/01/2026;4,49;;R$ / litro;VIBRA
NE;PI;TERESINA;CLEONICE FERREIRA SILVA; 03.171.610/0001-46;AVENIDA BARAO DE GURGUEIA;2635;;VERMELHA;64018-500;GASOLINA;08/01/2026;5,79;;R$ / litro;BRANCA
NE;PI;TERESINA;CLEONICE FERREIRA SILVA; 03.171.610/0001-46;AVENIDA BARAO DE GURGUEIA;2635;;VERMELHA;64018-500;GASOLINA ADITIVADA;08/01/2026;5,89;;R$ / litro;BRANCA
NE;PI;TERESINA;CLEONICE FERREIRA SILVA; 03.171.610/0001-46;AVENIDA BARAO DE GURGUEIA;2635;;VERMELHA;64018-500;DIESEL;08/01/2026;5,99;;R$ / litro;BRANCA
NE;PI;TERESINA;CLEONICE FERREIRA SILVA; 03.171.610/0001-46;AVENIDA BARAO DE GURGUEIA;2635;;VERMELHA;64018-500;DIESEL S10;08/01/2026;6,09;;R$ / litro;BRANCA
NE;PI;TERESINA;CLEONICE FERREIRA SILVA; 03.171.610/0001-46;AVENIDA BARAO DE GURGUEIA;2635;;VERMELHA;64018-500;ETANOL;08/01/2026;4,39;;R$ / litro;BRANCA
NE;PI;TERESINA;POSTO HIDROLANDIA LTDA; 03.069.763/0001-87;AVENIDA PREFEITO WALL FERRAZ;8570;SUL;LOURIVAL PARENTE;64022-145;GASOLINA;08/01/2026;5,89;;R$ / litro;IPIRANGA
NE;PI;TERESINA;POSTO HIDROLANDIA LTDA; 03.069.763/0001-87;AVENIDA PREFEITO WALL FERRAZ;8570;SUL;LOURIVAL PARENTE;64022-145;GASOLINA ADITIVADA;08/01/2026;6,19;;R$ / litro;IPIRANGA
NE;PI;TERESINA;POSTO HIDROLANDIA LTDA; 03.069.763/0001-87;AVENIDA PREFEITO WALL FERRAZ;8570;SUL;LOURIVAL PARENTE;64022-145;DIESEL;08/01/2026;5,95;;R$ / litro;IPIRANGA
NE;PI;TERESINA;POSTO HIDROLANDIA LTDA; 03.069.763/0001-87;AVENIDA PREFEITO WALL FERRAZ;8570;SUL;LOURIVAL PARENTE;64022-145;DIESEL S10;08/01/2026;5,99;;R$ / litro;IPIRANGA
NE;PI;TERESINA;POSTO HIDROLANDIA LTDA; 03.069.763/0001-87;AVENIDA PREFEITO WALL FERRAZ;8570;SUL;LOURIVAL PARENTE;64022-145;ETANOL;08/01/2026;4,49;;R$ / litro;IPIRANGA
NE;PI;TERESINA;JUNCO COMERCIAL LTDA; 02.760.727/0001-00;RUA JOAQUIM NELSON;2121;;PARQUE IDEAL;64078-625;GASOLINA;08/01/2026;5,79;;R$ / litro;VIBRA
NE;PI;TERESINA;JUNCO COMERCIAL LTDA; 02.760.727/0001-00;RUA JOAQUIM NELSON;2121;;PARQUE IDEAL;64078-625;GASOLINA ADITIVADA;08/01/2026;6,09;;R$ / litro;VIBRA
NE;PI;TERESINA;JUNCO COMERCIAL LTDA; 02.760.727/0001-00;RUA JOAQUIM NELSON;2121;;PARQUE IDEAL;64078-625;DIESEL S10;08/01/2026;5,99;;R$ / litro;VIBRA
NE;PI;TERESINA;JUNCO COMERCIAL LTDA; 02.760.727/0001-00;RUA JOAQUIM NELSON;2121;;PARQUE IDEAL;64078-625;ETANOL;08/01/2026;4,59;;R$ / litro;VIBRA
NE;PI;TERESINA;FCN.X CARVALHO COMBUSTIVEL LTDA; 09.641.208/0001-64;AVENIDA HOMERO CASTELO BRANCO;630;SALA  C;SAO CRISTOVAO;64048-400;GASOLINA;05/01/2026;5,99;;R$ / litro;VIBRA
NE;PI;TERESINA;FCN.X CARVALHO COMBUSTIVEL LTDA; 09.641.208/0001-64;AVENIDA HOMERO CASTELO BRANCO;630;SALA  C;SAO CRISTOVAO;64048-400;GASOLINA ADITIVADA;05/01/2026;6,39;;R$ / litro;VIBRA
NE;PI;TERESINA;FCN.X CARVALHO COMBUSTIVEL LTDA; 09.641.208/0001-64;AVENIDA HOMERO CASTELO BRANCO;630;SALA  C;SAO CRISTOVAO;64048-400;ETANOL;05/01/2026;4,79;;R$ / litro;VIBRA
NE;PI;TERESINA;POSTO CERTO LTDA; 08.610.754/0001-75;AVENIDA JOAO XXIII;2180;;NOIVOS;64045-000;GASOLINA;05/01/2026;5,78;;R$ / litro;SABBÁ
NE;PI;TERESINA;POSTO CERTO LTDA; 08.610.754/0001-75;AVENIDA JOAO XXIII;2180;;NOIVOS;64045-000;GASOLINA ADITIVADA;05/01/2026;6,08;;R$ / litro;SABBÁ
NE;PI;TERESINA;POSTO CERTO LTDA; 08.610.754/0001-75;AVENIDA JOAO XXIII;2180;;NOIVOS;64045-000;DIESEL S10;05/01/2026;5,99;;R$ / litro;SABBÁ
NE;PI;TERESINA;POSTO CERTO LTDA; 08.610.754/0001-75;AVENIDA JOAO XXIII;2180;;NOIVOS;64045-000;ETANOL;05/01/2026;4,39;;R$ / litro;SABBÁ
NE;PI;TERESINA;JUNCO COMERCIAL LTDA; 02.760.727/0002-83;AVENIDA MARANHAO;900;;CENTRO/N;64000-010;GASOLINA;07/01/2026;5,85;;R$ / litro;VIBRA
NE;PI;TERESINA;JUNCO COMERCIAL LTDA; 02.760.727/0002-83;AVENIDA MARANHAO;900;;CENTRO/N;64000-010;GASOLINA ADITIVADA;07/01/2026;6,19;;R$ / litro;VIBRA
NE;PI;TERESINA;JUNCO COMERCIAL LTDA; 02.760.727/0002-83;AVENIDA MARANHAO;900;;CENTRO/N;64000-010;ETANOL;07/01/2026;4,59;;R$ / litro;VIBRA
NE;PI;TERESINA;CACIQUE PETROLEO LTDA; 06.656.656/0018-91;RUA OLAVO BILAC;989;SUL;CENTRO;64001-280;GASOLINA;08/01/2026;5,89;;R$ / litro;VIBRA
NE;PI;TERESINA;CACIQUE PETROLEO LTDA; 06.656.656/0018-91;RUA OLAVO BILAC;989;SUL;CENTRO;64001-280;GASOLINA ADITIVADA;08/01/2026;6,19;;R$ / litro;VIBRA
NE;PI;TERESINA;CACIQUE PETROLEO LTDA; 06.656.656/0018-91;RUA OLAVO BILAC;989;SUL;CENTRO;64001-280;ETANOL;08/01/2026;4,49;;R$ / litro;VIBRA
NE;PI;TERESINA;CACIQUE PETROLEO LTDA; 06.656.656/0019-72;AVENIDA LINDOLFO MONTEIRO;990;;FATIMA;64049-440;GASOLINA;05/01/2026;5,99;;R$ / litro;VIBRA
NE;PI;TERESINA;CACIQUE PETROLEO LTDA; 06.656.656/0019-72;AVENIDA LINDOLFO MONTEIRO;990;;FATIMA;64049-440;GASOLINA ADITIVADA;05/01/2026;6,39;;R$ / litro;VIBRA
NE;PI;TERESINA;CACIQUE PETROLEO LTDA; 06.656.656/0019-72;AVENIDA LINDOLFO MONTEIRO;990;;FATIMA;64049-440;DIESEL;05/01/2026;6,54;;R$ / litro;VIBRA
NE;PI;TERESINA;CACIQUE PETROLEO LTDA; 06.656.656/0019-72;AVENIDA LINDOLFO MONTEIRO;990;;FATIMA;64049-440;ETANOL;05/01/2026;4,79;;R$ / litro;VIBRA
NE;PI;TERESINA;ROCHA & RESPLANDES LTDA.; 13.713.560/0001-35;AV. PREFEITO FREITAS NETO;21;QD 13 CS 21/22;MOCAMBINHO;64010-100;GASOLINA;07/01/2026;5,99;;R$ / litro;VIBRA
NE;PI;TERESINA;ROCHA & RESPLANDES LTDA.; 13.713.560/0001-35;AV. PREFEITO FREITAS NETO;21;QD 13 CS 21/22;MOCAMBINHO;64010-100;GASOLINA ADITIVADA;07/01/2026;6,19;;R$ / litro;VIBRA
NE;PI;TERESINA;ROCHA & RESPLANDES LTDA.; 13.713.560/0001-35;AV. PREFEITO FREITAS NETO;21;QD 13 CS 21/22;MOCAMBINHO;64010-100;DIESEL S10;07/01/2026;6,19;;R$ / litro;VIBRA
NE;PI;TERESINA;ROCHA & RESPLANDES LTDA.; 13.713.560/0001-35;AV. PREFEITO FREITAS NETO;21;QD 13 CS 21/22;MOCAMBINHO;64010-100;ETANOL;07/01/2026;4,49;;R$ / litro;VIBRA
NE;PI;TERESINA;CACIQUE PETROLEO LTDA; 06.656.656/0020-06;AVENIDA DEPUTADO PAULO FERRAZ;2907;;SAO RAIMUNDO;64075-005;GASOLINA;08/01/2026;5,89;;R$ / litro;IPIRANGA
NE;PI;TERESINA;CACIQUE PETROLEO LTDA; 06.656.656/0020-06;AVENIDA DEPUTADO PAULO FERRAZ;2907;;SAO RAIMUNDO;64075-005;GASOLINA ADITIVADA;08/01/2026;6,29;;R$ / litro;IPIRANGA
NE;PI;TERESINA;CACIQUE PETROLEO LTDA; 06.656.656/0020-06;AVENIDA DEPUTADO PAULO FERRAZ;2907;;SAO RAIMUNDO;64075-005;DIESEL;08/01/2026;5,97;;R$ / litro;IPIRANGA
NE;PI;TERESINA;CACIQUE PETROLEO LTDA; 06.656.656/0020-06;AVENIDA DEPUTADO PAULO FERRAZ;2907;;SAO RAIMUNDO;64075-005;ETANOL;08/01/2026;4,59;;R$ / litro;IPIRANGA
NE;PI;TERESINA;CACIQUE PETROLEO LTDA; 06.656.656/0021-97;AVENIDA PREFEITO WALL FERRAZ;15900;;ANGELIM;64040-840;GASOLINA;08/01/2026;5,99;;R$ / litro;IPIRANGA
NE;PI;TERESINA;CACIQUE PETROLEO LTDA; 06.656.656/0021-97;AVENIDA PREFEITO WALL FERRAZ;15900;;ANGELIM;64040-840;DIESEL;08/01/2026;6,27;;R$ / litro;IPIRANGA
NE;PI;TERESINA;CACIQUE PETROLEO LTDA; 06.656.656/0021-97;AVENIDA PREFEITO WALL FERRAZ;15900;;ANGELIM;64040-840;ETANOL;08/01/2026;4,68;;R$ / litro;IPIRANGA
NE;PI;TERESINA;COMPANHIA BRASILEIRA DE DISTRIBUICAO; 47.508.411/1563-26;AVENIDA PRESIDENTE KENNEDY;501;PARTE II;SAO CRISTOVAO;64052-345;GASOLINA;05/01/2026;5,73;;R$ / litro;IPIRANGA
NE;PI;TERESINA;COMPANHIA BRASILEIRA DE DISTRIBUICAO; 47.508.411/1563-26;AVENIDA PRESIDENTE KENNEDY;501;PARTE II;SAO CRISTOVAO;64052-345;GASOLINA ADITIVADA;05/01/2026;5,93;;R$ / litro;IPIRANGA
NE;PI;TERESINA;COMPANHIA BRASILEIRA DE DISTRIBUICAO; 47.508.411/1563-26;AVENIDA PRESIDENTE KENNEDY;501;PARTE II;SAO CRISTOVAO;64052-345;ETANOL;05/01/2026;4,49;;R$ / litro;IPIRANGA
NE;PI;TERESINA;CACIQUE PETROLEO LTDA; 06.656.656/0022-78;AVENIDA DEPUTADO PAULO FERRAZ;1910;;TANCREDO NEVES;64076-005;GASOLINA;08/01/2026;5,89;;R$ / litro;IPIRANGA
NE;PI;TERESINA;CACIQUE PETROLEO LTDA; 06.656.656/0022-78;AVENIDA DEPUTADO PAULO FERRAZ;1910;;TANCREDO NEVES;64076-005;GASOLINA ADITIVADA;08/01/2026;6,29;;R$ / litro;IPIRANGA
NE;PI;TERESINA;CACIQUE PETROLEO LTDA; 06.656.656/0022-78;AVENIDA DEPUTADO PAULO FERRAZ;1910;;TANCREDO NEVES;64076-005;DIESEL;08/01/2026;5,97;;R$ / litro;IPIRANGA
NE;PI;TERESINA;CACIQUE PETROLEO LTDA; 06.656.656/0022-78;AVENIDA DEPUTADO PAULO FERRAZ;1910;;TANCREDO NEVES;64076-005;ETANOL;08/01/2026;4,59;;R$ / litro;IPIRANGA
NE;PI;TERESINA;COMERCIO CARVALHO LTDA; 06.511.885/0013-03;RUA JERUMENHA;4590;LETRA A;BUENOS AIRES;64008-300;GASOLINA;07/01/2026;5,99;;R$ / litro;VIBRA
NE;PI;TERESINA;COMERCIO CARVALHO LTDA; 06.511.885/0013-03;RUA JERUMENHA;4590;LETRA A;BUENOS AIRES;64008-300;GASOLINA ADITIVADA;07/01/2026;6,19;;R$ / litro;VIBRA
NE;PI;TERESINA;COMERCIO CARVALHO LTDA; 06.511.885/0013-03;RUA JERUMENHA;4590;LETRA A;BUENOS AIRES;64008-300;ETANOL;07/01/2026;4,89;;R$ / litro;VIBRA
NE;PI;TERESINA;CACIQUE PETROLEO LTDA; 06.656.656/0027-82;AVENIDA PREFEITO WALL FERRAZ;15100;;ANGELIM;64040-840;GASOLINA;08/01/2026;5,99;;R$ / litro;IPIRANGA
NE;PI;TERESINA;CACIQUE PETROLEO LTDA; 06.656.656/0027-82;AVENIDA PREFEITO WALL FERRAZ;15100;;ANGELIM;64040-840;DIESEL;08/01/2026;5,99;;R$ / litro;IPIRANGA
NE;PI;TERESINA;NEIVA & BRITO COMBUSTIVEIS LTDA; 32.237.402/0001-09;AVENIDA ZEQUINHA FREIRE;3419;;SATELITE;64059-310;GASOLINA;07/01/2026;5,98;;R$ / litro;BRANCA
NE;PI;TERESINA;NEIVA & BRITO COMBUSTIVEIS LTDA; 32.237.402/0001-09;AVENIDA ZEQUINHA FREIRE;3419;;SATELITE;64059-310;GASOLINA ADITIVADA;07/01/2026;6,18;;R$ / litro;BRANCA
NE;PI;TERESINA;NEIVA & BRITO COMBUSTIVEIS LTDA; 32.237.402/0001-09;AVENIDA ZEQUINHA FREIRE;3419;;SATELITE;64059-310;DIESEL S10;07/01/2026;6,08;;R$ / litro;BRANCA
NE;PI;TERESINA;NEIVA & BRITO COMBUSTIVEIS LTDA; 32.237.402/0001-09;AVENIDA ZEQUINHA FREIRE;3419;;SATELITE;64059-310;ETANOL;07/01/2026;4,58;;R$ / litro;BRANCA
NE;PI;TERESINA;POSTO DE COMBUSTIVEL AGUIA LTDA; 28.985.753/0001-12;AVENIDA HOMERO CASTELO BRANCO;2101;LETRA A;FATIMA;64049-505;GASOLINA;05/01/2026;6,09;;R$ / litro;IPIRANGA
NE;PI;TERESINA;POSTO DE COMBUSTIVEL AGUIA LTDA; 28.985.753/0001-12;AVENIDA HOMERO CASTELO BRANCO;2101;LETRA A;FATIMA;64049-505;GASOLINA ADITIVADA;05/01/2026;6,19;;R$ / litro;IPIRANGA
NE;PI;TERESINA;POSTO DE COMBUSTIVEL AGUIA LTDA; 28.985.753/0001-12;AVENIDA HOMERO CASTELO BRANCO;2101;LETRA A;FATIMA;64049-505;DIESEL S10;05/01/2026;6,79;;R$ / litro;IPIRANGA
NE;PI;TERESINA;POSTO DE COMBUSTIVEL AGUIA LTDA; 28.985.753/0001-12;AVENIDA HOMERO CASTELO BRANCO;2101;LETRA A;FATIMA;64049-505;ETANOL;05/01/2026;4,69;;R$ / litro;IPIRANGA
NE;PI;TERESINA;CACIQUE PETROLEO LTDA; 06.656.656/0029-44;RUA JAIME DA SILVEIRA;864;;SANTA ISABEL;64053-280;GASOLINA;07/01/2026;5,89;;R$ / litro;VIBRA
NE;PI;TERESINA;CACIQUE PETROLEO LTDA; 06.656.656/0029-44;RUA JAIME DA SILVEIRA;864;;SANTA ISABEL;64053-280;GASOLINA ADITIVADA;07/01/2026;6,19;;R$ / litro;VIBRA
NE;PI;TERESINA;CACIQUE PETROLEO LTDA; 06.656.656/0029-44;RUA JAIME DA SILVEIRA;864;;SANTA ISABEL;64053-280;ETANOL;07/01/2026;4,49;;R$ / litro;VIBRA
NE;PI;TERESINA;JESUS JOSE NOGUEIRA JUNIOR LTDA; 38.635.568/0001-51;AVENIDA SENADOR AREA LEAO;2140;;SAO CRISTOVAO;64051-090;GASOLINA;05/01/2026;5,89;;R$ / litro;VIBRA
NE;PI;TERESINA;JESUS JOSE NOGUEIRA JUNIOR LTDA; 38.635.568/0001-51;AVENIDA SENADOR AREA LEAO;2140;;SAO CRISTOVAO;64051-090;GASOLINA ADITIVADA;05/01/2026;6,29;;R$ / litro;VIBRA
NE;PI;TERESINA;JESUS JOSE NOGUEIRA JUNIOR LTDA; 38.635.568/0001-51;AVENIDA SENADOR AREA LEAO;2140;;SAO CRISTOVAO;64051-090;DIESEL S10;05/01/2026;6,24;;R$ / litro;VIBRA
NE;PI;TERESINA;JESUS JOSE NOGUEIRA JUNIOR LTDA; 38.635.568/0001-51;AVENIDA SENADOR AREA LEAO;2140;;SAO CRISTOVAO;64051-090;ETANOL;05/01/2026;4,59;;R$ / litro;VIBRA
NE;PI;TERESINA;CACIQUE PETROLEO LTDA; 06.656.656/0033-20;AVENIDA JOAO XXIII;805;;NOIVOS;64045-000;GASOLINA;07/01/2026;5,99;;R$ / litro;SABBÁ
NE;PI;TERESINA;CACIQUE PETROLEO LTDA; 06.656.656/0033-20;AVENIDA JOAO XXIII;805;;NOIVOS;64045-000;GASOLINA ADITIVADA;07/01/2026;6,39;;R$ / litro;SABBÁ
NE;PI;TERESINA;CACIQUE PETROLEO LTDA; 06.656.656/0033-20;AVENIDA JOAO XXIII;805;;NOIVOS;64045-000;DIESEL S10;07/01/2026;6,39;;R$ / litro;SABBÁ
NE;PI;TERESINA;CACIQUE PETROLEO LTDA; 06.656.656/0033-20;AVENIDA JOAO XXIII;805;;NOIVOS;64045-000;ETANOL;07/01/2026;4,59;;R$ / litro;SABBÁ
NE;PI;TERESINA;POSTO JOIA LTDA; 08.965.723/0001-37;RUA ENGENHEIRO ALVES DE NORONHA;5102;;BUENOS AIRES;64008-400;GASOLINA;14/01/2026;5,89;;R$ / litro;SABBÁ
NE;PI;TERESINA;POSTO JOIA LTDA; 08.965.723/0001-37;RUA ENGENHEIRO ALVES DE NORONHA;5102;;BUENOS AIRES;64008-400;ETANOL;14/01/2026;4,34;;R$ / litro;SABBÁ
NE;PI;TERESINA;S P MAGALHAES EMPREENDIMENTOS LTDA; 10.978.518/0001-58;AVENIDA JOAO XXIII;1520;0;SÃO CRISTÓVÃO;64045-000;GASOLINA;12/01/2026;5,86;;R$ / litro;SABBÁ
NE;PI;TERESINA;S P MAGALHAES EMPREENDIMENTOS LTDA; 10.978.518/0001-58;AVENIDA JOAO XXIII;1520;0;SÃO CRISTÓVÃO;64045-000;GASOLINA ADITIVADA;12/01/2026;6,06;;R$ / litro;SABBÁ
NE;PI;TERESINA;S P MAGALHAES EMPREENDIMENTOS LTDA; 10.978.518/0001-58;AVENIDA JOAO XXIII;1520;0;SÃO CRISTÓVÃO;64045-000;ETANOL;12/01/2026;4,57;;R$ / litro;SABBÁ
NE;PI;TERESINA;TRANSSERVICE PETROLEO LTDA; 02.927.004/0001-45;AVENIDA BARAO DE GURGUEIA;2300;;SAO PEDRO;64019-350;GASOLINA;15/01/2026;5,89;;R$ / litro;BRANCA
NE;PI;TERESINA;TRANSSERVICE PETROLEO LTDA; 02.927.004/0001-45;AVENIDA BARAO DE GURGUEIA;2300;;SAO PEDRO;64019-350;GASOLINA ADITIVADA;15/01/2026;5,89;;R$ / litro;BRANCA
NE;PI;TERESINA;TRANSSERVICE PETROLEO LTDA; 02.927.004/0001-45;AVENIDA BARAO DE GURGUEIA;2300;;SAO PEDRO;64019-350;DIESEL;15/01/2026;6,04;;R$ / litro;BRANCA
NE;PI;TERESINA;TRANSSERVICE PETROLEO LTDA; 02.927.004/0001-45;AVENIDA BARAO DE GURGUEIA;2300;;SAO PEDRO;64019-350;DIESEL S10;15/01/2026;6,06;;R$ / litro;BRANCA
NE;PI;TERESINA;TRANSSERVICE PETROLEO LTDA; 02.927.004/0001-45;AVENIDA BARAO DE GURGUEIA;2300;;SAO PEDRO;64019-350;ETANOL;15/01/2026;4,44;;R$ / litro;BRANCA
NE;PI;TERESINA;SAO FRANCISCO PETROLEO LTDA; 10.336.626/0001-27;AVENIDA FREI SERAFIM;2474;;CENTRO;64001-020;GASOLINA;12/01/2026;5,94;;R$ / litro;VIBRA
NE;PI;TERESINA;SAO FRANCISCO PETROLEO LTDA; 10.336.626/0001-27;AVENIDA FREI SERAFIM;2474;;CENTRO;64001-020;GASOLINA ADITIVADA;12/01/2026;6,19;;R$ / litro;VIBRA
NE;PI;TERESINA;SAO FRANCISCO PETROLEO LTDA; 10.336.626/0001-27;AVENIDA FREI SERAFIM;2474;;CENTRO;64001-020;DIESEL S10;12/01/2026;6,39;;R$ / litro;VIBRA
NE;PI;TERESINA;SAO FRANCISCO PETROLEO LTDA; 10.336.626/0001-27;AVENIDA FREI SERAFIM;2474;;CENTRO;64001-020;ETANOL;12/01/2026;4,59;;R$ / litro;VIBRA
NE;PI;TERESINA;CACIQUE PETROLEO LTDA; 06.656.656/0004-96;AVENIDA MIGUEL ROSA;3768;SUL;PICARRA;64001-973;GASOLINA;14/01/2026;5,89;;R$ / litro;VIBRA
NE;PI;TERESINA;CACIQUE PETROLEO LTDA; 06.656.656/0004-96;AVENIDA MIGUEL ROSA;3768;SUL;PICARRA;64001-973;GASOLINA ADITIVADA;14/01/2026;6,19;;R$ / litro;VIBRA
NE;PI;TERESINA;CACIQUE PETROLEO LTDA; 06.656.656/0004-96;AVENIDA MIGUEL ROSA;3768;SUL;PICARRA;64001-973;ETANOL;14/01/2026;4,49;;R$ / litro;VIBRA
NE;PI;TERESINA;CACIQUE PETROLEO LTDA; 06.656.656/0003-05;AVENIDA PRESIDENTE KENNEDY;1944;;SAO CRISTOVAO;64052-800;GASOLINA;12/01/2026;5,89;;R$ / litro;VIBRA
NE;PI;TERESINA;CACIQUE PETROLEO LTDA; 06.656.656/0003-05;AVENIDA PRESIDENTE KENNEDY;1944;;SAO CRISTOVAO;64052-800;GASOLINA ADITIVADA;12/01/2026;6,09;;R$ / litro;VIBRA
NE;PI;TERESINA;CACIQUE PETROLEO LTDA; 06.656.656/0003-05;AVENIDA PRESIDENTE KENNEDY;1944;;SAO CRISTOVAO;64052-800;ETANOL;12/01/2026;4,59;;R$ / litro;VIBRA
NE;PI;TERESINA;CACIQUE PETROLEO LTDA; 06.656.656/0009-09;AVENIDA MIGUEL ROSA;6185;SUL;;64001-973;GASOLINA;15/01/2026;5,89;;R$ / litro;VIBRA
NE;PI;TERESINA;CACIQUE PETROLEO LTDA; 06.656.656/0009-09;AVENIDA MIGUEL ROSA;6185;SUL;;64001-973;GASOLINA ADITIVADA;15/01/2026;5,99;;R$ / litro;VIBRA
NE;PI;TERESINA;CACIQUE PETROLEO LTDA; 06.656.656/0009-09;AVENIDA MIGUEL ROSA;6185;SUL;;64001-973;DIESEL;15/01/2026;6,39;;R$ / litro;VIBRA
NE;PI;TERESINA;CACIQUE PETROLEO LTDA; 06.656.656/0009-09;AVENIDA MIGUEL ROSA;6185;SUL;;64001-973;ETANOL;15/01/2026;4,59;;R$ / litro;VIBRA
NE;PI;TERESINA;CACIQUE PETROLEO LTDA; 06.656.656/0012-04;AVENIDA RUI BARBOSA;1662;;VILA OPERARIA;64076-410;GASOLINA;14/01/2026;5,89;;R$ / litro;VIBRA
NE;PI;TERESINA;CACIQUE PETROLEO LTDA; 06.656.656/0012-04;AVENIDA RUI BARBOSA;1662;;VILA OPERARIA;64076-410;GASOLINA ADITIVADA;14/01/2026;6,29;;R$ / litro;VIBRA
NE;PI;TERESINA;CACIQUE PETROLEO LTDA; 06.656.656/0012-04;AVENIDA RUI BARBOSA;1662;;VILA OPERARIA;64076-410;ETANOL;14/01/2026;4,49;;R$ / litro;VIBRA
NE;PI;TERESINA;CACIQUE PETROLEO LTDA; 06.656.656/0002-24;AVENIDA MIGUEL ROSA;3833;SUL;PICARRA;64001-973;GASOLINA;14/01/2026;5,89;;R$ / litro;VIBRA
NE;PI;TERESINA;CACIQUE PETROLEO LTDA; 06.656.656/0002-24;AVENIDA MIGUEL ROSA;3833;SUL;PICARRA;64001-973;GASOLINA ADITIVADA;14/01/2026;6,29;;R$ / litro;VIBRA
NE;PI;TERESINA;CACIQUE PETROLEO LTDA; 06.656.656/0002-24;AVENIDA MIGUEL ROSA;3833;SUL;PICARRA;64001-973;ETANOL;14/01/2026;4,49;;R$ / litro;VIBRA
NE;PI;TERESINA;CLEONICE FERREIRA SILVA; 03.171.610/0001-46;AVENIDA BARAO DE GURGUEIA;2635;;VERMELHA;64018-500;GASOLINA;15/01/2026;5,89;;R$ / litro;BRANCA
NE;PI;TERESINA;CLEONICE FERREIRA SILVA; 03.171.610/0001-46;AVENIDA BARAO DE GURGUEIA;2635;;VERMELHA;64018-500;GASOLINA ADITIVADA;15/01/2026;5,99;;R$ / litro;BRANCA
NE;PI;TERESINA;CLEONICE FERREIRA SILVA; 03.171.610/0001-46;AVENIDA BARAO DE GURGUEIA;2635;;VERMELHA;64018-500;DIESEL;15/01/2026;5,99;;R$ / litro;BRANCA
NE;PI;TERESINA;CLEONICE FERREIRA SILVA; 03.171.610/0001-46;AVENIDA BARAO DE GURGUEIA;2635;;VERMELHA;64018-500;DIESEL S10;15/01/2026;6,09;;R$ / litro;BRANCA
NE;PI;TERESINA;CLEONICE FERREIRA SILVA; 03.171.610/0001-46;AVENIDA BARAO DE GURGUEIA;2635;;VERMELHA;64018-500;ETANOL;15/01/2026;4,49;;R$ / litro;BRANCA
NE;PI;TERESINA;POSTO HIDROLANDIA LTDA; 03.069.763/0001-87;AVENIDA PREFEITO WALL FERRAZ;8570;SUL;LOURIVAL PARENTE;64022-145;GASOLINA;15/01/2026;5,89;;R$ / litro;IPIRANGA
NE;PI;TERESINA;POSTO HIDROLANDIA LTDA; 03.069.763/0001-87;AVENIDA PREFEITO WALL FERRAZ;8570;SUL;LOURIVAL PARENTE;64022-145;GASOLINA ADITIVADA;15/01/2026;6,19;;R$ / litro;IPIRANGA
NE;PI;TERESINA;POSTO HIDROLANDIA LTDA; 03.069.763/0001-87;AVENIDA PREFEITO WALL FERRAZ;8570;SUL;LOURIVAL PARENTE;64022-145;DIESEL;15/01/2026;5,95;;R$ / litro;IPIRANGA
NE;PI;TERESINA;POSTO HIDROLANDIA LTDA; 03.069.763/0001-87;AVENIDA PREFEITO WALL FERRAZ;8570;SUL;LOURIVAL PARENTE;64022-145;DIESEL S10;15/01/2026;5,99;;R$ / litro;IPIRANGA
NE;PI;TERESINA;POSTO HIDROLANDIA LTDA; 03.069.763/0001-87;AVENIDA PREFEITO WALL FERRAZ;8570;SUL;LOURIVAL PARENTE;64022-145;ETANOL;15/01/2026;4,49;;R$ / litro;IPIRANGA
NE;PI;TERESINA;JUNCO COMERCIAL LTDA; 02.760.727/0001-00;RUA JOAQUIM NELSON;2121;;PARQUE IDEAL;64078-625;GASOLINA;15/01/2026;5,89;;R$ / litro;VIBRA
NE;PI;TERESINA;JUNCO COMERCIAL LTDA; 02.760.727/0001-00;RUA JOAQUIM NELSON;2121;;PARQUE IDEAL;64078-625;GASOLINA ADITIVADA;15/01/2026;6,19;;R$ / litro;VIBRA
NE;PI;TERESINA;JUNCO COMERCIAL LTDA; 02.760.727/0001-00;RUA JOAQUIM NELSON;2121;;PARQUE IDEAL;64078-625;DIESEL S10;15/01/2026;5,99;;R$ / litro;VIBRA
NE;PI;TERESINA;JUNCO COMERCIAL LTDA; 02.760.727/0001-00;RUA JOAQUIM NELSON;2121;;PARQUE IDEAL;64078-625;ETANOL;15/01/2026;4,59;;R$ / litro;VIBRA
NE;PI;TERESINA;MOURA SOUSA E BONFIM LTDA; 01.416.988/0001-37;RODOVIA BR 343 KM 10;S/N;;RODOVIA;64045-970;GASOLINA;15/01/2026;5,69;;R$ / litro;ALE
NE;PI;TERESINA;MOURA SOUSA E BONFIM LTDA; 01.416.988/0001-37;RODOVIA BR 343 KM 10;S/N;;RODOVIA;64045-970;GASOLINA ADITIVADA;15/01/2026;6,09;;R$ / litro;ALE
NE;PI;TERESINA;MOURA SOUSA E BONFIM LTDA; 01.416.988/0001-37;RODOVIA BR 343 KM 10;S/N;;RODOVIA;64045-970;DIESEL;15/01/2026;5,84;;R$ / litro;ALE
NE;PI;TERESINA;MOURA SOUSA E BONFIM LTDA; 01.416.988/0001-37;RODOVIA BR 343 KM 10;S/N;;RODOVIA;64045-970;DIESEL S10;15/01/2026;5,89;;R$ / litro;ALE
NE;PI;TERESINA;MOURA SOUSA E BONFIM LTDA; 01.416.988/0001-37;RODOVIA BR 343 KM 10;S/N;;RODOVIA;64045-970;ETANOL;15/01/2026;4,67;;R$ / litro;ALE
NE;PI;TERESINA;FCN.X CARVALHO COMBUSTIVEL LTDA; 09.641.208/0001-64;AVENIDA HOMERO CASTELO BRANCO;630;SALA  C;SAO CRISTOVAO;64048-400;GASOLINA;12/01/2026;5,99;;R$ / litro;VIBRA
NE;PI;TERESINA;FCN.X CARVALHO COMBUSTIVEL LTDA; 09.641.208/0001-64;AVENIDA HOMERO CASTELO BRANCO;630;SALA  C;SAO CRISTOVAO;64048-400;GASOLINA ADITIVADA;12/01/2026;6,39;;R$ / litro;VIBRA
NE;PI;TERESINA;FCN.X CARVALHO COMBUSTIVEL LTDA; 09.641.208/0001-64;AVENIDA HOMERO CASTELO BRANCO;630;SALA  C;SAO CRISTOVAO;64048-400;ETANOL;12/01/2026;4,79;;R$ / litro;VIBRA
NE;PI;TERESINA;POSTO CERTO LTDA; 08.610.754/0001-75;AVENIDA JOAO XXIII;2180;;NOIVOS;64045-000;GASOLINA;12/01/2026;5,88;;R$ / litro;SABBÁ
NE;PI;TERESINA;POSTO CERTO LTDA; 08.610.754/0001-75;AVENIDA JOAO XXIII;2180;;NOIVOS;64045-000;GASOLINA ADITIVADA;12/01/2026;6,18;;R$ / litro;SABBÁ
NE;PI;TERESINA;POSTO CERTO LTDA; 08.610.754/0001-75;AVENIDA JOAO XXIII;2180;;NOIVOS;64045-000;DIESEL S10;12/01/2026;5,99;;R$ / litro;SABBÁ
NE;PI;TERESINA;POSTO CERTO LTDA; 08.610.754/0001-75;AVENIDA JOAO XXIII;2180;;NOIVOS;64045-000;ETANOL;12/01/2026;4,49;;R$ / litro;SABBÁ
NE;PI;TERESINA;JUNCO COMERCIAL LTDA; 02.760.727/0002-83;AVENIDA MARANHAO;900;;CENTRO/N;64000-010;GASOLINA;14/01/2026;5,85;;R$ / litro;VIBRA
NE;PI;TERESINA;JUNCO COMERCIAL LTDA; 02.760.727/0002-83;AVENIDA MARANHAO;900;;CENTRO/N;64000-010;GASOLINA ADITIVADA;14/01/2026;6,19;;R$ / litro;VIBRA
NE;PI;TERESINA;JUNCO COMERCIAL LTDA; 02.760.727/0002-83;AVENIDA MARANHAO;900;;CENTRO/N;64000-010;ETANOL;14/01/2026;4,59;;R$ / litro;VIBRA
NE;PI;TERESINA;G. & S. PETROLEO LTDA; 10.919.164/0001-70;AVENIDA SANTOS DUMONT;480;;VILA OPERARIA;64002-200;GASOLINA;14/01/2026;5,78;;R$ / litro;VIBRA
NE;PI;TERESINA;G. & S. PETROLEO LTDA; 10.919.164/0001-70;AVENIDA SANTOS DUMONT;480;;VILA OPERARIA;64002-200;ETANOL;14/01/2026;4,38;;R$ / litro;VIBRA
NE;PI;TERESINA;CACIQUE PETROLEO LTDA; 06.656.656/0018-91;RUA OLAVO BILAC;989;SUL;CENTRO;64001-280;GASOLINA;15/01/2026;5,89;;R$ / litro;VIBRA
NE;PI;TERESINA;CACIQUE PETROLEO LTDA; 06.656.656/0018-91;RUA OLAVO BILAC;989;SUL;CENTRO;64001-280;GASOLINA ADITIVADA;15/01/2026;6,19;;R$ / litro;VIBRA
NE;PI;TERESINA;CACIQUE PETROLEO LTDA; 06.656.656/0018-91;RUA OLAVO BILAC;989;SUL;CENTRO;64001-280;ETANOL;15/01/2026;4,49;;R$ / litro;VIBRA
NE;PI;TERESINA;CACIQUE PETROLEO LTDA; 06.656.656/0019-72;AVENIDA LINDOLFO MONTEIRO;990;;FATIMA;64049-440;GASOLINA;12/01/2026;6,09;;R$ / litro;VIBRA
NE;PI;TERESINA;CACIQUE PETROLEO LTDA; 06.656.656/0019-72;AVENIDA LINDOLFO MONTEIRO;990;;FATIMA;64049-440;GASOLINA ADITIVADA;12/01/2026;6,49;;R$ / litro;VIBRA
NE;PI;TERESINA;CACIQUE PETROLEO LTDA; 06.656.656/0019-72;AVENIDA LINDOLFO MONTEIRO;990;;FATIMA;64049-440;DIESEL;12/01/2026;6,54;;R$ / litro;VIBRA
NE;PI;TERESINA;CACIQUE PETROLEO LTDA; 06.656.656/0019-72;AVENIDA LINDOLFO MONTEIRO;990;;FATIMA;64049-440;ETANOL;12/01/2026;4,79;;R$ / litro;VIBRA
NE;PI;TERESINA;ROCHA & RESPLANDES LTDA.; 13.713.560/0001-35;AV. PREFEITO FREITAS NETO;21;QD 13 CS 21/22;MOCAMBINHO;64010-100;GASOLINA;14/01/2026;6,09;;R$ / litro;VIBRA
NE;PI;TERESINA;ROCHA & RESPLANDES LTDA.; 13.713.560/0001-35;AV. PREFEITO FREITAS NETO;21;QD 13 CS 21/22;MOCAMBINHO;64010-100;GASOLINA ADITIVADA;14/01/2026;6,19;;R$ / litro;VIBRA
NE;PI;TERESINA;ROCHA & RESPLANDES LTDA.; 13.713.560/0001-35;AV. PREFEITO FREITAS NETO;21;QD 13 CS 21/22;MOCAMBINHO;64010-100;DIESEL S10;14/01/2026;6,19;;R$ / litro;VIBRA
NE;PI;TERESINA;ROCHA & RESPLANDES LTDA.; 13.713.560/0001-35;AV. PREFEITO FREITAS NETO;21;QD 13 CS 21/22;MOCAMBINHO;64010-100;ETANOL;14/01/2026;4,79;;R$ / litro;VIBRA
NE;PI;TERESINA;POSTO MAIS SAO JOAQUIM LTDA; 10.405.299/0001-18;RUA RUI BARBOSA;4499;;SAO JOAQUIM;64002-180;GASOLINA;14/01/2026;5,89;;R$ / litro;SABBÁ
NE;PI;TERESINA;POSTO MAIS SAO JOAQUIM LTDA; 10.405.299/0001-18;RUA RUI BARBOSA;4499;;SAO JOAQUIM;64002-180;DIESEL;14/01/2026;5,99;;R$ / litro;SABBÁ
NE;PI;TERESINA;POSTO MAIS SAO JOAQUIM LTDA; 10.405.299/0001-18;RUA RUI BARBOSA;4499;;SAO JOAQUIM;64002-180;ETANOL;14/01/2026;4,45;;R$ / litro;SABBÁ
NE;PI;TERESINA;CACIQUE PETROLEO LTDA; 06.656.656/0020-06;AVENIDA DEPUTADO PAULO FERRAZ;2907;;SAO RAIMUNDO;64075-005;GASOLINA;15/01/2026;5,89;;R$ / litro;IPIRANGA
NE;PI;TERESINA;CACIQUE PETROLEO LTDA; 06.656.656/0020-06;AVENIDA DEPUTADO PAULO FERRAZ;2907;;SAO RAIMUNDO;64075-005;GASOLINA ADITIVADA;15/01/2026;6,19;;R$ / litro;IPIRANGA
NE;PI;TERESINA;CACIQUE PETROLEO LTDA; 06.656.656/0020-06;AVENIDA DEPUTADO PAULO FERRAZ;2907;;SAO RAIMUNDO;64075-005;DIESEL;15/01/2026;5,97;;R$ / litro;IPIRANGA
NE;PI;TERESINA;CACIQUE PETROLEO LTDA; 06.656.656/0020-06;AVENIDA DEPUTADO PAULO FERRAZ;2907;;SAO RAIMUNDO;64075-005;ETANOL;15/01/2026;4,59;;R$ / litro;IPIRANGA
NE;PI;TERESINA;COMPANHIA BRASILEIRA DE DISTRIBUICAO; 47.508.411/1563-26;AVENIDA PRESIDENTE KENNEDY;501;PARTE II;SAO CRISTOVAO;64052-345;GASOLINA;12/01/2026;5,84;;R$ / litro;IPIRANGA
NE;PI;TERESINA;COMPANHIA BRASILEIRA DE DISTRIBUICAO; 47.508.411/1563-26;AVENIDA PRESIDENTE KENNEDY;501;PARTE II;SAO CRISTOVAO;64052-345;GASOLINA ADITIVADA;12/01/2026;6,04;;R$ / litro;IPIRANGA
NE;PI;TERESINA;COMPANHIA BRASILEIRA DE DISTRIBUICAO; 47.508.411/1563-26;AVENIDA PRESIDENTE KENNEDY;501;PARTE II;SAO CRISTOVAO;64052-345;ETANOL;12/01/2026;4,69;;R$ / litro;IPIRANGA
NE;PI;TERESINA;PLANALTO PETROLEO UNIAO LTDA; 21.992.964/0001-33;AVENIDA UNIAO;2261;;MEMORARE;64009-500;GASOLINA;14/01/2026;5,89;;R$ / litro;IPIRANGA
NE;PI;TERESINA;PLANALTO PETROLEO UNIAO LTDA; 21.992.964/0001-33;AVENIDA UNIAO;2261;;MEMORARE;64009-500;GASOLINA ADITIVADA;14/01/2026;5,99;;R$ / litro;IPIRANGA
NE;PI;TERESINA;PLANALTO PETROLEO UNIAO LTDA; 21.992.964/0001-33;AVENIDA UNIAO;2261;;MEMORARE;64009-500;DIESEL S10;14/01/2026;5,89;;R$ / litro;IPIRANGA
NE;PI;TERESINA;PLANALTO PETROLEO UNIAO LTDA; 21.992.964/0001-33;AVENIDA UNIAO;2261;;MEMORARE;64009-500;ETANOL;14/01/2026;4,39;;R$ / litro;IPIRANGA
NE;PI;TERESINA;POSTO MARTINEZ LTDA - ME; 02.992.818/0001-63;AVENIDA ANTONIO OLIVEIRA;61;;GURUPI;64091-400;DIESEL S10;15/01/2026;6,19;;R$ / litro;IPIRANGA
NE;PI;TERESINA;POSTO MARTINEZ LTDA - ME; 02.992.818/0001-63;AVENIDA ANTONIO OLIVEIRA;61;;GURUPI;64091-400;ETANOL;15/01/2026;4,79;;R$ / litro;IPIRANGA
NE;PI;TERESINA;POSTO MARTINEZ LTDA - ME; 02.992.818/0001-63;AVENIDA ANTONIO OLIVEIRA;61;;GURUPI;64091-400;GASOLINA;15/01/2026;5,99;;R$ / litro;IPIRANGA
NE;PI;TERESINA;POSTO MARTINEZ LTDA - ME; 02.992.818/0001-63;AVENIDA ANTONIO OLIVEIRA;61;;GURUPI;64091-400;GASOLINA ADITIVADA;15/01/2026;6,29;;R$ / litro;IPIRANGA
NE;PI;TERESINA;POSTO MARTINEZ LTDA - ME; 02.992.818/0001-63;AVENIDA ANTONIO OLIVEIRA;61;;GURUPI;64091-400;DIESEL;15/01/2026;6,09;;R$ / litro;IPIRANGA
NE;PI;TERESINA;COMERCIO CARVALHO LTDA; 06.511.885/0013-03;RUA JERUMENHA;4590;LETRA A;BUENOS AIRES;64008-300;GASOLINA;14/01/2026;5,99;;R$ / litro;VIBRA
NE;PI;TERESINA;COMERCIO CARVALHO LTDA; 06.511.885/0013-03;RUA JERUMENHA;4590;LETRA A;BUENOS AIRES;64008-300;GASOLINA ADITIVADA;14/01/2026;6,19;;R$ / litro;VIBRA
NE;PI;TERESINA;COMERCIO CARVALHO LTDA; 06.511.885/0013-03;RUA JERUMENHA;4590;LETRA A;BUENOS AIRES;64008-300;ETANOL;14/01/2026;4,89;;R$ / litro;VIBRA
NE;PI;TERESINA;PLANALTO PETROLEO ESTAIADA LTDA; 30.043.687/0001-03;RUA PRIMEIRO DE MAIO (ZONA NORTE);1627;;MARQUES;64002-510;GASOLINA;14/01/2026;5,85;;R$ / litro;BRANCA
NE;PI;TERESINA;PLANALTO PETROLEO ESTAIADA LTDA; 30.043.687/0001-03;RUA PRIMEIRO DE MAIO (ZONA NORTE);1627;;MARQUES;64002-510;GASOLINA ADITIVADA;14/01/2026;5,85;;R$ / litro;BRANCA
NE;PI;TERESINA;PLANALTO PETROLEO ESTAIADA LTDA; 30.043.687/0001-03;RUA PRIMEIRO DE MAIO (ZONA NORTE);1627;;MARQUES;64002-510;ETANOL;14/01/2026;4,44;;R$ / litro;BRANCA
NE;PI;TERESINA;POSTO DE COMBUSTIVEL AGUIA LTDA; 28.985.753/0001-12;AVENIDA HOMERO CASTELO BRANCO;2101;LETRA A;FATIMA;64049-505;GASOLINA;12/01/2026;6,09;;R$ / litro;IPIRANGA
NE;PI;TERESINA;POSTO DE COMBUSTIVEL AGUIA LTDA; 28.985.753/0001-12;AVENIDA HOMERO CASTELO BRANCO;2101;LETRA A;FATIMA;64049-505;GASOLINA ADITIVADA;12/01/2026;6,19;;R$ / litro;IPIRANGA
NE;PI;TERESINA;POSTO DE COMBUSTIVEL AGUIA LTDA; 28.985.753/0001-12;AVENIDA HOMERO CASTELO BRANCO;2101;LETRA A;FATIMA;64049-505;DIESEL S10;12/01/2026;6,79;;R$ / litro;IPIRANGA
NE;PI;TERESINA;POSTO DE COMBUSTIVEL AGUIA LTDA; 28.985.753/0001-12;AVENIDA HOMERO CASTELO BRANCO;2101;LETRA A;FATIMA;64049-505;ETANOL;12/01/2026;4,69;;R$ / litro;IPIRANGA
NE;PI;TERESINA;JESUS JOSE NOGUEIRA JUNIOR LTDA; 38.635.568/0001-51;AVENIDA SENADOR AREA LEAO;2140;;SAO CRISTOVAO;64051-090;GASOLINA;12/01/2026;5,99;;R$ / litro;VIBRA
NE;PI;TERESINA;JESUS JOSE NOGUEIRA JUNIOR LTDA; 38.635.568/0001-51;AVENIDA SENADOR AREA LEAO;2140;;SAO CRISTOVAO;64051-090;GASOLINA ADITIVADA;12/01/2026;6,39;;R$ / litro;VIBRA
NE;PI;TERESINA;JESUS JOSE NOGUEIRA JUNIOR LTDA; 38.635.568/0001-51;AVENIDA SENADOR AREA LEAO;2140;;SAO CRISTOVAO;64051-090;DIESEL S10;12/01/2026;6,29;;R$ / litro;VIBRA
NE;PI;TERESINA;JESUS JOSE NOGUEIRA JUNIOR LTDA; 38.635.568/0001-51;AVENIDA SENADOR AREA LEAO;2140;;SAO CRISTOVAO;64051-090;ETANOL;12/01/2026;4,69;;R$ / litro;VIBRA
NE;PI;TERESINA;POSTO JOIA LTDA; 08.965.723/0001-37;RUA ENGENHEIRO ALVES DE NORONHA;5102;;BUENOS AIRES;64008-400;GASOLINA;21/01/2026;5,89;;R$ / litro;SABBÁ
NE;PI;TERESINA;POSTO JOIA LTDA; 08.965.723/0001-37;RUA ENGENHEIRO ALVES DE NORONHA;5102;;BUENOS AIRES;64008-400;ETANOL;21/01/2026;4,34;;R$ / litro;SABBÁ
NE;PI;TERESINA;POSTO HOMERO CASTELO BRANCO LTDA; 08.596.605/0001-07;AVENIDA TOMAZ DE AREA LEAO;2563;;ININGA;64048-600;GASOLINA;19/01/2026;5,97;;R$ / litro;VIBRA
NE;PI;TERESINA;POSTO HOMERO CASTELO BRANCO LTDA; 08.596.605/0001-07;AVENIDA TOMAZ DE AREA LEAO;2563;;ININGA;64048-600;GASOLINA ADITIVADA;19/01/2026;6,26;;R$ / litro;VIBRA
NE;PI;TERESINA;POSTO HOMERO CASTELO BRANCO LTDA; 08.596.605/0001-07;AVENIDA TOMAZ DE AREA LEAO;2563;;ININGA;64048-600;ETANOL;19/01/2026;4,57;;R$ / litro;VIBRA
NE;PI;TERESINA;PN PETROLEO LTDA.; 06.331.431/0001-17;RUA MUNDINHO FERRAZ;3225;;SAO CRISTOVAO;64055-330;GASOLINA;19/01/2026;5,89;;R$ / litro;BRANCA
NE;PI;TERESINA;PN PETROLEO LTDA.; 06.331.431/0001-17;RUA MUNDINHO FERRAZ;3225;;SAO CRISTOVAO;64055-330;GASOLINA ADITIVADA;19/01/2026;5,89;;R$ / litro;BRANCA
NE;PI;TERESINA;PN PETROLEO LTDA.; 06.331.431/0001-17;RUA MUNDINHO FERRAZ;3225;;SAO CRISTOVAO;64055-330;DIESEL S10;19/01/2026;6,09;;R$ / litro;BRANCA
NE;PI;TERESINA;S P MAGALHAES EMPREENDIMENTOS LTDA; 10.978.518/0001-58;AVENIDA JOAO XXIII;1520;0;SÃO CRISTÓVÃO;64045-000;GASOLINA;19/01/2026;5,86;;R$ / litro;SABBÁ
NE;PI;TERESINA;S P MAGALHAES EMPREENDIMENTOS LTDA; 10.978.518/0001-58;AVENIDA JOAO XXIII;1520;0;SÃO CRISTÓVÃO;64045-000;GASOLINA ADITIVADA;19/01/2026;6,04;;R$ / litro;SABBÁ
NE;PI;TERESINA;S P MAGALHAES EMPREENDIMENTOS LTDA; 10.978.518/0001-58;AVENIDA JOAO XXIII;1520;0;SÃO CRISTÓVÃO;64045-000;ETANOL;19/01/2026;4,57;;R$ / litro;SABBÁ
NE;PI;TERESINA;TRANSSERVICE PETROLEO LTDA; 02.927.004/0001-45;AVENIDA BARAO DE GURGUEIA;2300;;SAO PEDRO;64019-350;GASOLINA;22/01/2026;5,89;;R$ / litro;BRANCA
NE;PI;TERESINA;TRANSSERVICE PETROLEO LTDA; 02.927.004/0001-45;AVENIDA BARAO DE GURGUEIA;2300;;SAO PEDRO;64019-350;GASOLINA ADITIVADA;22/01/2026;5,89;;R$ / litro;BRANCA
NE;PI;TERESINA;TRANSSERVICE PETROLEO LTDA; 02.927.004/0001-45;AVENIDA BARAO DE GURGUEIA;2300;;SAO PEDRO;64019-350;DIESEL;22/01/2026;6,04;;R$ / litro;BRANCA
NE;PI;TERESINA;TRANSSERVICE PETROLEO LTDA; 02.927.004/0001-45;AVENIDA BARAO DE GURGUEIA;2300;;SAO PEDRO;64019-350;DIESEL S10;22/01/2026;6,06;;R$ / litro;BRANCA
NE;PI;TERESINA;TRANSSERVICE PETROLEO LTDA; 02.927.004/0001-45;AVENIDA BARAO DE GURGUEIA;2300;;SAO PEDRO;64019-350;ETANOL;22/01/2026;4,44;;R$ / litro;BRANCA
NE;PI;TERESINA;SAO FRANCISCO PETROLEO LTDA; 10.336.626/0001-27;AVENIDA FREI SERAFIM;2474;;CENTRO;64001-020;GASOLINA;19/01/2026;5,89;;R$ / litro;VIBRA
NE;PI;TERESINA;SAO FRANCISCO PETROLEO LTDA; 10.336.626/0001-27;AVENIDA FREI SERAFIM;2474;;CENTRO;64001-020;GASOLINA ADITIVADA;19/01/2026;6,19;;R$ / litro;VIBRA
NE;PI;TERESINA;SAO FRANCISCO PETROLEO LTDA; 10.336.626/0001-27;AVENIDA FREI SERAFIM;2474;;CENTRO;64001-020;DIESEL S10;19/01/2026;6,39;;R$ / litro;VIBRA
NE;PI;TERESINA;SAO FRANCISCO PETROLEO LTDA; 10.336.626/0001-27;AVENIDA FREI SERAFIM;2474;;CENTRO;64001-020;ETANOL;19/01/2026;4,59;;R$ / litro;VIBRA
NE;PI;TERESINA;CACIQUE PETROLEO LTDA; 06.656.656/0004-96;AVENIDA MIGUEL ROSA;3768;SUL;PICARRA;64001-973;GASOLINA;21/01/2026;5,99;;R$ / litro;VIBRA
NE;PI;TERESINA;CACIQUE PETROLEO LTDA; 06.656.656/0004-96;AVENIDA MIGUEL ROSA;3768;SUL;PICARRA;64001-973;GASOLINA ADITIVADA;21/01/2026;5,99;;R$ / litro;VIBRA
NE;PI;TERESINA;CACIQUE PETROLEO LTDA; 06.656.656/0004-96;AVENIDA MIGUEL ROSA;3768;SUL;PICARRA;64001-973;ETANOL;21/01/2026;4,49;;R$ / litro;VIBRA
NE;PI;TERESINA;CACIQUE PETROLEO LTDA; 06.656.656/0003-05;AVENIDA PRESIDENTE KENNEDY;1944;;SAO CRISTOVAO;64052-800;GASOLINA;19/01/2026;5,89;;R$ / litro;VIBRA
NE;PI;TERESINA;CACIQUE PETROLEO LTDA; 06.656.656/0003-05;AVENIDA PRESIDENTE KENNEDY;1944;;SAO CRISTOVAO;64052-800;GASOLINA ADITIVADA;19/01/2026;6,09;;R$ / litro;VIBRA
NE;PI;TERESINA;CACIQUE PETROLEO LTDA; 06.656.656/0003-05;AVENIDA PRESIDENTE KENNEDY;1944;;SAO CRISTOVAO;64052-800;ETANOL;19/01/2026;4,59;;R$ / litro;VIBRA
NE;PI;TERESINA;CACIQUE PETROLEO LTDA; 06.656.656/0012-04;AVENIDA RUI BARBOSA;1662;;VILA OPERARIA;64076-410;GASOLINA;21/01/2026;5,89;;R$ / litro;VIBRA
NE;PI;TERESINA;CACIQUE PETROLEO LTDA; 06.656.656/0012-04;AVENIDA RUI BARBOSA;1662;;VILA OPERARIA;64076-410;GASOLINA ADITIVADA;21/01/2026;6,29;;R$ / litro;VIBRA
NE;PI;TERESINA;CACIQUE PETROLEO LTDA; 06.656.656/0012-04;AVENIDA RUI BARBOSA;1662;;VILA OPERARIA;64076-410;ETANOL;21/01/2026;4,49;;R$ / litro;VIBRA
NE;PI;TERESINA;CACIQUE PETROLEO LTDA; 06.656.656/0002-24;AVENIDA MIGUEL ROSA;3833;SUL;PICARRA;64001-973;GASOLINA;21/01/2026;5,89;;R$ / litro;VIBRA
NE;PI;TERESINA;CACIQUE PETROLEO LTDA; 06.656.656/0002-24;AVENIDA MIGUEL ROSA;3833;SUL;PICARRA;64001-973;GASOLINA ADITIVADA;21/01/2026;6,29;;R$ / litro;VIBRA
NE;PI;TERESINA;CACIQUE PETROLEO LTDA; 06.656.656/0002-24;AVENIDA MIGUEL ROSA;3833;SUL;PICARRA;64001-973;ETANOL;21/01/2026;4,49;;R$ / litro;VIBRA
NE;PI;TERESINA;JUNCO COMERCIAL LTDA; 02.760.727/0001-00;RUA JOAQUIM NELSON;2121;;PARQUE IDEAL;64078-625;GASOLINA;22/01/2026;5,89;;R$ / litro;VIBRA
NE;PI;TERESINA;JUNCO COMERCIAL LTDA; 02.760.727/0001-00;RUA JOAQUIM NELSON;2121;;PARQUE IDEAL;64078-625;GASOLINA ADITIVADA;22/01/2026;6,19;;R$ / litro;VIBRA
NE;PI;TERESINA;JUNCO COMERCIAL LTDA; 02.760.727/0001-00;RUA JOAQUIM NELSON;2121;;PARQUE IDEAL;64078-625;DIESEL S10;22/01/2026;5,99;;R$ / litro;VIBRA
NE;PI;TERESINA;JUNCO COMERCIAL LTDA; 02.760.727/0001-00;RUA JOAQUIM NELSON;2121;;PARQUE IDEAL;64078-625;ETANOL;22/01/2026;4,59;;R$ / litro;VIBRA
NE;PI;TERESINA;MOURA SOUSA E BONFIM LTDA; 01.416.988/0001-37;RODOVIA BR 343 KM 10;S/N;;RODOVIA;64045-970;GASOLINA;22/01/2026;5,69;;R$ / litro;ALE
NE;PI;TERESINA;MOURA SOUSA E BONFIM LTDA; 01.416.988/0001-37;RODOVIA BR 343 KM 10;S/N;;RODOVIA;64045-970;GASOLINA ADITIVADA;22/01/2026;6,09;;R$ / litro;ALE
NE;PI;TERESINA;MOURA SOUSA E BONFIM LTDA; 01.416.988/0001-37;RODOVIA BR 343 KM 10;S/N;;RODOVIA;64045-970;DIESEL;22/01/2026;5,84;;R$ / litro;ALE
NE;PI;TERESINA;MOURA SOUSA E BONFIM LTDA; 01.416.988/0001-37;RODOVIA BR 343 KM 10;S/N;;RODOVIA;64045-970;DIESEL S10;22/01/2026;5,89;;R$ / litro;ALE
NE;PI;TERESINA;MOURA SOUSA E BONFIM LTDA; 01.416.988/0001-37;RODOVIA BR 343 KM 10;S/N;;RODOVIA;64045-970;ETANOL;22/01/2026;4,67;;R$ / litro;ALE
NE;PI;TERESINA;FCN.X CARVALHO COMBUSTIVEL LTDA; 09.641.208/0001-64;AVENIDA HOMERO CASTELO BRANCO;630;SALA  C;SAO CRISTOVAO;64048-400;GASOLINA;19/01/2026;5,99;;R$ / litro;VIBRA
NE;PI;TERESINA;FCN.X CARVALHO COMBUSTIVEL LTDA; 09.641.208/0001-64;AVENIDA HOMERO CASTELO BRANCO;630;SALA  C;SAO CRISTOVAO;64048-400;GASOLINA ADITIVADA;19/01/2026;6,39;;R$ / litro;VIBRA
NE;PI;TERESINA;FCN.X CARVALHO COMBUSTIVEL LTDA; 09.641.208/0001-64;AVENIDA HOMERO CASTELO BRANCO;630;SALA  C;SAO CRISTOVAO;64048-400;DIESEL S10;19/01/2026;6,79;;R$ / litro;VIBRA
NE;PI;TERESINA;FCN.X CARVALHO COMBUSTIVEL LTDA; 09.641.208/0001-64;AVENIDA HOMERO CASTELO BRANCO;630;SALA  C;SAO CRISTOVAO;64048-400;ETANOL;19/01/2026;4,79;;R$ / litro;VIBRA
NE;PI;TERESINA;POSTO CERTO LTDA; 08.610.754/0001-75;AVENIDA JOAO XXIII;2180;;NOIVOS;64045-000;GASOLINA;19/01/2026;5,88;;R$ / litro;SABBÁ
NE;PI;TERESINA;POSTO CERTO LTDA; 08.610.754/0001-75;AVENIDA JOAO XXIII;2180;;NOIVOS;64045-000;GASOLINA ADITIVADA;19/01/2026;6,18;;R$ / litro;SABBÁ
NE;PI;TERESINA;POSTO CERTO LTDA; 08.610.754/0001-75;AVENIDA JOAO XXIII;2180;;NOIVOS;64045-000;DIESEL S10;19/01/2026;5,99;;R$ / litro;SABBÁ
NE;PI;TERESINA;POSTO CERTO LTDA; 08.610.754/0001-75;AVENIDA JOAO XXIII;2180;;NOIVOS;64045-000;ETANOL;19/01/2026;4,49;;R$ / litro;SABBÁ
NE;PI;TERESINA;JUNCO COMERCIAL LTDA; 02.760.727/0002-83;AVENIDA MARANHAO;900;;CENTRO/N;64000-010;GASOLINA;21/01/2026;5,85;;R$ / litro;VIBRA
NE;PI;TERESINA;JUNCO COMERCIAL LTDA; 02.760.727/0002-83;AVENIDA MARANHAO;900;;CENTRO/N;64000-010;GASOLINA ADITIVADA;21/01/2026;6,19;;R$ / litro;VIBRA
NE;PI;TERESINA;JUNCO COMERCIAL LTDA; 02.760.727/0002-83;AVENIDA MARANHAO;900;;CENTRO/N;64000-010;ETANOL;21/01/2026;4,59;;R$ / litro;VIBRA
NE;PI;TERESINA;G. & S. PETROLEO LTDA; 10.919.164/0001-70;AVENIDA SANTOS DUMONT;480;;VILA OPERARIA;64002-200;GASOLINA;21/01/2026;5,93;;R$ / litro;VIBRA
NE;PI;TERESINA;G. & S. PETROLEO LTDA; 10.919.164/0001-70;AVENIDA SANTOS DUMONT;480;;VILA OPERARIA;64002-200;ETANOL;21/01/2026;4,52;;R$ / litro;VIBRA
NE;PI;TERESINA;CACIQUE PETROLEO LTDA; 06.656.656/0019-72;AVENIDA LINDOLFO MONTEIRO;990;;FATIMA;64049-440;GASOLINA;19/01/2026;6,09;;R$ / litro;VIBRA
NE;PI;TERESINA;CACIQUE PETROLEO LTDA; 06.656.656/0019-72;AVENIDA LINDOLFO MONTEIRO;990;;FATIMA;64049-440;GASOLINA ADITIVADA;19/01/2026;6,49;;R$ / litro;VIBRA
NE;PI;TERESINA;CACIQUE PETROLEO LTDA; 06.656.656/0019-72;AVENIDA LINDOLFO MONTEIRO;990;;FATIMA;64049-440;DIESEL;19/01/2026;6,54;;R$ / litro;VIBRA
NE;PI;TERESINA;CACIQUE PETROLEO LTDA; 06.656.656/0019-72;AVENIDA LINDOLFO MONTEIRO;990;;FATIMA;64049-440;ETANOL;19/01/2026;4,79;;R$ / litro;VIBRA
NE;PI;TERESINA;ROCHA & RESPLANDES LTDA.; 13.713.560/0001-35;AV. PREFEITO FREITAS NETO;21;QD 13 CS 21/22;MOCAMBINHO;64010-100;GASOLINA;21/01/2026;6,09;;R$ / litro;VIBRA
NE;PI;TERESINA;ROCHA & RESPLANDES LTDA.; 13.713.560/0001-35;AV. PREFEITO FREITAS NETO;21;QD 13 CS 21/22;MOCAMBINHO;64010-100;GASOLINA ADITIVADA;21/01/2026;6,19;;R$ / litro;VIBRA
NE;PI;TERESINA;ROCHA & RESPLANDES LTDA.; 13.713.560/0001-35;AV. PREFEITO FREITAS NETO;21;QD 13 CS 21/22;MOCAMBINHO;64010-100;DIESEL S10;21/01/2026;6,19;;R$ / litro;VIBRA
NE;PI;TERESINA;ROCHA & RESPLANDES LTDA.; 13.713.560/0001-35;AV. PREFEITO FREITAS NETO;21;QD 13 CS 21/22;MOCAMBINHO;64010-100;ETANOL;21/01/2026;4,79;;R$ / litro;VIBRA
NE;PI;TERESINA;POSTO MAIS SAO JOAQUIM LTDA; 10.405.299/0001-18;RUA RUI BARBOSA;4499;;SAO JOAQUIM;64002-180;GASOLINA;21/01/2026;5,89;;R$ / litro;SABBÁ
NE;PI;TERESINA;POSTO MAIS SAO JOAQUIM LTDA; 10.405.299/0001-18;RUA RUI BARBOSA;4499;;SAO JOAQUIM;64002-180;DIESEL;21/01/2026;5,99;;R$ / litro;SABBÁ
NE;PI;TERESINA;POSTO MAIS SAO JOAQUIM LTDA; 10.405.299/0001-18;RUA RUI BARBOSA;4499;;SAO JOAQUIM;64002-180;ETANOL;21/01/2026;4,45;;R$ / litro;SABBÁ
NE;PI;TERESINA;COMPANHIA BRASILEIRA DE DISTRIBUICAO; 47.508.411/1563-26;AVENIDA PRESIDENTE KENNEDY;501;PARTE II;SAO CRISTOVAO;64052-345;GASOLINA;19/01/2026;5,91;;R$ / litro;IPIRANGA
NE;PI;TERESINA;COMPANHIA BRASILEIRA DE DISTRIBUICAO; 47.508.411/1563-26;AVENIDA PRESIDENTE KENNEDY;501;PARTE II;SAO CRISTOVAO;64052-345;GASOLINA ADITIVADA;19/01/2026;6,11;;R$ / litro;IPIRANGA
NE;PI;TERESINA;COMPANHIA BRASILEIRA DE DISTRIBUICAO; 47.508.411/1563-26;AVENIDA PRESIDENTE KENNEDY;501;PARTE II;SAO CRISTOVAO;64052-345;ETANOL;19/01/2026;4,79;;R$ / litro;IPIRANGA
NE;PI;TERESINA;IGUATEMI DISTRIBUIDORA LTDA; 03.072.068/0002-55;AVENIDA DOM SEVERINO;1498;;FATIMA;64049-375;GASOLINA;19/01/2026;5,95;;R$ / litro;BRANCA
NE;PI;TERESINA;IGUATEMI DISTRIBUIDORA LTDA; 03.072.068/0002-55;AVENIDA DOM SEVERINO;1498;;FATIMA;64049-375;GASOLINA ADITIVADA;19/01/2026;5,99;;R$ / litro;BRANCA
NE;PI;TERESINA;IGUATEMI DISTRIBUIDORA LTDA; 03.072.068/0002-55;AVENIDA DOM SEVERINO;1498;;FATIMA;64049-375;DIESEL S10;19/01/2026;5,99;;R$ / litro;BRANCA
NE;PI;TERESINA;IGUATEMI DISTRIBUIDORA LTDA; 03.072.068/0002-55;AVENIDA DOM SEVERINO;1498;;FATIMA;64049-375;ETANOL;19/01/2026;4,55;;R$ / litro;BRANCA
NE;PI;TERESINA;POSTO SANTO EXPEDITO PETROLEO LTDA; 18.325.275/0001-60;AVENIDA DEPUTADO PAULO FERRAZ;3321;;ITARARE;64078-005;GASOLINA;22/01/2026;5,89;;R$ / litro;BRANCA
NE;PI;TERESINA;POSTO SANTO EXPEDITO PETROLEO LTDA; 18.325.275/0001-60;AVENIDA DEPUTADO PAULO FERRAZ;3321;;ITARARE;64078-005;GASOLINA ADITIVADA;22/01/2026;5,89;;R$ / litro;BRANCA
NE;PI;TERESINA;POSTO SANTO EXPEDITO PETROLEO LTDA; 18.325.275/0001-60;AVENIDA DEPUTADO PAULO FERRAZ;3321;;ITARARE;64078-005;DIESEL;22/01/2026;5,94;;R$ / litro;BRANCA
NE;PI;TERESINA;POSTO SANTO EXPEDITO PETROLEO LTDA; 18.325.275/0001-60;AVENIDA DEPUTADO PAULO FERRAZ;3321;;ITARARE;64078-005;DIESEL S10;22/01/2026;5,99;;R$ / litro;BRANCA
NE;PI;TERESINA;PLANALTO PETROLEO UNIAO LTDA; 21.992.964/0001-33;AVENIDA UNIAO;2261;;MEMORARE;64009-500;GASOLINA;21/01/2026;5,89;;R$ / litro;IPIRANGA
NE;PI;TERESINA;PLANALTO PETROLEO UNIAO LTDA; 21.992.964/0001-33;AVENIDA UNIAO;2261;;MEMORARE;64009-500;GASOLINA ADITIVADA;21/01/2026;5,99;;R$ / litro;IPIRANGA
NE;PI;TERESINA;PLANALTO PETROLEO UNIAO LTDA; 21.992.964/0001-33;AVENIDA UNIAO;2261;;MEMORARE;64009-500;DIESEL S10;21/01/2026;5,89;;R$ / litro;IPIRANGA
NE;PI;TERESINA;PLANALTO PETROLEO UNIAO LTDA; 21.992.964/0001-33;AVENIDA UNIAO;2261;;MEMORARE;64009-500;ETANOL;21/01/2026;4,49;;R$ / litro;IPIRANGA
NE;PI;TERESINA;COMERCIO CARVALHO LTDA; 06.511.885/0013-03;RUA JERUMENHA;4590;LETRA A;BUENOS AIRES;64008-300;GASOLINA;21/01/2026;5,99;;R$ / litro;VIBRA
NE;PI;TERESINA;COMERCIO CARVALHO LTDA; 06.511.885/0013-03;RUA JERUMENHA;4590;LETRA A;BUENOS AIRES;64008-300;GASOLINA ADITIVADA;21/01/2026;6,19;;R$ / litro;VIBRA
NE;PI;TERESINA;COMERCIO CARVALHO LTDA; 06.511.885/0013-03;RUA JERUMENHA;4590;LETRA A;BUENOS AIRES;64008-300;ETANOL;21/01/2026;4,89;;R$ / litro;VIBRA
NE;PI;TERESINA;PLANALTO PETROLEO ESTAIADA LTDA; 30.043.687/0001-03;RUA PRIMEIRO DE MAIO (ZONA NORTE);1627;;MARQUES;64002-510;GASOLINA;21/01/2026;5,85;;R$ / litro;BRANCA
NE;PI;TERESINA;PLANALTO PETROLEO ESTAIADA LTDA; 30.043.687/0001-03;RUA PRIMEIRO DE MAIO (ZONA NORTE);1627;;MARQUES;64002-510;GASOLINA ADITIVADA;21/01/2026;5,85;;R$ / litro;BRANCA
NE;PI;TERESINA;PLANALTO PETROLEO ESTAIADA LTDA; 30.043.687/0001-03;RUA PRIMEIRO DE MAIO (ZONA NORTE);1627;;MARQUES;64002-510;ETANOL;21/01/2026;4,44;;R$ / litro;BRANCA
NE;PI;TERESINA;NEIVA & BRITO COMBUSTIVEIS LTDA; 32.237.402/0001-09;AVENIDA ZEQUINHA FREIRE;3419;;SATELITE;64059-310;GASOLINA;22/01/2026;5,98;;R$ / litro;BRANCA
NE;PI;TERESINA;NEIVA & BRITO COMBUSTIVEIS LTDA; 32.237.402/0001-09;AVENIDA ZEQUINHA FREIRE;3419;;SATELITE;64059-310;GASOLINA ADITIVADA;22/01/2026;6,18;;R$ / litro;BRANCA
NE;PI;TERESINA;NEIVA & BRITO COMBUSTIVEIS LTDA; 32.237.402/0001-09;AVENIDA ZEQUINHA FREIRE;3419;;SATELITE;64059-310;DIESEL S10;22/01/2026;6,08;;R$ / litro;BRANCA
NE;PI;TERESINA;NEIVA & BRITO COMBUSTIVEIS LTDA; 32.237.402/0001-09;AVENIDA ZEQUINHA FREIRE;3419;;SATELITE;64059-310;ETANOL;22/01/2026;4,58;;R$ / litro;BRANCA
NE;PI;TERESINA;POSTO DE COMBUSTIVEL AGUIA LTDA; 28.985.753/0001-12;AVENIDA HOMERO CASTELO BRANCO;2101;LETRA A;FATIMA;64049-505;GASOLINA;19/01/2026;6,09;;R$ / litro;IPIRANGA
NE;PI;TERESINA;POSTO DE COMBUSTIVEL AGUIA LTDA; 28.985.753/0001-12;AVENIDA HOMERO CASTELO BRANCO;2101;LETRA A;FATIMA;64049-505;GASOLINA ADITIVADA;19/01/2026;6,19;;R$ / litro;IPIRANGA
NE;PI;TERESINA;POSTO DE COMBUSTIVEL AGUIA LTDA; 28.985.753/0001-12;AVENIDA HOMERO CASTELO BRANCO;2101;LETRA A;FATIMA;64049-505;DIESEL S10;19/01/2026;6,79;;R$ / litro;IPIRANGA
NE;PI;TERESINA;POSTO DE COMBUSTIVEL AGUIA LTDA; 28.985.753/0001-12;AVENIDA HOMERO CASTELO BRANCO;2101;LETRA A;FATIMA;64049-505;ETANOL;19/01/2026;4,69;;R$ / litro;IPIRANGA
NE;PI;TERESINA;JESUS JOSE NOGUEIRA JUNIOR LTDA; 38.635.568/0001-51;AVENIDA SENADOR AREA LEAO;2140;;SAO CRISTOVAO;64051-090;GASOLINA;19/01/2026;5,99;;R$ / litro;VIBRA
NE;PI;TERESINA;JESUS JOSE NOGUEIRA JUNIOR LTDA; 38.635.568/0001-51;AVENIDA SENADOR AREA LEAO;2140;;SAO CRISTOVAO;64051-090;GASOLINA ADITIVADA;19/01/2026;6,39;;R$ / litro;VIBRA
NE;PI;TERESINA;JESUS JOSE NOGUEIRA JUNIOR LTDA; 38.635.568/0001-51;AVENIDA SENADOR AREA LEAO;2140;;SAO CRISTOVAO;64051-090;DIESEL S10;19/01/2026;6,29;;R$ / litro;VIBRA
NE;PI;TERESINA;JESUS JOSE NOGUEIRA JUNIOR LTDA; 38.635.568/0001-51;AVENIDA SENADOR AREA LEAO;2140;;SAO CRISTOVAO;64051-090;ETANOL;19/01/2026;4,69;;R$ / litro;VIBRA
NE;PI;TERESINA;CACIQUE PETROLEO LTDA; 06.656.656/0033-20;AVENIDA JOAO XXIII;805;;NOIVOS;64045-000;GASOLINA;19/01/2026;5,99;;R$ / litro;SABBÁ
NE;PI;TERESINA;CACIQUE PETROLEO LTDA; 06.656.656/0033-20;AVENIDA JOAO XXIII;805;;NOIVOS;64045-000;GASOLINA ADITIVADA;19/01/2026;6,39;;R$ / litro;SABBÁ
NE;PI;TERESINA;CACIQUE PETROLEO LTDA; 06.656.656/0033-20;AVENIDA JOAO XXIII;805;;NOIVOS;64045-000;DIESEL S10;19/01/2026;6,39;;R$ / litro;SABBÁ
NE;PI;TERESINA;CACIQUE PETROLEO LTDA; 06.656.656/0033-20;AVENIDA JOAO XXIII;805;;NOIVOS;64045-000;ETANOL;19/01/2026;4,59;;R$ / litro;SABBÁ
NE;PI;TERESINA;POSTO JOIA LTDA; 08.965.723/0001-37;RUA ENGENHEIRO ALVES DE NORONHA;5102;;BUENOS AIRES;64008-400;GASOLINA;28/01/2026;5,89;;R$ / litro;SABBÁ
NE;PI;TERESINA;POSTO JOIA LTDA; 08.965.723/0001-37;RUA ENGENHEIRO ALVES DE NORONHA;5102;;BUENOS AIRES;64008-400;ETANOL;28/01/2026;4,49;;R$ / litro;SABBÁ
NE;PI;TERESINA;POSTO HOMERO CASTELO BRANCO LTDA; 08.596.605/0001-07;AVENIDA TOMAZ DE AREA LEAO;2563;;ININGA;64048-600;GASOLINA;26/01/2026;5,97;;R$ / litro;VIBRA
NE;PI;TERESINA;POSTO HOMERO CASTELO BRANCO LTDA; 08.596.605/0001-07;AVENIDA TOMAZ DE AREA LEAO;2563;;ININGA;64048-600;GASOLINA ADITIVADA;26/01/2026;6,26;;R$ / litro;VIBRA
NE;PI;TERESINA;POSTO HOMERO CASTELO BRANCO LTDA; 08.596.605/0001-07;AVENIDA TOMAZ DE AREA LEAO;2563;;ININGA;64048-600;ETANOL;26/01/2026;4,57;;R$ / litro;VIBRA
NE;PI;TERESINA;PN PETROLEO LTDA.; 06.331.431/0001-17;RUA MUNDINHO FERRAZ;3225;;SAO CRISTOVAO;64055-330;GASOLINA;26/01/2026;5,89;;R$ / litro;BRANCA
NE;PI;TERESINA;PN PETROLEO LTDA.; 06.331.431/0001-17;RUA MUNDINHO FERRAZ;3225;;SAO CRISTOVAO;64055-330;GASOLINA ADITIVADA;26/01/2026;5,89;;R$ / litro;BRANCA
NE;PI;TERESINA;PN PETROLEO LTDA.; 06.331.431/0001-17;RUA MUNDINHO FERRAZ;3225;;SAO CRISTOVAO;64055-330;DIESEL S10;26/01/2026;6,09;;R$ / litro;BRANCA
NE;PI;TERESINA;S P MAGALHAES EMPREENDIMENTOS LTDA; 10.978.518/0001-58;AVENIDA JOAO XXIII;1520;0;SÃO CRISTÓVÃO;64045-000;GASOLINA;26/01/2026;5,86;;R$ / litro;SABBÁ
NE;PI;TERESINA;S P MAGALHAES EMPREENDIMENTOS LTDA; 10.978.518/0001-58;AVENIDA JOAO XXIII;1520;0;SÃO CRISTÓVÃO;64045-000;GASOLINA ADITIVADA;26/01/2026;6,04;;R$ / litro;SABBÁ
NE;PI;TERESINA;S P MAGALHAES EMPREENDIMENTOS LTDA; 10.978.518/0001-58;AVENIDA JOAO XXIII;1520;0;SÃO CRISTÓVÃO;64045-000;ETANOL;26/01/2026;4,57;;R$ / litro;SABBÁ
NE;PI;TERESINA;SAO FRANCISCO PETROLEO LTDA; 10.336.626/0001-27;AVENIDA FREI SERAFIM;2474;;CENTRO;64001-020;GASOLINA;26/01/2026;5,94;;R$ / litro;VIBRA
NE;PI;TERESINA;SAO FRANCISCO PETROLEO LTDA; 10.336.626/0001-27;AVENIDA FREI SERAFIM;2474;;CENTRO;64001-020;GASOLINA ADITIVADA;26/01/2026;6,24;;R$ / litro;VIBRA
NE;PI;TERESINA;SAO FRANCISCO PETROLEO LTDA; 10.336.626/0001-27;AVENIDA FREI SERAFIM;2474;;CENTRO;64001-020;DIESEL S10;26/01/2026;6,44;;R$ / litro;VIBRA
NE;PI;TERESINA;SAO FRANCISCO PETROLEO LTDA; 10.336.626/0001-27;AVENIDA FREI SERAFIM;2474;;CENTRO;64001-020;ETANOL;26/01/2026;4,59;;R$ / litro;VIBRA
NE;PI;TERESINA;CACIQUE PETROLEO LTDA; 06.656.656/0004-96;AVENIDA MIGUEL ROSA;3768;SUL;PICARRA;64001-973;GASOLINA;28/01/2026;5,99;;R$ / litro;VIBRA
NE;PI;TERESINA;CACIQUE PETROLEO LTDA; 06.656.656/0004-96;AVENIDA MIGUEL ROSA;3768;SUL;PICARRA;64001-973;GASOLINA ADITIVADA;28/01/2026;5,99;;R$ / litro;VIBRA
NE;PI;TERESINA;CACIQUE PETROLEO LTDA; 06.656.656/0004-96;AVENIDA MIGUEL ROSA;3768;SUL;PICARRA;64001-973;ETANOL;28/01/2026;4,59;;R$ / litro;VIBRA
NE;PI;TERESINA;CACIQUE PETROLEO LTDA; 06.656.656/0003-05;AVENIDA PRESIDENTE KENNEDY;1944;;SAO CRISTOVAO;64052-800;GASOLINA;26/01/2026;5,89;;R$ / litro;VIBRA
NE;PI;TERESINA;CACIQUE PETROLEO LTDA; 06.656.656/0003-05;AVENIDA PRESIDENTE KENNEDY;1944;;SAO CRISTOVAO;64052-800;GASOLINA ADITIVADA;26/01/2026;6,09;;R$ / litro;VIBRA
NE;PI;TERESINA;CACIQUE PETROLEO LTDA; 06.656.656/0003-05;AVENIDA PRESIDENTE KENNEDY;1944;;SAO CRISTOVAO;64052-800;ETANOL;26/01/2026;4,59;;R$ / litro;VIBRA
NE;PI;TERESINA;CACIQUE PETROLEO LTDA; 06.656.656/0012-04;AVENIDA RUI BARBOSA;1662;;VILA OPERARIA;64076-410;GASOLINA;28/01/2026;5,99;;R$ / litro;VIBRA
NE;PI;TERESINA;CACIQUE PETROLEO LTDA; 06.656.656/0012-04;AVENIDA RUI BARBOSA;1662;;VILA OPERARIA;64076-410;GASOLINA ADITIVADA;28/01/2026;6,29;;R$ / litro;VIBRA
NE;PI;TERESINA;CACIQUE PETROLEO LTDA; 06.656.656/0012-04;AVENIDA RUI BARBOSA;1662;;VILA OPERARIA;64076-410;ETANOL;28/01/2026;4,59;;R$ / litro;VIBRA
NE;PI;TERESINA;CACIQUE PETROLEO LTDA; 06.656.656/0002-24;AVENIDA MIGUEL ROSA;3833;SUL;PICARRA;64001-973;GASOLINA;28/01/2026;5,99;;R$ / litro;VIBRA
NE;PI;TERESINA;CACIQUE PETROLEO LTDA; 06.656.656/0002-24;AVENIDA MIGUEL ROSA;3833;SUL;PICARRA;64001-973;GASOLINA ADITIVADA;28/01/2026;6,29;;R$ / litro;VIBRA
NE;PI;TERESINA;CACIQUE PETROLEO LTDA; 06.656.656/0002-24;AVENIDA MIGUEL ROSA;3833;SUL;PICARRA;64001-973;ETANOL;28/01/2026;4,59;;R$ / litro;VIBRA
NE;PI;TERESINA;MIRANTE PETROLEO LTDA; 03.612.498/0001-31;AVENIDA PRESIDENTE KENNEDY;5779;;MORROS;64062-100;GASOLINA;26/01/2026;5,79;;R$ / litro;IPIRANGA
NE;PI;TERESINA;MIRANTE PETROLEO LTDA; 03.612.498/0001-31;AVENIDA PRESIDENTE KENNEDY;5779;;MORROS;64062-100;DIESEL;26/01/2026;5,89;;R$ / litro;IPIRANGA
NE;PI;TERESINA;MIRANTE PETROLEO LTDA; 03.612.498/0001-31;AVENIDA PRESIDENTE KENNEDY;5779;;MORROS;64062-100;DIESEL S10;26/01/2026;5,99;;R$ / litro;IPIRANGA
NE;PI;TERESINA;MIRANTE PETROLEO LTDA; 03.612.498/0001-31;AVENIDA PRESIDENTE KENNEDY;5779;;MORROS;64062-100;ETANOL;26/01/2026;4,49;;R$ / litro;IPIRANGA
NE;PI;TERESINA;FCN.X CARVALHO COMBUSTIVEL LTDA; 09.641.208/0001-64;AVENIDA HOMERO CASTELO BRANCO;630;SALA  C;SAO CRISTOVAO;64048-400;GASOLINA;26/01/2026;5,99;;R$ / litro;VIBRA
NE;PI;TERESINA;FCN.X CARVALHO COMBUSTIVEL LTDA; 09.641.208/0001-64;AVENIDA HOMERO CASTELO BRANCO;630;SALA  C;SAO CRISTOVAO;64048-400;GASOLINA ADITIVADA;26/01/2026;6,39;;R$ / litro;VIBRA
NE;PI;TERESINA;FCN.X CARVALHO COMBUSTIVEL LTDA; 09.641.208/0001-64;AVENIDA HOMERO CASTELO BRANCO;630;SALA  C;SAO CRISTOVAO;64048-400;ETANOL;26/01/2026;4,79;;R$ / litro;VIBRA
NE;PI;TERESINA;POSTO CERTO LTDA; 08.610.754/0001-75;AVENIDA JOAO XXIII;2180;;NOIVOS;64045-000;GASOLINA;26/01/2026;5,88;;R$ / litro;SABBÁ
NE;PI;TERESINA;POSTO CERTO LTDA; 08.610.754/0001-75;AVENIDA JOAO XXIII;2180;;NOIVOS;64045-000;GASOLINA ADITIVADA;26/01/2026;6,18;;R$ / litro;SABBÁ
NE;PI;TERESINA;POSTO CERTO LTDA; 08.610.754/0001-75;AVENIDA JOAO XXIII;2180;;NOIVOS;64045-000;DIESEL S10;26/01/2026;5,99;;R$ / litro;SABBÁ
NE;PI;TERESINA;POSTO CERTO LTDA; 08.610.754/0001-75;AVENIDA JOAO XXIII;2180;;NOIVOS;64045-000;ETANOL;26/01/2026;4,49;;R$ / litro;SABBÁ
NE;PI;TERESINA;JUNCO COMERCIAL LTDA; 02.760.727/0002-83;AVENIDA MARANHAO;900;;CENTRO/N;64000-010;GASOLINA;28/01/2026;5,85;;R$ / litro;VIBRA
NE;PI;TERESINA;JUNCO COMERCIAL LTDA; 02.760.727/0002-83;AVENIDA MARANHAO;900;;CENTRO/N;64000-010;GASOLINA ADITIVADA;28/01/2026;6,19;;R$ / litro;VIBRA
NE;PI;TERESINA;JUNCO COMERCIAL LTDA; 02.760.727/0002-83;AVENIDA MARANHAO;900;;CENTRO/N;64000-010;ETANOL;28/01/2026;4,59;;R$ / litro;VIBRA
NE;PI;TERESINA;G. & S. PETROLEO LTDA; 10.919.164/0001-70;AVENIDA SANTOS DUMONT;480;;VILA OPERARIA;64002-200;GASOLINA;28/01/2026;5,93;;R$ / litro;VIBRA
NE;PI;TERESINA;G. & S. PETROLEO LTDA; 10.919.164/0001-70;AVENIDA SANTOS DUMONT;480;;VILA OPERARIA;64002-200;ETANOL;28/01/2026;4,52;;R$ / litro;VIBRA
NE;PI;TERESINA;POSTO FLEX COMBUSTIVEIS LTDA; 10.948.874/0001-29;AVENIDA PRESIDENTE KENNEDY;5200;/B;MORROS;64062-100;GASOLINA;26/01/2026;5,78;;R$ / litro;BRANCA
NE;PI;TERESINA;POSTO FLEX COMBUSTIVEIS LTDA; 10.948.874/0001-29;AVENIDA PRESIDENTE KENNEDY;5200;/B;MORROS;64062-100;ETANOL;26/01/2026;4,38;;R$ / litro;BRANCA
NE;PI;TERESINA;CACIQUE PETROLEO LTDA; 06.656.656/0019-72;AVENIDA LINDOLFO MONTEIRO;990;;FATIMA;64049-440;GASOLINA;26/01/2026;6,09;;R$ / litro;VIBRA
NE;PI;TERESINA;CACIQUE PETROLEO LTDA; 06.656.656/0019-72;AVENIDA LINDOLFO MONTEIRO;990;;FATIMA;64049-440;GASOLINA ADITIVADA;26/01/2026;6,49;;R$ / litro;VIBRA
NE;PI;TERESINA;CACIQUE PETROLEO LTDA; 06.656.656/0019-72;AVENIDA LINDOLFO MONTEIRO;990;;FATIMA;64049-440;DIESEL;26/01/2026;6,54;;R$ / litro;VIBRA
NE;PI;TERESINA;CACIQUE PETROLEO LTDA; 06.656.656/0019-72;AVENIDA LINDOLFO MONTEIRO;990;;FATIMA;64049-440;ETANOL;26/01/2026;4,79;;R$ / litro;VIBRA
NE;PI;TERESINA;ROCHA & RESPLANDES LTDA.; 13.713.560/0001-35;AV. PREFEITO FREITAS NETO;21;QD 13 CS 21/22;MOCAMBINHO;64010-100;GASOLINA;28/01/2026;6,09;;R$ / litro;VIBRA
NE;PI;TERESINA;ROCHA & RESPLANDES LTDA.; 13.713.560/0001-35;AV. PREFEITO FREITAS NETO;21;QD 13 CS 21/22;MOCAMBINHO;64010-100;GASOLINA ADITIVADA;28/01/2026;6,19;;R$ / litro;VIBRA
NE;PI;TERESINA;ROCHA & RESPLANDES LTDA.; 13.713.560/0001-35;AV. PREFEITO FREITAS NETO;21;QD 13 CS 21/22;MOCAMBINHO;64010-100;DIESEL S10;28/01/2026;6,19;;R$ / litro;VIBRA
NE;PI;TERESINA;ROCHA & RESPLANDES LTDA.; 13.713.560/0001-35;AV. PREFEITO FREITAS NETO;21;QD 13 CS 21/22;MOCAMBINHO;64010-100;ETANOL;28/01/2026;4,79;;R$ / litro;VIBRA
NE;PI;TERESINA;POSTO MAIS SAO JOAQUIM LTDA; 10.405.299/0001-18;RUA RUI BARBOSA;4499;;SAO JOAQUIM;64002-180;GASOLINA;28/01/2026;5,89;;R$ / litro;SABBÁ
NE;PI;TERESINA;POSTO MAIS SAO JOAQUIM LTDA; 10.405.299/0001-18;RUA RUI BARBOSA;4499;;SAO JOAQUIM;64002-180;DIESEL;28/01/2026;5,99;;R$ / litro;SABBÁ
NE;PI;TERESINA;POSTO MAIS SAO JOAQUIM LTDA; 10.405.299/0001-18;RUA RUI BARBOSA;4499;;SAO JOAQUIM;64002-180;ETANOL;28/01/2026;4,45;;R$ / litro;SABBÁ
NE;PI;TERESINA;COMPANHIA BRASILEIRA DE DISTRIBUICAO; 47.508.411/1563-26;AVENIDA PRESIDENTE KENNEDY;501;PARTE II;SAO CRISTOVAO;64052-345;GASOLINA;26/01/2026;5,91;;R$ / litro;IPIRANGA
NE;PI;TERESINA;COMPANHIA BRASILEIRA DE DISTRIBUICAO; 47.508.411/1563-26;AVENIDA PRESIDENTE KENNEDY;501;PARTE II;SAO CRISTOVAO;64052-345;GASOLINA ADITIVADA;26/01/2026;6,11;;R$ / litro;IPIRANGA
NE;PI;TERESINA;COMPANHIA BRASILEIRA DE DISTRIBUICAO; 47.508.411/1563-26;AVENIDA PRESIDENTE KENNEDY;501;PARTE II;SAO CRISTOVAO;64052-345;ETANOL;26/01/2026;4,89;;R$ / litro;IPIRANGA
NE;PI;TERESINA;IGUATEMI DISTRIBUIDORA LTDA; 03.072.068/0002-55;AVENIDA DOM SEVERINO;1498;;FATIMA;64049-375;GASOLINA;26/01/2026;5,95;;R$ / litro;BRANCA
NE;PI;TERESINA;IGUATEMI DISTRIBUIDORA LTDA; 03.072.068/0002-55;AVENIDA DOM SEVERINO;1498;;FATIMA;64049-375;GASOLINA ADITIVADA;26/01/2026;5,99;;R$ / litro;BRANCA
NE;PI;TERESINA;IGUATEMI DISTRIBUIDORA LTDA; 03.072.068/0002-55;AVENIDA DOM SEVERINO;1498;;FATIMA;64049-375;DIESEL S10;26/01/2026;5,99;;R$ / litro;BRANCA
NE;PI;TERESINA;IGUATEMI DISTRIBUIDORA LTDA; 03.072.068/0002-55;AVENIDA DOM SEVERINO;1498;;FATIMA;64049-375;ETANOL;26/01/2026;4,55;;R$ / litro;BRANCA
NE;PI;TERESINA;POSTO SANTO EXPEDITO PETROLEO LTDA; 18.325.275/0001-60;AVENIDA DEPUTADO PAULO FERRAZ;3321;;ITARARE;64078-005;GASOLINA;29/01/2026;5,89;;R$ / litro;BRANCA
NE;PI;TERESINA;POSTO SANTO EXPEDITO PETROLEO LTDA; 18.325.275/0001-60;AVENIDA DEPUTADO PAULO FERRAZ;3321;;ITARARE;64078-005;GASOLINA ADITIVADA;29/01/2026;5,89;;R$ / litro;BRANCA
NE;PI;TERESINA;POSTO SANTO EXPEDITO PETROLEO LTDA; 18.325.275/0001-60;AVENIDA DEPUTADO PAULO FERRAZ;3321;;ITARARE;64078-005;DIESEL;29/01/2026;5,94;;R$ / litro;BRANCA
NE;PI;TERESINA;POSTO SANTO EXPEDITO PETROLEO LTDA; 18.325.275/0001-60;AVENIDA DEPUTADO PAULO FERRAZ;3321;;ITARARE;64078-005;DIESEL S10;29/01/2026;5,99;;R$ / litro;BRANCA
NE;PI;TERESINA;PLANALTO PETROLEO UNIAO LTDA; 21.992.964/0001-33;AVENIDA UNIAO;2261;;MEMORARE;64009-500;GASOLINA;28/01/2026;5,89;;R$ / litro;IPIRANGA
NE;PI;TERESINA;PLANALTO PETROLEO UNIAO LTDA; 21.992.964/0001-33;AVENIDA UNIAO;2261;;MEMORARE;64009-500;GASOLINA ADITIVADA;28/01/2026;5,99;;R$ / litro;IPIRANGA
NE;PI;TERESINA;PLANALTO PETROLEO UNIAO LTDA; 21.992.964/0001-33;AVENIDA UNIAO;2261;;MEMORARE;64009-500;DIESEL S10;28/01/2026;5,89;;R$ / litro;IPIRANGA
NE;PI;TERESINA;PLANALTO PETROLEO UNIAO LTDA; 21.992.964/0001-33;AVENIDA UNIAO;2261;;MEMORARE;64009-500;ETANOL;28/01/2026;4,49;;R$ / litro;IPIRANGA
NE;PI;TERESINA;COMERCIO CARVALHO LTDA; 06.511.885/0013-03;RUA JERUMENHA;4590;LETRA A;BUENOS AIRES;64008-300;GASOLINA;28/01/2026;5,99;;R$ / litro;VIBRA
NE;PI;TERESINA;COMERCIO CARVALHO LTDA; 06.511.885/0013-03;RUA JERUMENHA;4590;LETRA A;BUENOS AIRES;64008-300;GASOLINA ADITIVADA;28/01/2026;6,19;;R$ / litro;VIBRA
NE;PI;TERESINA;COMERCIO CARVALHO LTDA; 06.511.885/0013-03;RUA JERUMENHA;4590;LETRA A;BUENOS AIRES;64008-300;ETANOL;28/01/2026;4,89;;R$ / litro;VIBRA
NE;PI;TERESINA;PLANALTO PETROLEO ESTAIADA LTDA; 30.043.687/0001-03;RUA PRIMEIRO DE MAIO (ZONA NORTE);1627;;MARQUES;64002-510;GASOLINA;28/01/2026;5,89;;R$ / litro;BRANCA
NE;PI;TERESINA;PLANALTO PETROLEO ESTAIADA LTDA; 30.043.687/0001-03;RUA PRIMEIRO DE MAIO (ZONA NORTE);1627;;MARQUES;64002-510;GASOLINA ADITIVADA;28/01/2026;5,96;;R$ / litro;BRANCA
NE;PI;TERESINA;PLANALTO PETROLEO ESTAIADA LTDA; 30.043.687/0001-03;RUA PRIMEIRO DE MAIO (ZONA NORTE);1627;;MARQUES;64002-510;ETANOL;28/01/2026;4,55;;R$ / litro;BRANCA
NE;PI;TERESINA;POSTO UCHOA LTDA; 24.966.843/0001-05;AVENIDA DOUTOR JOSUE DE MOURA SANTOS;2161;B;PEDRA MOLE;64066-430;GASOLINA;26/01/2026;5,83;;R$ / litro;IPIRANGA
NE;PI;TERESINA;POSTO UCHOA LTDA; 24.966.843/0001-05;AVENIDA DOUTOR JOSUE DE MOURA SANTOS;2161;B;PEDRA MOLE;64066-430;GASOLINA ADITIVADA;26/01/2026;6,15;;R$ / litro;IPIRANGA
NE;PI;TERESINA;POSTO UCHOA LTDA; 24.966.843/0001-05;AVENIDA DOUTOR JOSUE DE MOURA SANTOS;2161;B;PEDRA MOLE;64066-430;DIESEL;26/01/2026;6,75;;R$ / litro;IPIRANGA
NE;PI;TERESINA;POSTO UCHOA LTDA; 24.966.843/0001-05;AVENIDA DOUTOR JOSUE DE MOURA SANTOS;2161;B;PEDRA MOLE;64066-430;DIESEL S10;26/01/2026;6,75;;R$ / litro;IPIRANGA
NE;PI;TERESINA;POSTO UCHOA LTDA; 24.966.843/0001-05;AVENIDA DOUTOR JOSUE DE MOURA SANTOS;2161;B;PEDRA MOLE;64066-430;ETANOL;26/01/2026;4,67;;R$ / litro;IPIRANGA
NE;PI;TERESINA;NEIVA & BRITO COMBUSTIVEIS LTDA; 32.237.402/0001-09;AVENIDA ZEQUINHA FREIRE;3419;;SATELITE;64059-310;GASOLINA;29/01/2026;5,98;;R$ / litro;BRANCA
NE;PI;TERESINA;NEIVA & BRITO COMBUSTIVEIS LTDA; 32.237.402/0001-09;AVENIDA ZEQUINHA FREIRE;3419;;SATELITE;64059-310;GASOLINA ADITIVADA;29/01/2026;6,18;;R$ / litro;BRANCA
NE;PI;TERESINA;NEIVA & BRITO COMBUSTIVEIS LTDA; 32.237.402/0001-09;AVENIDA ZEQUINHA FREIRE;3419;;SATELITE;64059-310;DIESEL S10;29/01/2026;6,08;;R$ / litro;BRANCA
NE;PI;TERESINA;NEIVA & BRITO COMBUSTIVEIS LTDA; 32.237.402/0001-09;AVENIDA ZEQUINHA FREIRE;3419;;SATELITE;64059-310;ETANOL;29/01/2026;4,58;;R$ / litro;BRANCA
NE;PI;TERESINA;POSTO DE COMBUSTIVEL AGUIA LTDA; 28.985.753/0001-12;AVENIDA HOMERO CASTELO BRANCO;2101;LETRA A;FATIMA;64049-505;GASOLINA;26/01/2026;6,09;;R$ / litro;IPIRANGA
NE;PI;TERESINA;POSTO DE COMBUSTIVEL AGUIA LTDA; 28.985.753/0001-12;AVENIDA HOMERO CASTELO BRANCO;2101;LETRA A;FATIMA;64049-505;GASOLINA ADITIVADA;26/01/2026;6,19;;R$ / litro;IPIRANGA
NE;PI;TERESINA;POSTO DE COMBUSTIVEL AGUIA LTDA; 28.985.753/0001-12;AVENIDA HOMERO CASTELO BRANCO;2101;LETRA A;FATIMA;64049-505;DIESEL S10;26/01/2026;6,79;;R$ / litro;IPIRANGA
NE;PI;TERESINA;POSTO DE COMBUSTIVEL AGUIA LTDA; 28.985.753/0001-12;AVENIDA HOMERO CASTELO BRANCO;2101;LETRA A;FATIMA;64049-505;ETANOL;26/01/2026;4,69;;R$ / litro;IPIRANGA
NE;PI;TERESINA;JESUS JOSE NOGUEIRA JUNIOR LTDA; 38.635.568/0001-51;AVENIDA SENADOR AREA LEAO;2140;;SAO CRISTOVAO;64051-090;GASOLINA;26/01/2026;5,99;;R$ / litro;VIBRA
NE;PI;TERESINA;JESUS JOSE NOGUEIRA JUNIOR LTDA; 38.635.568/0001-51;AVENIDA SENADOR AREA LEAO;2140;;SAO CRISTOVAO;64051-090;GASOLINA ADITIVADA;26/01/2026;6,39;;R$ / litro;VIBRA
NE;PI;TERESINA;JESUS JOSE NOGUEIRA JUNIOR LTDA; 38.635.568/0001-51;AVENIDA SENADOR AREA LEAO;2140;;SAO CRISTOVAO;64051-090;DIESEL S10;26/01/2026;6,29;;R$ / litro;VIBRA
NE;PI;TERESINA;JESUS JOSE NOGUEIRA JUNIOR LTDA; 38.635.568/0001-51;AVENIDA SENADOR AREA LEAO;2140;;SAO CRISTOVAO;64051-090;ETANOL;26/01/2026;4,69;;R$ / litro;VIBRA
NE;PI;TERESINA;CACIQUE PETROLEO LTDA; 06.656.656/0033-20;AVENIDA JOAO XXIII;805;;NOIVOS;64045-000;GASOLINA;26/01/2026;5,99;;R$ / litro;SABBÁ
NE;PI;TERESINA;CACIQUE PETROLEO LTDA; 06.656.656/0033-20;AVENIDA JOAO XXIII;805;;NOIVOS;64045-000;GASOLINA ADITIVADA;26/01/2026;6,39;;R$ / litro;SABBÁ
NE;PI;TERESINA;CACIQUE PETROLEO LTDA; 06.656.656/0033-20;AVENIDA JOAO XXIII;805;;NOIVOS;64045-000;DIESEL S10;26/01/2026;6,39;;R$ / litro;SABBÁ
NE;PI;TERESINA;CACIQUE PETROLEO LTDA; 06.656.656/0033-20;AVENIDA JOAO XXIII;805;;NOIVOS;64045-000;ETANOL;26/01/2026;4,65;;R$ / litro;SABBÁ
NE;PI;TERESINA;POSTO JOIA LTDA; 08.965.723/0001-37;RUA ENGENHEIRO ALVES DE NORONHA;5102;;BUENOS AIRES;64008-400;GASOLINA;05/02/2026;5,89;;R$ / litro;SABBÁ
NE;PI;TERESINA;POSTO JOIA LTDA; 08.965.723/0001-37;RUA ENGENHEIRO ALVES DE NORONHA;5102;;BUENOS AIRES;64008-400;ETANOL;05/02/2026;4,49;;R$ / litro;SABBÁ
NE;PI;TERESINA;POSTO HOMERO CASTELO BRANCO LTDA; 08.596.605/0001-07;AVENIDA TOMAZ DE AREA LEAO;2563;;ININGA;64048-600;GASOLINA;02/02/2026;5,97;;R$ / litro;VIBRA
NE;PI;TERESINA;POSTO HOMERO CASTELO BRANCO LTDA; 08.596.605/0001-07;AVENIDA TOMAZ DE AREA LEAO;2563;;ININGA;64048-600;GASOLINA ADITIVADA;02/02/2026;6,26;;R$ / litro;VIBRA
NE;PI;TERESINA;POSTO HOMERO CASTELO BRANCO LTDA; 08.596.605/0001-07;AVENIDA TOMAZ DE AREA LEAO;2563;;ININGA;64048-600;ETANOL;02/02/2026;4,57;;R$ / litro;VIBRA
NE;PI;TERESINA;PN PETROLEO LTDA.; 06.331.431/0001-17;RUA MUNDINHO FERRAZ;3225;;SAO CRISTOVAO;64055-330;GASOLINA;02/02/2026;5,89;;R$ / litro;BRANCA
NE;PI;TERESINA;PN PETROLEO LTDA.; 06.331.431/0001-17;RUA MUNDINHO FERRAZ;3225;;SAO CRISTOVAO;64055-330;GASOLINA ADITIVADA;02/02/2026;5,89;;R$ / litro;BRANCA
NE;PI;TERESINA;PN PETROLEO LTDA.; 06.331.431/0001-17;RUA MUNDINHO FERRAZ;3225;;SAO CRISTOVAO;64055-330;DIESEL S10;02/02/2026;6,09;;R$ / litro;BRANCA
NE;PI;TERESINA;TRANSSERVICE PETROLEO LTDA; 02.927.004/0001-45;AVENIDA BARAO DE GURGUEIA;2300;;SAO PEDRO;64019-350;GASOLINA;04/02/2026;5,89;;R$ / litro;BRANCA
NE;PI;TERESINA;TRANSSERVICE PETROLEO LTDA; 02.927.004/0001-45;AVENIDA BARAO DE GURGUEIA;2300;;SAO PEDRO;64019-350;GASOLINA ADITIVADA;04/02/2026;5,89;;R$ / litro;BRANCA
NE;PI;TERESINA;TRANSSERVICE PETROLEO LTDA; 02.927.004/0001-45;AVENIDA BARAO DE GURGUEIA;2300;;SAO PEDRO;64019-350;DIESEL;04/02/2026;6,04;;R$ / litro;BRANCA
NE;PI;TERESINA;TRANSSERVICE PETROLEO LTDA; 02.927.004/0001-45;AVENIDA BARAO DE GURGUEIA;2300;;SAO PEDRO;64019-350;DIESEL S10;04/02/2026;6,06;;R$ / litro;BRANCA
NE;PI;TERESINA;TRANSSERVICE PETROLEO LTDA; 02.927.004/0001-45;AVENIDA BARAO DE GURGUEIA;2300;;SAO PEDRO;64019-350;ETANOL;04/02/2026;4,44;;R$ / litro;BRANCA
NE;PI;TERESINA;PIPEL-PICOS PETROLEO LTDA; 07.483.266/0005-05;AVENIDA PREF. WALL  FERRAZ;7420;;TRIUNFO;64000-010;GASOLINA;04/02/2026;5,78;;R$ / litro;VIBRA
NE;PI;TERESINA;PIPEL-PICOS PETROLEO LTDA; 07.483.266/0005-05;AVENIDA PREF. WALL  FERRAZ;7420;;TRIUNFO;64000-010;GASOLINA ADITIVADA;04/02/2026;6,18;;R$ / litro;VIBRA
NE;PI;TERESINA;PIPEL-PICOS PETROLEO LTDA; 07.483.266/0005-05;AVENIDA PREF. WALL  FERRAZ;7420;;TRIUNFO;64000-010;DIESEL;04/02/2026;5,76;;R$ / litro;VIBRA
NE;PI;TERESINA;PIPEL-PICOS PETROLEO LTDA; 07.483.266/0005-05;AVENIDA PREF. WALL  FERRAZ;7420;;TRIUNFO;64000-010;DIESEL S10;04/02/2026;5,79;;R$ / litro;VIBRA
NE;PI;TERESINA;CACIQUE PETROLEO LTDA; 06.656.656/0004-96;AVENIDA MIGUEL ROSA;3768;SUL;PICARRA;64001-973;GASOLINA;05/02/2026;5,99;;R$ / litro;VIBRA
NE;PI;TERESINA;CACIQUE PETROLEO LTDA; 06.656.656/0004-96;AVENIDA MIGUEL ROSA;3768;SUL;PICARRA;64001-973;GASOLINA ADITIVADA;05/02/2026;6,29;;R$ / litro;VIBRA
NE;PI;TERESINA;CACIQUE PETROLEO LTDA; 06.656.656/0004-96;AVENIDA MIGUEL ROSA;3768;SUL;PICARRA;64001-973;ETANOL;05/02/2026;4,59;;R$ / litro;VIBRA
NE;PI;TERESINA;CACIQUE PETROLEO LTDA; 06.656.656/0003-05;AVENIDA PRESIDENTE KENNEDY;1944;;SAO CRISTOVAO;64052-800;GASOLINA;02/02/2026;5,99;;R$ / litro;VIBRA
NE;PI;TERESINA;CACIQUE PETROLEO LTDA; 06.656.656/0003-05;AVENIDA PRESIDENTE KENNEDY;1944;;SAO CRISTOVAO;64052-800;GASOLINA ADITIVADA;02/02/2026;6,39;;R$ / litro;VIBRA
NE;PI;TERESINA;CACIQUE PETROLEO LTDA; 06.656.656/0003-05;AVENIDA PRESIDENTE KENNEDY;1944;;SAO CRISTOVAO;64052-800;DIESEL S10;02/02/2026;6,89;;R$ / litro;VIBRA
NE;PI;TERESINA;CACIQUE PETROLEO LTDA; 06.656.656/0003-05;AVENIDA PRESIDENTE KENNEDY;1944;;SAO CRISTOVAO;64052-800;ETANOL;02/02/2026;4,59;;R$ / litro;VIBRA
NE;PI;TERESINA;CACIQUE PETROLEO LTDA; 06.656.656/0009-09;AVENIDA MIGUEL ROSA;6185;SUL;;64001-973;GASOLINA;04/02/2026;5,89;;R$ / litro;VIBRA
NE;PI;TERESINA;CACIQUE PETROLEO LTDA; 06.656.656/0009-09;AVENIDA MIGUEL ROSA;6185;SUL;;64001-973;GASOLINA ADITIVADA;04/02/2026;5,99;;R$ / litro;VIBRA
NE;PI;TERESINA;CACIQUE PETROLEO LTDA; 06.656.656/0009-09;AVENIDA MIGUEL ROSA;6185;SUL;;64001-973;DIESEL;04/02/2026;6,39;;R$ / litro;VIBRA
NE;PI;TERESINA;CACIQUE PETROLEO LTDA; 06.656.656/0009-09;AVENIDA MIGUEL ROSA;6185;SUL;;64001-973;ETANOL;04/02/2026;4,59;;R$ / litro;VIBRA
NE;PI;TERESINA;CACIQUE PETROLEO LTDA; 06.656.656/0012-04;AVENIDA RUI BARBOSA;1662;;VILA OPERARIA;64076-410;GASOLINA;05/02/2026;5,99;;R$ / litro;VIBRA
NE;PI;TERESINA;CACIQUE PETROLEO LTDA; 06.656.656/0012-04;AVENIDA RUI BARBOSA;1662;;VILA OPERARIA;64076-410;GASOLINA ADITIVADA;05/02/2026;6,29;;R$ / litro;VIBRA
NE;PI;TERESINA;CACIQUE PETROLEO LTDA; 06.656.656/0012-04;AVENIDA RUI BARBOSA;1662;;VILA OPERARIA;64076-410;ETANOL;05/02/2026;4,59;;R$ / litro;VIBRA
NE;PI;TERESINA;CACIQUE PETROLEO LTDA; 06.656.656/0002-24;AVENIDA MIGUEL ROSA;3833;SUL;PICARRA;64001-973;GASOLINA;05/02/2026;5,99;;R$ / litro;VIBRA
NE;PI;TERESINA;CACIQUE PETROLEO LTDA; 06.656.656/0002-24;AVENIDA MIGUEL ROSA;3833;SUL;PICARRA;64001-973;GASOLINA ADITIVADA;05/02/2026;6,29;;R$ / litro;VIBRA
NE;PI;TERESINA;CACIQUE PETROLEO LTDA; 06.656.656/0002-24;AVENIDA MIGUEL ROSA;3833;SUL;PICARRA;64001-973;ETANOL;05/02/2026;4,59;;R$ / litro;VIBRA
NE;PI;TERESINA;MIRANTE PETROLEO LTDA; 03.612.498/0001-31;AVENIDA PRESIDENTE KENNEDY;5779;;MORROS;64062-100;GASOLINA;04/02/2026;5,79;;R$ / litro;IPIRANGA
NE;PI;TERESINA;MIRANTE PETROLEO LTDA; 03.612.498/0001-31;AVENIDA PRESIDENTE KENNEDY;5779;;MORROS;64062-100;DIESEL;04/02/2026;5,89;;R$ / litro;IPIRANGA
NE;PI;TERESINA;MIRANTE PETROLEO LTDA; 03.612.498/0001-31;AVENIDA PRESIDENTE KENNEDY;5779;;MORROS;64062-100;DIESEL S10;04/02/2026;5,99;;R$ / litro;IPIRANGA
NE;PI;TERESINA;MIRANTE PETROLEO LTDA; 03.612.498/0001-31;AVENIDA PRESIDENTE KENNEDY;5779;;MORROS;64062-100;ETANOL;04/02/2026;4,49;;R$ / litro;IPIRANGA
NE;PI;TERESINA;CLEONICE FERREIRA SILVA; 03.171.610/0001-46;AVENIDA BARAO DE GURGUEIA;2635;;VERMELHA;64018-500;GASOLINA;04/02/2026;5,89;;R$ / litro;BRANCA
NE;PI;TERESINA;CLEONICE FERREIRA SILVA; 03.171.610/0001-46;AVENIDA BARAO DE GURGUEIA;2635;;VERMELHA;64018-500;GASOLINA ADITIVADA;04/02/2026;5,99;;R$ / litro;BRANCA
NE;PI;TERESINA;CLEONICE FERREIRA SILVA; 03.171.610/0001-46;AVENIDA BARAO DE GURGUEIA;2635;;VERMELHA;64018-500;DIESEL;04/02/2026;5,79;;R$ / litro;BRANCA
NE;PI;TERESINA;CLEONICE FERREIRA SILVA; 03.171.610/0001-46;AVENIDA BARAO DE GURGUEIA;2635;;VERMELHA;64018-500;DIESEL S10;04/02/2026;5,89;;R$ / litro;BRANCA
NE;PI;TERESINA;CLEONICE FERREIRA SILVA; 03.171.610/0001-46;AVENIDA BARAO DE GURGUEIA;2635;;VERMELHA;64018-500;ETANOL;04/02/2026;4,49;;R$ / litro;BRANCA
NE;PI;TERESINA;POSTO HIDROLANDIA LTDA; 03.069.763/0001-87;AVENIDA PREFEITO WALL FERRAZ;8570;SUL;LOURIVAL PARENTE;64022-145;GASOLINA;04/02/2026;5,85;;R$ / litro;IPIRANGA
NE;PI;TERESINA;POSTO HIDROLANDIA LTDA; 03.069.763/0001-87;AVENIDA PREFEITO WALL FERRAZ;8570;SUL;LOURIVAL PARENTE;64022-145;GASOLINA ADITIVADA;04/02/2026;6,15;;R$ / litro;IPIRANGA
NE;PI;TERESINA;POSTO HIDROLANDIA LTDA; 03.069.763/0001-87;AVENIDA PREFEITO WALL FERRAZ;8570;SUL;LOURIVAL PARENTE;64022-145;DIESEL;04/02/2026;5,95;;R$ / litro;IPIRANGA
NE;PI;TERESINA;POSTO HIDROLANDIA LTDA; 03.069.763/0001-87;AVENIDA PREFEITO WALL FERRAZ;8570;SUL;LOURIVAL PARENTE;64022-145;DIESEL S10;04/02/2026;5,99;;R$ / litro;IPIRANGA
NE;PI;TERESINA;POSTO HIDROLANDIA LTDA; 03.069.763/0001-87;AVENIDA PREFEITO WALL FERRAZ;8570;SUL;LOURIVAL PARENTE;64022-145;ETANOL;04/02/2026;4,49;;R$ / litro;IPIRANGA
NE;PI;TERESINA;JUNCO COMERCIAL LTDA; 02.760.727/0001-00;RUA JOAQUIM NELSON;2121;;PARQUE IDEAL;64078-625;GASOLINA;04/02/2026;5,89;;R$ / litro;VIBRA
NE;PI;TERESINA;JUNCO COMERCIAL LTDA; 02.760.727/0001-00;RUA JOAQUIM NELSON;2121;;PARQUE IDEAL;64078-625;GASOLINA ADITIVADA;04/02/2026;6,19;;R$ / litro;VIBRA
NE;PI;TERESINA;JUNCO COMERCIAL LTDA; 02.760.727/0001-00;RUA JOAQUIM NELSON;2121;;PARQUE IDEAL;64078-625;DIESEL S10;04/02/2026;5,99;;R$ / litro;VIBRA
NE;PI;TERESINA;JUNCO COMERCIAL LTDA; 02.760.727/0001-00;RUA JOAQUIM NELSON;2121;;PARQUE IDEAL;64078-625;ETANOL;04/02/2026;4,59;;R$ / litro;VIBRA
NE;PI;TERESINA;POSTO MAIS PROMORAR LTDA; 09.442.915/0001-21;AVENIDA DEPUTADO ULISSES GUIMARAES;1933;QUADRA92C                 CONJ  PROMORAR;PROMORAR;64027-330;GASOLINA;04/02/2026;5,85;;R$ / litro;BRANCA
NE;PI;TERESINA;POSTO MAIS PROMORAR LTDA; 09.442.915/0001-21;AVENIDA DEPUTADO ULISSES GUIMARAES;1933;QUADRA92C                 CONJ  PROMORAR;PROMORAR;64027-330;ETANOL;04/02/2026;4,34;;R$ / litro;BRANCA
NE;PI;TERESINA;POSTO CERTO LTDA; 08.610.754/0001-75;AVENIDA JOAO XXIII;2180;;NOIVOS;64045-000;ETANOL;02/02/2026;4,57;;R$ / litro;SABBÁ
NE;PI;TERESINA;POSTO CERTO LTDA; 08.610.754/0001-75;AVENIDA JOAO XXIII;2180;;NOIVOS;64045-000;GASOLINA;02/02/2026;5,88;;R$ / litro;SABBÁ
NE;PI;TERESINA;POSTO CERTO LTDA; 08.610.754/0001-75;AVENIDA JOAO XXIII;2180;;NOIVOS;64045-000;GASOLINA ADITIVADA;02/02/2026;6,18;;R$ / litro;SABBÁ
NE;PI;TERESINA;POSTO CERTO LTDA; 08.610.754/0001-75;AVENIDA JOAO XXIII;2180;;NOIVOS;64045-000;DIESEL S10;02/02/2026;5,99;;R$ / litro;SABBÁ
NE;PI;TERESINA;JUNCO COMERCIAL LTDA; 02.760.727/0002-83;AVENIDA MARANHAO;900;;CENTRO/N;64000-010;GASOLINA;05/02/2026;5,85;;R$ / litro;VIBRA
NE;PI;TERESINA;JUNCO COMERCIAL LTDA; 02.760.727/0002-83;AVENIDA MARANHAO;900;;CENTRO/N;64000-010;GASOLINA ADITIVADA;05/02/2026;6,19;;R$ / litro;VIBRA
NE;PI;TERESINA;JUNCO COMERCIAL LTDA; 02.760.727/0002-83;AVENIDA MARANHAO;900;;CENTRO/N;64000-010;ETANOL;05/02/2026;4,69;;R$ / litro;VIBRA
NE;PI;TERESINA;POSTO CERTO LTDA; 08.610.754/0002-56;AVENIDA DEPUTADO PAULO FERRAZ;1771;;BEIRA RIO;64075-535;GASOLINA;04/02/2026;5,89;;R$ / litro;SABBÁ
NE;PI;TERESINA;POSTO CERTO LTDA; 08.610.754/0002-56;AVENIDA DEPUTADO PAULO FERRAZ;1771;;BEIRA RIO;64075-535;GASOLINA ADITIVADA;04/02/2026;6,14;;R$ / litro;SABBÁ
NE;PI;TERESINA;POSTO CERTO LTDA; 08.610.754/0002-56;AVENIDA DEPUTADO PAULO FERRAZ;1771;;BEIRA RIO;64075-535;DIESEL;04/02/2026;5,94;;R$ / litro;SABBÁ
NE;PI;TERESINA;POSTO CERTO LTDA; 08.610.754/0002-56;AVENIDA DEPUTADO PAULO FERRAZ;1771;;BEIRA RIO;64075-535;DIESEL S10;04/02/2026;5,99;;R$ / litro;SABBÁ
NE;PI;TERESINA;POSTO CERTO LTDA; 08.610.754/0002-56;AVENIDA DEPUTADO PAULO FERRAZ;1771;;BEIRA RIO;64075-535;ETANOL;04/02/2026;4,59;;R$ / litro;SABBÁ
NE;PI;TERESINA;CACIQUE PETROLEO LTDA; 06.656.656/0018-91;RUA OLAVO BILAC;989;SUL;CENTRO;64001-280;GASOLINA;04/02/2026;5,99;;R$ / litro;VIBRA
NE;PI;TERESINA;CACIQUE PETROLEO LTDA; 06.656.656/0018-91;RUA OLAVO BILAC;989;SUL;CENTRO;64001-280;GASOLINA ADITIVADA;04/02/2026;6,19;;R$ / litro;VIBRA
NE;PI;TERESINA;CACIQUE PETROLEO LTDA; 06.656.656/0018-91;RUA OLAVO BILAC;989;SUL;CENTRO;64001-280;ETANOL;04/02/2026;4,59;;R$ / litro;VIBRA
NE;PI;TERESINA;CACIQUE PETROLEO LTDA; 06.656.656/0019-72;AVENIDA LINDOLFO MONTEIRO;990;;FATIMA;64049-440;GASOLINA;02/02/2026;6,09;;R$ / litro;VIBRA
NE;PI;TERESINA;CACIQUE PETROLEO LTDA; 06.656.656/0019-72;AVENIDA LINDOLFO MONTEIRO;990;;FATIMA;64049-440;GASOLINA ADITIVADA;02/02/2026;6,49;;R$ / litro;VIBRA
NE;PI;TERESINA;CACIQUE PETROLEO LTDA; 06.656.656/0019-72;AVENIDA LINDOLFO MONTEIRO;990;;FATIMA;64049-440;DIESEL;02/02/2026;6,54;;R$ / litro;VIBRA
NE;PI;TERESINA;CACIQUE PETROLEO LTDA; 06.656.656/0019-72;AVENIDA LINDOLFO MONTEIRO;990;;FATIMA;64049-440;ETANOL;02/02/2026;4,79;;R$ / litro;VIBRA
NE;PI;TERESINA;CACIQUE PETROLEO LTDA; 06.656.656/0020-06;AVENIDA DEPUTADO PAULO FERRAZ;2907;;SAO RAIMUNDO;64075-005;GASOLINA;04/02/2026;5,89;;R$ / litro;IPIRANGA
NE;PI;TERESINA;CACIQUE PETROLEO LTDA; 06.656.656/0020-06;AVENIDA DEPUTADO PAULO FERRAZ;2907;;SAO RAIMUNDO;64075-005;GASOLINA ADITIVADA;04/02/2026;6,09;;R$ / litro;IPIRANGA
NE;PI;TERESINA;CACIQUE PETROLEO LTDA; 06.656.656/0020-06;AVENIDA DEPUTADO PAULO FERRAZ;2907;;SAO RAIMUNDO;64075-005;DIESEL;04/02/2026;5,97;;R$ / litro;IPIRANGA
NE;PI;TERESINA;CACIQUE PETROLEO LTDA; 06.656.656/0020-06;AVENIDA DEPUTADO PAULO FERRAZ;2907;;SAO RAIMUNDO;64075-005;ETANOL;04/02/2026;4,59;;R$ / litro;IPIRANGA
NE;PI;TERESINA;CACIQUE PETROLEO LTDA; 06.656.656/0021-97;AVENIDA PREFEITO WALL FERRAZ;15900;;ANGELIM;64040-840;GASOLINA;04/02/2026;5,89;;R$ / litro;IPIRANGA
NE;PI;TERESINA;CACIQUE PETROLEO LTDA; 06.656.656/0021-97;AVENIDA PREFEITO WALL FERRAZ;15900;;ANGELIM;64040-840;DIESEL;04/02/2026;6,27;;R$ / litro;IPIRANGA
NE;PI;TERESINA;CACIQUE PETROLEO LTDA; 06.656.656/0021-97;AVENIDA PREFEITO WALL FERRAZ;15900;;ANGELIM;64040-840;ETANOL;04/02/2026;4,69;;R$ / litro;IPIRANGA
NE;PI;TERESINA;IGUATEMI DISTRIBUIDORA LTDA; 03.072.068/0002-55;AVENIDA DOM SEVERINO;1498;;FATIMA;64049-375;GASOLINA;02/02/2026;5,95;;R$ / litro;BRANCA
NE;PI;TERESINA;IGUATEMI DISTRIBUIDORA LTDA; 03.072.068/0002-55;AVENIDA DOM SEVERINO;1498;;FATIMA;64049-375;GASOLINA ADITIVADA;02/02/2026;5,99;;R$ / litro;BRANCA
NE;PI;TERESINA;IGUATEMI DISTRIBUIDORA LTDA; 03.072.068/0002-55;AVENIDA DOM SEVERINO;1498;;FATIMA;64049-375;DIESEL S10;02/02/2026;5,99;;R$ / litro;BRANCA
NE;PI;TERESINA;IGUATEMI DISTRIBUIDORA LTDA; 03.072.068/0002-55;AVENIDA DOM SEVERINO;1498;;FATIMA;64049-375;ETANOL;02/02/2026;4,57;;R$ / litro;BRANCA
NE;PI;TERESINA;CACIQUE PETROLEO LTDA; 06.656.656/0022-78;AVENIDA DEPUTADO PAULO FERRAZ;1910;;TANCREDO NEVES;64076-005;GASOLINA;04/02/2026;5,89;;R$ / litro;IPIRANGA
NE;PI;TERESINA;CACIQUE PETROLEO LTDA; 06.656.656/0022-78;AVENIDA DEPUTADO PAULO FERRAZ;1910;;TANCREDO NEVES;64076-005;GASOLINA ADITIVADA;04/02/2026;6,29;;R$ / litro;IPIRANGA
NE;PI;TERESINA;CACIQUE PETROLEO LTDA; 06.656.656/0022-78;AVENIDA DEPUTADO PAULO FERRAZ;1910;;TANCREDO NEVES;64076-005;DIESEL;04/02/2026;5,97;;R$ / litro;IPIRANGA
NE;PI;TERESINA;CACIQUE PETROLEO LTDA; 06.656.656/0022-78;AVENIDA DEPUTADO PAULO FERRAZ;1910;;TANCREDO NEVES;64076-005;ETANOL;04/02/2026;4,59;;R$ / litro;IPIRANGA
NE;PI;TERESINA;COMERCIO CARVALHO LTDA; 06.511.885/0013-03;RUA JERUMENHA;4590;LETRA A;BUENOS AIRES;64008-300;GASOLINA;05/02/2026;5,99;;R$ / litro;VIBRA
NE;PI;TERESINA;COMERCIO CARVALHO LTDA; 06.511.885/0013-03;RUA JERUMENHA;4590;LETRA A;BUENOS AIRES;64008-300;GASOLINA ADITIVADA;05/02/2026;6,19;;R$ / litro;VIBRA
NE;PI;TERESINA;COMERCIO CARVALHO LTDA; 06.511.885/0013-03;RUA JERUMENHA;4590;LETRA A;BUENOS AIRES;64008-300;ETANOL;05/02/2026;4,89;;R$ / litro;VIBRA
NE;PI;TERESINA;CACIQUE PETROLEO LTDA; 06.656.656/0027-82;AVENIDA PREFEITO WALL FERRAZ;15100;;ANGELIM;64040-840;GASOLINA;04/02/2026;5,99;;R$ / litro;IPIRANGA
NE;PI;TERESINA;CACIQUE PETROLEO LTDA; 06.656.656/0027-82;AVENIDA PREFEITO WALL FERRAZ;15100;;ANGELIM;64040-840;DIESEL;04/02/2026;5,89;;R$ / litro;IPIRANGA
NE;PI;TERESINA;BARBOSA & NUNES LTDA; 08.956.319/0001-05;RUA IVAN TITO DE OLIVEIRA;2090;;LOURIVAL PARENTE;64023-500;GASOLINA;04/02/2026;5,85;;R$ / litro;BRANCA
NE;PI;TERESINA;BARBOSA & NUNES LTDA; 08.956.319/0001-05;RUA IVAN TITO DE OLIVEIRA;2090;;LOURIVAL PARENTE;64023-500;GASOLINA ADITIVADA;04/02/2026;5,95;;R$ / litro;BRANCA
NE;PI;TERESINA;BARBOSA & NUNES LTDA; 08.956.319/0001-05;RUA IVAN TITO DE OLIVEIRA;2090;;LOURIVAL PARENTE;64023-500;DIESEL;04/02/2026;5,73;;R$ / litro;BRANCA
NE;PI;TERESINA;BARBOSA & NUNES LTDA; 08.956.319/0001-05;RUA IVAN TITO DE OLIVEIRA;2090;;LOURIVAL PARENTE;64023-500;DIESEL S10;04/02/2026;5,75;;R$ / litro;BRANCA
NE;PI;TERESINA;BARBOSA & NUNES LTDA; 08.956.319/0001-05;RUA IVAN TITO DE OLIVEIRA;2090;;LOURIVAL PARENTE;64023-500;ETANOL;04/02/2026;4,49;;R$ / litro;BRANCA
NE;PI;TERESINA;CACIQUE PETROLEO LTDA; 06.656.656/0029-44;RUA JAIME DA SILVEIRA;864;;SANTA ISABEL;64053-280;GASOLINA;05/02/2026;5,99;;R$ / litro;VIBRA
NE;PI;TERESINA;CACIQUE PETROLEO LTDA; 06.656.656/0029-44;RUA JAIME DA SILVEIRA;864;;SANTA ISABEL;64053-280;GASOLINA ADITIVADA;05/02/2026;6,29;;R$ / litro;VIBRA
NE;PI;TERESINA;CACIQUE PETROLEO LTDA; 06.656.656/0029-44;RUA JAIME DA SILVEIRA;864;;SANTA ISABEL;64053-280;ETANOL;05/02/2026;4,59;;R$ / litro;VIBRA
NE;PI;TERESINA;CACIQUE PETROLEO LTDA; 06.656.656/0033-20;AVENIDA JOAO XXIII;805;;NOIVOS;64045-000;GASOLINA;02/02/2026;5,99;;R$ / litro;SABBÁ
NE;PI;TERESINA;CACIQUE PETROLEO LTDA; 06.656.656/0033-20;AVENIDA JOAO XXIII;805;;NOIVOS;64045-000;GASOLINA ADITIVADA;02/02/2026;6,19;;R$ / litro;SABBÁ
NE;PI;TERESINA;CACIQUE PETROLEO LTDA; 06.656.656/0033-20;AVENIDA JOAO XXIII;805;;NOIVOS;64045-000;DIESEL S10;02/02/2026;6,39;;R$ / litro;SABBÁ
NE;PI;TERESINA;CACIQUE PETROLEO LTDA; 06.656.656/0033-20;AVENIDA JOAO XXIII;805;;NOIVOS;64045-000;ETANOL;02/02/2026;4,65;;R$ / litro;SABBÁ
NE;PI;TERESINA;POSTO JOIA LTDA; 08.965.723/0001-37;RUA ENGENHEIRO ALVES DE NORONHA;5102;;BUENOS AIRES;64008-400;GASOLINA;12/02/2026;5,89;;R$ / litro;SABBÁ
NE;PI;TERESINA;POSTO JOIA LTDA; 08.965.723/0001-37;RUA ENGENHEIRO ALVES DE NORONHA;5102;;BUENOS AIRES;64008-400;ETANOL;12/02/2026;4,49;;R$ / litro;SABBÁ
NE;PI;TERESINA;POSTO HOMERO CASTELO BRANCO LTDA; 08.596.605/0001-07;AVENIDA TOMAZ DE AREA LEAO;2563;;ININGA;64048-600;GASOLINA;11/02/2026;5,97;;R$ / litro;VIBRA
NE;PI;TERESINA;POSTO HOMERO CASTELO BRANCO LTDA; 08.596.605/0001-07;AVENIDA TOMAZ DE AREA LEAO;2563;;ININGA;64048-600;GASOLINA ADITIVADA;11/02/2026;6,26;;R$ / litro;VIBRA
NE;PI;TERESINA;POSTO HOMERO CASTELO BRANCO LTDA; 08.596.605/0001-07;AVENIDA TOMAZ DE AREA LEAO;2563;;ININGA;64048-600;ETANOL;11/02/2026;4,57;;R$ / litro;VIBRA
NE;PI;TERESINA;PN PETROLEO LTDA.; 06.331.431/0001-17;RUA MUNDINHO FERRAZ;3225;;SAO CRISTOVAO;64055-330;GASOLINA;11/02/2026;5,89;;R$ / litro;BRANCA
NE;PI;TERESINA;PN PETROLEO LTDA.; 06.331.431/0001-17;RUA MUNDINHO FERRAZ;3225;;SAO CRISTOVAO;64055-330;GASOLINA ADITIVADA;11/02/2026;5,89;;R$ / litro;BRANCA
NE;PI;TERESINA;PN PETROLEO LTDA.; 06.331.431/0001-17;RUA MUNDINHO FERRAZ;3225;;SAO CRISTOVAO;64055-330;DIESEL S10;11/02/2026;5,95;;R$ / litro;BRANCA
NE;PI;TERESINA;TRANSSERVICE PETROLEO LTDA; 02.927.004/0001-45;AVENIDA BARAO DE GURGUEIA;2300;;SAO PEDRO;64019-350;GASOLINA;11/02/2026;5,89;;R$ / litro;BRANCA
NE;PI;TERESINA;TRANSSERVICE PETROLEO LTDA; 02.927.004/0001-45;AVENIDA BARAO DE GURGUEIA;2300;;SAO PEDRO;64019-350;GASOLINA ADITIVADA;11/02/2026;5,89;;R$ / litro;BRANCA
NE;PI;TERESINA;TRANSSERVICE PETROLEO LTDA; 02.927.004/0001-45;AVENIDA BARAO DE GURGUEIA;2300;;SAO PEDRO;64019-350;DIESEL;11/02/2026;6,04;;R$ / litro;BRANCA
NE;PI;TERESINA;TRANSSERVICE PETROLEO LTDA; 02.927.004/0001-45;AVENIDA BARAO DE GURGUEIA;2300;;SAO PEDRO;64019-350;DIESEL S10;11/02/2026;6,06;;R$ / litro;BRANCA
NE;PI;TERESINA;TRANSSERVICE PETROLEO LTDA; 02.927.004/0001-45;AVENIDA BARAO DE GURGUEIA;2300;;SAO PEDRO;64019-350;ETANOL;11/02/2026;4,44;;R$ / litro;BRANCA
NE;PI;TERESINA;PIPEL-PICOS PETROLEO LTDA; 07.483.266/0005-05;AVENIDA PREF. WALL  FERRAZ;7420;;TRIUNFO;64000-010;GASOLINA;11/02/2026;5,78;;R$ / litro;VIBRA
NE;PI;TERESINA;PIPEL-PICOS PETROLEO LTDA; 07.483.266/0005-05;AVENIDA PREF. WALL  FERRAZ;7420;;TRIUNFO;64000-010;GASOLINA ADITIVADA;11/02/2026;6,18;;R$ / litro;VIBRA
NE;PI;TERESINA;PIPEL-PICOS PETROLEO LTDA; 07.483.266/0005-05;AVENIDA PREF. WALL  FERRAZ;7420;;TRIUNFO;64000-010;DIESEL;11/02/2026;5,76;;R$ / litro;VIBRA
NE;PI;TERESINA;PIPEL-PICOS PETROLEO LTDA; 07.483.266/0005-05;AVENIDA PREF. WALL  FERRAZ;7420;;TRIUNFO;64000-010;DIESEL S10;11/02/2026;5,79;;R$ / litro;VIBRA
NE;PI;TERESINA;CACIQUE PETROLEO LTDA; 06.656.656/0004-96;AVENIDA MIGUEL ROSA;3768;SUL;PICARRA;64001-973;GASOLINA;12/02/2026;5,99;;R$ / litro;VIBRA
NE;PI;TERESINA;CACIQUE PETROLEO LTDA; 06.656.656/0004-96;AVENIDA MIGUEL ROSA;3768;SUL;PICARRA;64001-973;GASOLINA ADITIVADA;12/02/2026;6,29;;R$ / litro;VIBRA
NE;PI;TERESINA;CACIQUE PETROLEO LTDA; 06.656.656/0004-96;AVENIDA MIGUEL ROSA;3768;SUL;PICARRA;64001-973;ETANOL;12/02/2026;4,59;;R$ / litro;VIBRA
NE;PI;TERESINA;CACIQUE PETROLEO LTDA; 06.656.656/0003-05;AVENIDA PRESIDENTE KENNEDY;1944;;SAO CRISTOVAO;64052-800;GASOLINA;09/02/2026;5,99;;R$ / litro;VIBRA
NE;PI;TERESINA;CACIQUE PETROLEO LTDA; 06.656.656/0003-05;AVENIDA PRESIDENTE KENNEDY;1944;;SAO CRISTOVAO;64052-800;GASOLINA ADITIVADA;09/02/2026;6,39;;R$ / litro;VIBRA
NE;PI;TERESINA;CACIQUE PETROLEO LTDA; 06.656.656/0003-05;AVENIDA PRESIDENTE KENNEDY;1944;;SAO CRISTOVAO;64052-800;ETANOL;09/02/2026;4,59;;R$ / litro;VIBRA
NE;PI;TERESINA;CACIQUE PETROLEO LTDA; 06.656.656/0009-09;AVENIDA MIGUEL ROSA;6185;SUL;;64001-973;GASOLINA;11/02/2026;5,99;;R$ / litro;VIBRA
NE;PI;TERESINA;CACIQUE PETROLEO LTDA; 06.656.656/0009-09;AVENIDA MIGUEL ROSA;6185;SUL;;64001-973;GASOLINA ADITIVADA;11/02/2026;6,29;;R$ / litro;VIBRA
NE;PI;TERESINA;CACIQUE PETROLEO LTDA; 06.656.656/0009-09;AVENIDA MIGUEL ROSA;6185;SUL;;64001-973;DIESEL;11/02/2026;6,39;;R$ / litro;VIBRA
NE;PI;TERESINA;CACIQUE PETROLEO LTDA; 06.656.656/0009-09;AVENIDA MIGUEL ROSA;6185;SUL;;64001-973;ETANOL;11/02/2026;4,59;;R$ / litro;VIBRA
NE;PI;TERESINA;CACIQUE PETROLEO LTDA; 06.656.656/0012-04;AVENIDA RUI BARBOSA;1662;;VILA OPERARIA;64076-410;GASOLINA;12/02/2026;5,99;;R$ / litro;VIBRA
NE;PI;TERESINA;CACIQUE PETROLEO LTDA; 06.656.656/0012-04;AVENIDA RUI BARBOSA;1662;;VILA OPERARIA;64076-410;GASOLINA ADITIVADA;12/02/2026;6,29;;R$ / litro;VIBRA
NE;PI;TERESINA;CACIQUE PETROLEO LTDA; 06.656.656/0012-04;AVENIDA RUI BARBOSA;1662;;VILA OPERARIA;64076-410;ETANOL;12/02/2026;4,59;;R$ / litro;VIBRA
NE;PI;TERESINA;CACIQUE PETROLEO LTDA; 06.656.656/0002-24;AVENIDA MIGUEL ROSA;3833;SUL;PICARRA;64001-973;GASOLINA;12/02/2026;5,99;;R$ / litro;VIBRA
NE;PI;TERESINA;CACIQUE PETROLEO LTDA; 06.656.656/0002-24;AVENIDA MIGUEL ROSA;3833;SUL;PICARRA;64001-973;GASOLINA ADITIVADA;12/02/2026;6,29;;R$ / litro;VIBRA
NE;PI;TERESINA;CACIQUE PETROLEO LTDA; 06.656.656/0002-24;AVENIDA MIGUEL ROSA;3833;SUL;PICARRA;64001-973;ETANOL;12/02/2026;4,59;;R$ / litro;VIBRA
NE;PI;TERESINA;MIRANTE PETROLEO LTDA; 03.612.498/0001-31;AVENIDA PRESIDENTE KENNEDY;5779;;MORROS;64062-100;GASOLINA;11/02/2026;5,79;;R$ / litro;IPIRANGA
NE;PI;TERESINA;MIRANTE PETROLEO LTDA; 03.612.498/0001-31;AVENIDA PRESIDENTE KENNEDY;5779;;MORROS;64062-100;DIESEL;11/02/2026;5,89;;R$ / litro;IPIRANGA
NE;PI;TERESINA;MIRANTE PETROLEO LTDA; 03.612.498/0001-31;AVENIDA PRESIDENTE KENNEDY;5779;;MORROS;64062-100;DIESEL S10;11/02/2026;5,99;;R$ / litro;IPIRANGA
NE;PI;TERESINA;MIRANTE PETROLEO LTDA; 03.612.498/0001-31;AVENIDA PRESIDENTE KENNEDY;5779;;MORROS;64062-100;ETANOL;11/02/2026;4,49;;R$ / litro;IPIRANGA
NE;PI;TERESINA;CLEONICE FERREIRA SILVA; 03.171.610/0001-46;AVENIDA BARAO DE GURGUEIA;2635;;VERMELHA;64018-500;GASOLINA;11/02/2026;5,89;;R$ / litro;BRANCA
NE;PI;TERESINA;CLEONICE FERREIRA SILVA; 03.171.610/0001-46;AVENIDA BARAO DE GURGUEIA;2635;;VERMELHA;64018-500;GASOLINA ADITIVADA;11/02/2026;5,99;;R$ / litro;BRANCA
NE;PI;TERESINA;CLEONICE FERREIRA SILVA; 03.171.610/0001-46;AVENIDA BARAO DE GURGUEIA;2635;;VERMELHA;64018-500;DIESEL;11/02/2026;5,79;;R$ / litro;BRANCA
NE;PI;TERESINA;CLEONICE FERREIRA SILVA; 03.171.610/0001-46;AVENIDA BARAO DE GURGUEIA;2635;;VERMELHA;64018-500;DIESEL S10;11/02/2026;5,89;;R$ / litro;BRANCA
NE;PI;TERESINA;CLEONICE FERREIRA SILVA; 03.171.610/0001-46;AVENIDA BARAO DE GURGUEIA;2635;;VERMELHA;64018-500;ETANOL;11/02/2026;4,49;;R$ / litro;BRANCA
NE;PI;TERESINA;POSTO HIDROLANDIA LTDA; 03.069.763/0001-87;AVENIDA PREFEITO WALL FERRAZ;8570;SUL;LOURIVAL PARENTE;64022-145;GASOLINA;11/02/2026;5,99;;R$ / litro;IPIRANGA
NE;PI;TERESINA;POSTO HIDROLANDIA LTDA; 03.069.763/0001-87;AVENIDA PREFEITO WALL FERRAZ;8570;SUL;LOURIVAL PARENTE;64022-145;GASOLINA ADITIVADA;11/02/2026;6,19;;R$ / litro;IPIRANGA
NE;PI;TERESINA;POSTO HIDROLANDIA LTDA; 03.069.763/0001-87;AVENIDA PREFEITO WALL FERRAZ;8570;SUL;LOURIVAL PARENTE;64022-145;DIESEL;11/02/2026;5,95;;R$ / litro;IPIRANGA
NE;PI;TERESINA;POSTO HIDROLANDIA LTDA; 03.069.763/0001-87;AVENIDA PREFEITO WALL FERRAZ;8570;SUL;LOURIVAL PARENTE;64022-145;DIESEL S10;11/02/2026;5,99;;R$ / litro;IPIRANGA
NE;PI;TERESINA;POSTO HIDROLANDIA LTDA; 03.069.763/0001-87;AVENIDA PREFEITO WALL FERRAZ;8570;SUL;LOURIVAL PARENTE;64022-145;ETANOL;11/02/2026;4,49;;R$ / litro;IPIRANGA
NE;PI;TERESINA;JUNCO COMERCIAL LTDA; 02.760.727/0001-00;RUA JOAQUIM NELSON;2121;;PARQUE IDEAL;64078-625;GASOLINA;11/02/2026;5,89;;R$ / litro;VIBRA
NE;PI;TERESINA;JUNCO COMERCIAL LTDA; 02.760.727/0001-00;RUA JOAQUIM NELSON;2121;;PARQUE IDEAL;64078-625;GASOLINA ADITIVADA;11/02/2026;6,19;;R$ / litro;VIBRA
NE;PI;TERESINA;JUNCO COMERCIAL LTDA; 02.760.727/0001-00;RUA JOAQUIM NELSON;2121;;PARQUE IDEAL;64078-625;DIESEL S10;11/02/2026;5,99;;R$ / litro;VIBRA
NE;PI;TERESINA;JUNCO COMERCIAL LTDA; 02.760.727/0001-00;RUA JOAQUIM NELSON;2121;;PARQUE IDEAL;64078-625;ETANOL;11/02/2026;4,69;;R$ / litro;VIBRA
NE;PI;TERESINA;MOURA SOUSA E BONFIM LTDA; 01.416.988/0001-37;RODOVIA BR 343 KM 10;S/N;;RODOVIA;64045-970;GASOLINA;11/02/2026;5,69;;R$ / litro;ALE
NE;PI;TERESINA;MOURA SOUSA E BONFIM LTDA; 01.416.988/0001-37;RODOVIA BR 343 KM 10;S/N;;RODOVIA;64045-970;GASOLINA ADITIVADA;11/02/2026;6,09;;R$ / litro;ALE
NE;PI;TERESINA;MOURA SOUSA E BONFIM LTDA; 01.416.988/0001-37;RODOVIA BR 343 KM 10;S/N;;RODOVIA;64045-970;DIESEL;11/02/2026;5,84;;R$ / litro;ALE
NE;PI;TERESINA;MOURA SOUSA E BONFIM LTDA; 01.416.988/0001-37;RODOVIA BR 343 KM 10;S/N;;RODOVIA;64045-970;DIESEL S10;11/02/2026;5,89;;R$ / litro;ALE
NE;PI;TERESINA;MOURA SOUSA E BONFIM LTDA; 01.416.988/0001-37;RODOVIA BR 343 KM 10;S/N;;RODOVIA;64045-970;ETANOL;11/02/2026;4,67;;R$ / litro;ALE
NE;PI;TERESINA;POSTO CERTO LTDA; 08.610.754/0001-75;AVENIDA JOAO XXIII;2180;;NOIVOS;64045-000;GASOLINA;09/02/2026;5,88;;R$ / litro;SABBÁ
NE;PI;TERESINA;POSTO CERTO LTDA; 08.610.754/0001-75;AVENIDA JOAO XXIII;2180;;NOIVOS;64045-000;GASOLINA ADITIVADA;09/02/2026;6,18;;R$ / litro;SABBÁ
NE;PI;TERESINA;POSTO CERTO LTDA; 08.610.754/0001-75;AVENIDA JOAO XXIII;2180;;NOIVOS;64045-000;DIESEL S10;09/02/2026;5,99;;R$ / litro;SABBÁ
NE;PI;TERESINA;POSTO CERTO LTDA; 08.610.754/0001-75;AVENIDA JOAO XXIII;2180;;NOIVOS;64045-000;ETANOL;09/02/2026;4,57;;R$ / litro;SABBÁ
NE;PI;TERESINA;POSTO CERTO LTDA; 08.610.754/0002-56;AVENIDA DEPUTADO PAULO FERRAZ;1771;;BEIRA RIO;64075-535;GASOLINA;11/02/2026;5,89;;R$ / litro;SABBÁ
NE;PI;TERESINA;POSTO CERTO LTDA; 08.610.754/0002-56;AVENIDA DEPUTADO PAULO FERRAZ;1771;;BEIRA RIO;64075-535;GASOLINA ADITIVADA;11/02/2026;6,14;;R$ / litro;SABBÁ
NE;PI;TERESINA;POSTO CERTO LTDA; 08.610.754/0002-56;AVENIDA DEPUTADO PAULO FERRAZ;1771;;BEIRA RIO;64075-535;DIESEL;11/02/2026;5,94;;R$ / litro;SABBÁ
NE;PI;TERESINA;POSTO CERTO LTDA; 08.610.754/0002-56;AVENIDA DEPUTADO PAULO FERRAZ;1771;;BEIRA RIO;64075-535;DIESEL S10;11/02/2026;5,99;;R$ / litro;SABBÁ
NE;PI;TERESINA;POSTO CERTO LTDA; 08.610.754/0002-56;AVENIDA DEPUTADO PAULO FERRAZ;1771;;BEIRA RIO;64075-535;ETANOL;11/02/2026;4,59;;R$ / litro;SABBÁ
NE;PI;TERESINA;CACIQUE PETROLEO LTDA; 06.656.656/0018-91;RUA OLAVO BILAC;989;SUL;CENTRO;64001-280;GASOLINA;11/02/2026;5,99;;R$ / litro;VIBRA
NE;PI;TERESINA;CACIQUE PETROLEO LTDA; 06.656.656/0018-91;RUA OLAVO BILAC;989;SUL;CENTRO;64001-280;GASOLINA ADITIVADA;11/02/2026;6,29;;R$ / litro;VIBRA
NE;PI;TERESINA;CACIQUE PETROLEO LTDA; 06.656.656/0018-91;RUA OLAVO BILAC;989;SUL;CENTRO;64001-280;ETANOL;11/02/2026;4,59;;R$ / litro;VIBRA
NE;PI;TERESINA;CACIQUE PETROLEO LTDA; 06.656.656/0019-72;AVENIDA LINDOLFO MONTEIRO;990;;FATIMA;64049-440;GASOLINA;09/02/2026;6,09;;R$ / litro;VIBRA
NE;PI;TERESINA;CACIQUE PETROLEO LTDA; 06.656.656/0019-72;AVENIDA LINDOLFO MONTEIRO;990;;FATIMA;64049-440;GASOLINA ADITIVADA;09/02/2026;6,49;;R$ / litro;VIBRA
NE;PI;TERESINA;CACIQUE PETROLEO LTDA; 06.656.656/0019-72;AVENIDA LINDOLFO MONTEIRO;990;;FATIMA;64049-440;DIESEL;09/02/2026;6,54;;R$ / litro;VIBRA
NE;PI;TERESINA;CACIQUE PETROLEO LTDA; 06.656.656/0019-72;AVENIDA LINDOLFO MONTEIRO;990;;FATIMA;64049-440;ETANOL;09/02/2026;4,79;;R$ / litro;VIBRA
NE;PI;TERESINA;CACIQUE PETROLEO LTDA; 06.656.656/0020-06;AVENIDA DEPUTADO PAULO FERRAZ;2907;;SAO RAIMUNDO;64075-005;GASOLINA;11/02/2026;5,99;;R$ / litro;IPIRANGA
NE;PI;TERESINA;CACIQUE PETROLEO LTDA; 06.656.656/0020-06;AVENIDA DEPUTADO PAULO FERRAZ;2907;;SAO RAIMUNDO;64075-005;GASOLINA ADITIVADA;11/02/2026;6,29;;R$ / litro;IPIRANGA
NE;PI;TERESINA;CACIQUE PETROLEO LTDA; 06.656.656/0020-06;AVENIDA DEPUTADO PAULO FERRAZ;2907;;SAO RAIMUNDO;64075-005;DIESEL;11/02/2026;5,87;;R$ / litro;IPIRANGA
NE;PI;TERESINA;CACIQUE PETROLEO LTDA; 06.656.656/0020-06;AVENIDA DEPUTADO PAULO FERRAZ;2907;;SAO RAIMUNDO;64075-005;ETANOL;11/02/2026;4,69;;R$ / litro;IPIRANGA
NE;PI;TERESINA;CACIQUE PETROLEO LTDA; 06.656.656/0021-97;AVENIDA PREFEITO WALL FERRAZ;15900;;ANGELIM;64040-840;DIESEL;11/02/2026;6,27;;R$ / litro;IPIRANGA
NE;PI;TERESINA;CACIQUE PETROLEO LTDA; 06.656.656/0021-97;AVENIDA PREFEITO WALL FERRAZ;15900;;ANGELIM;64040-840;ETANOL;11/02/2026;4,79;;R$ / litro;IPIRANGA
NE;PI;TERESINA;CACIQUE PETROLEO LTDA; 06.656.656/0021-97;AVENIDA PREFEITO WALL FERRAZ;15900;;ANGELIM;64040-840;GASOLINA;11/02/2026;6,09;;R$ / litro;IPIRANGA
NE;PI;TERESINA;IGUATEMI DISTRIBUIDORA LTDA; 03.072.068/0002-55;AVENIDA DOM SEVERINO;1498;;FATIMA;64049-375;GASOLINA;11/02/2026;5,95;;R$ / litro;BRANCA
NE;PI;TERESINA;IGUATEMI DISTRIBUIDORA LTDA; 03.072.068/0002-55;AVENIDA DOM SEVERINO;1498;;FATIMA;64049-375;GASOLINA ADITIVADA;11/02/2026;5,97;;R$ / litro;BRANCA
NE;PI;TERESINA;IGUATEMI DISTRIBUIDORA LTDA; 03.072.068/0002-55;AVENIDA DOM SEVERINO;1498;;FATIMA;64049-375;DIESEL S10;11/02/2026;5,97;;R$ / litro;BRANCA
NE;PI;TERESINA;IGUATEMI DISTRIBUIDORA LTDA; 03.072.068/0002-55;AVENIDA DOM SEVERINO;1498;;FATIMA;64049-375;ETANOL;11/02/2026;4,60;;R$ / litro;BRANCA
NE;PI;TERESINA;CACIQUE PETROLEO LTDA; 06.656.656/0022-78;AVENIDA DEPUTADO PAULO FERRAZ;1910;;TANCREDO NEVES;64076-005;GASOLINA;11/02/2026;5,99;;R$ / litro;IPIRANGA
NE;PI;TERESINA;CACIQUE PETROLEO LTDA; 06.656.656/0022-78;AVENIDA DEPUTADO PAULO FERRAZ;1910;;TANCREDO NEVES;64076-005;GASOLINA ADITIVADA;11/02/2026;6,29;;R$ / litro;IPIRANGA
NE;PI;TERESINA;CACIQUE PETROLEO LTDA; 06.656.656/0022-78;AVENIDA DEPUTADO PAULO FERRAZ;1910;;TANCREDO NEVES;64076-005;DIESEL;11/02/2026;5,97;;R$ / litro;IPIRANGA
NE;PI;TERESINA;CACIQUE PETROLEO LTDA; 06.656.656/0022-78;AVENIDA DEPUTADO PAULO FERRAZ;1910;;TANCREDO NEVES;64076-005;ETANOL;11/02/2026;4,69;;R$ / litro;IPIRANGA
NE;PI;TERESINA;POSTO MARTINEZ LTDA - ME; 02.992.818/0001-63;AVENIDA ANTONIO OLIVEIRA;61;;GURUPI;64091-400;GASOLINA;11/02/2026;5,99;;R$ / litro;IPIRANGA
NE;PI;TERESINA;POSTO MARTINEZ LTDA - ME; 02.992.818/0001-63;AVENIDA ANTONIO OLIVEIRA;61;;GURUPI;64091-400;GASOLINA ADITIVADA;11/02/2026;6,29;;R$ / litro;IPIRANGA
NE;PI;TERESINA;POSTO MARTINEZ LTDA - ME; 02.992.818/0001-63;AVENIDA ANTONIO OLIVEIRA;61;;GURUPI;64091-400;DIESEL S10;11/02/2026;6,19;;R$ / litro;IPIRANGA
NE;PI;TERESINA;POSTO MARTINEZ LTDA - ME; 02.992.818/0001-63;AVENIDA ANTONIO OLIVEIRA;61;;GURUPI;64091-400;ETANOL;11/02/2026;4,79;;R$ / litro;IPIRANGA
NE;PI;TERESINA;COMERCIO CARVALHO LTDA; 06.511.885/0013-03;RUA JERUMENHA;4590;LETRA A;BUENOS AIRES;64008-300;GASOLINA;12/02/2026;5,99;;R$ / litro;VIBRA
NE;PI;TERESINA;COMERCIO CARVALHO LTDA; 06.511.885/0013-03;RUA JERUMENHA;4590;LETRA A;BUENOS AIRES;64008-300;GASOLINA ADITIVADA;12/02/2026;6,19;;R$ / litro;VIBRA
NE;PI;TERESINA;COMERCIO CARVALHO LTDA; 06.511.885/0013-03;RUA JERUMENHA;4590;LETRA A;BUENOS AIRES;64008-300;ETANOL;12/02/2026;4,89;;R$ / litro;VIBRA
NE;PI;TERESINA;CACIQUE PETROLEO LTDA; 06.656.656/0027-82;AVENIDA PREFEITO WALL FERRAZ;15100;;ANGELIM;64040-840;GASOLINA;11/02/2026;6,09;;R$ / litro;IPIRANGA
NE;PI;TERESINA;CACIQUE PETROLEO LTDA; 06.656.656/0027-82;AVENIDA PREFEITO WALL FERRAZ;15100;;ANGELIM;64040-840;DIESEL;11/02/2026;5,89;;R$ / litro;IPIRANGA
NE;PI;TERESINA;BARBOSA & NUNES LTDA; 08.956.319/0001-05;RUA IVAN TITO DE OLIVEIRA;2090;;LOURIVAL PARENTE;64023-500;GASOLINA;11/02/2026;5,96;;R$ / litro;BRANCA
NE;PI;TERESINA;BARBOSA & NUNES LTDA; 08.956.319/0001-05;RUA IVAN TITO DE OLIVEIRA;2090;;LOURIVAL PARENTE;64023-500;GASOLINA ADITIVADA;11/02/2026;6,06;;R$ / litro;BRANCA
NE;PI;TERESINA;BARBOSA & NUNES LTDA; 08.956.319/0001-05;RUA IVAN TITO DE OLIVEIRA;2090;;LOURIVAL PARENTE;64023-500;DIESEL;11/02/2026;5,63;;R$ / litro;BRANCA
NE;PI;TERESINA;BARBOSA & NUNES LTDA; 08.956.319/0001-05;RUA IVAN TITO DE OLIVEIRA;2090;;LOURIVAL PARENTE;64023-500;DIESEL S10;11/02/2026;5,65;;R$ / litro;BRANCA
NE;PI;TERESINA;BARBOSA & NUNES LTDA; 08.956.319/0001-05;RUA IVAN TITO DE OLIVEIRA;2090;;LOURIVAL PARENTE;64023-500;ETANOL;11/02/2026;4,45;;R$ / litro;BRANCA
NE;PI;TERESINA;CACIQUE PETROLEO LTDA; 06.656.656/0029-44;RUA JAIME DA SILVEIRA;864;;SANTA ISABEL;64053-280;GASOLINA;12/02/2026;5,99;;R$ / litro;VIBRA
NE;PI;TERESINA;CACIQUE PETROLEO LTDA; 06.656.656/0029-44;RUA JAIME DA SILVEIRA;864;;SANTA ISABEL;64053-280;GASOLINA ADITIVADA;12/02/2026;6,29;;R$ / litro;VIBRA
NE;PI;TERESINA;CACIQUE PETROLEO LTDA; 06.656.656/0029-44;RUA JAIME DA SILVEIRA;864;;SANTA ISABEL;64053-280;ETANOL;12/02/2026;4,59;;R$ / litro;VIBRA
NE;PI;TERESINA;CACIQUE PETROLEO LTDA; 06.656.656/0033-20;AVENIDA JOAO XXIII;805;;NOIVOS;64045-000;GASOLINA;11/02/2026;5,99;;R$ / litro;SABBÁ
NE;PI;TERESINA;CACIQUE PETROLEO LTDA; 06.656.656/0033-20;AVENIDA JOAO XXIII;805;;NOIVOS;64045-000;GASOLINA ADITIVADA;11/02/2026;6,19;;R$ / litro;SABBÁ
NE;PI;TERESINA;CACIQUE PETROLEO LTDA; 06.656.656/0033-20;AVENIDA JOAO XXIII;805;;NOIVOS;64045-000;DIESEL S10;11/02/2026;6,39;;R$ / litro;SABBÁ
NE;PI;TERESINA;CACIQUE PETROLEO LTDA; 06.656.656/0033-20;AVENIDA JOAO XXIII;805;;NOIVOS;64045-000;ETANOL;11/02/2026;4,65;;R$ / litro;SABBÁ
NE;PI;TERESINA;POSTO JOIA LTDA; 08.965.723/0001-37;RUA ENGENHEIRO ALVES DE NORONHA;5102;;BUENOS AIRES;64008-400;GASOLINA;18/02/2026;5,94;;R$ / litro;SABBÁ
NE;PI;TERESINA;POSTO JOIA LTDA; 08.965.723/0001-37;RUA ENGENHEIRO ALVES DE NORONHA;5102;;BUENOS AIRES;64008-400;ETANOL;18/02/2026;4,59;;R$ / litro;SABBÁ
NE;PI;TERESINA;PN PETROLEO LTDA.; 06.331.431/0001-17;RUA MUNDINHO FERRAZ;3225;;SAO CRISTOVAO;64055-330;GASOLINA;18/02/2026;5,89;;R$ / litro;BRANCA
NE;PI;TERESINA;PN PETROLEO LTDA.; 06.331.431/0001-17;RUA MUNDINHO FERRAZ;3225;;SAO CRISTOVAO;64055-330;GASOLINA ADITIVADA;18/02/2026;5,89;;R$ / litro;BRANCA
NE;PI;TERESINA;PN PETROLEO LTDA.; 06.331.431/0001-17;RUA MUNDINHO FERRAZ;3225;;SAO CRISTOVAO;64055-330;DIESEL S10;18/02/2026;5,95;;R$ / litro;BRANCA
NE;PI;TERESINA;S P MAGALHAES EMPREENDIMENTOS LTDA; 10.978.518/0001-58;AVENIDA JOAO XXIII;1520;0;SÃO CRISTÓVÃO;64045-000;GASOLINA;16/02/2026;5,99;;R$ / litro;SABBÁ
NE;PI;TERESINA;S P MAGALHAES EMPREENDIMENTOS LTDA; 10.978.518/0001-58;AVENIDA JOAO XXIII;1520;0;SÃO CRISTÓVÃO;64045-000;GASOLINA ADITIVADA;16/02/2026;6,19;;R$ / litro;SABBÁ
NE;PI;TERESINA;S P MAGALHAES EMPREENDIMENTOS LTDA; 10.978.518/0001-58;AVENIDA JOAO XXIII;1520;0;SÃO CRISTÓVÃO;64045-000;ETANOL;16/02/2026;4,59;;R$ / litro;SABBÁ
NE;PI;TERESINA;TRANSSERVICE PETROLEO LTDA; 02.927.004/0001-45;AVENIDA BARAO DE GURGUEIA;2300;;SAO PEDRO;64019-350;GASOLINA;19/02/2026;5,99;;R$ / litro;BRANCA
NE;PI;TERESINA;TRANSSERVICE PETROLEO LTDA; 02.927.004/0001-45;AVENIDA BARAO DE GURGUEIA;2300;;SAO PEDRO;64019-350;GASOLINA ADITIVADA;19/02/2026;5,99;;R$ / litro;BRANCA
NE;PI;TERESINA;TRANSSERVICE PETROLEO LTDA; 02.927.004/0001-45;AVENIDA BARAO DE GURGUEIA;2300;;SAO PEDRO;64019-350;DIESEL;19/02/2026;5,97;;R$ / litro;BRANCA
NE;PI;TERESINA;TRANSSERVICE PETROLEO LTDA; 02.927.004/0001-45;AVENIDA BARAO DE GURGUEIA;2300;;SAO PEDRO;64019-350;DIESEL S10;19/02/2026;5,99;;R$ / litro;BRANCA
NE;PI;TERESINA;TRANSSERVICE PETROLEO LTDA; 02.927.004/0001-45;AVENIDA BARAO DE GURGUEIA;2300;;SAO PEDRO;64019-350;ETANOL;19/02/2026;4,59;;R$ / litro;BRANCA
NE;PI;TERESINA;NERIS E SAMPAIO LTDA; 41.272.725/0001-16;RODOVIA BR-343;SN;KM    336 ZONA RURAL;GURUPI;64091-210;GASOLINA;19/02/2026;5,89;;R$ / litro;BRANCA
NE;PI;TERESINA;NERIS E SAMPAIO LTDA; 41.272.725/0001-16;RODOVIA BR-343;SN;KM    336 ZONA RURAL;GURUPI;64091-210;GASOLINA ADITIVADA;19/02/2026;5,89;;R$ / litro;BRANCA
NE;PI;TERESINA;NERIS E SAMPAIO LTDA; 41.272.725/0001-16;RODOVIA BR-343;SN;KM    336 ZONA RURAL;GURUPI;64091-210;DIESEL;19/02/2026;5,94;;R$ / litro;BRANCA
NE;PI;TERESINA;NERIS E SAMPAIO LTDA; 41.272.725/0001-16;RODOVIA BR-343;SN;KM    336 ZONA RURAL;GURUPI;64091-210;DIESEL S10;19/02/2026;5,99;;R$ / litro;BRANCA
NE;PI;TERESINA;NERIS E SAMPAIO LTDA; 41.272.725/0001-16;RODOVIA BR-343;SN;KM    336 ZONA RURAL;GURUPI;64091-210;ETANOL;19/02/2026;4,59;;R$ / litro;BRANCA
NE;PI;TERESINA;SAO FRANCISCO PETROLEO LTDA; 10.336.626/0001-27;AVENIDA FREI SERAFIM;2474;;CENTRO;64001-020;GASOLINA;16/02/2026;5,94;;R$ / litro;VIBRA
NE;PI;TERESINA;SAO FRANCISCO PETROLEO LTDA; 10.336.626/0001-27;AVENIDA FREI SERAFIM;2474;;CENTRO;64001-020;GASOLINA ADITIVADA;16/02/2026;6,24;;R$ / litro;VIBRA
NE;PI;TERESINA;SAO FRANCISCO PETROLEO LTDA; 10.336.626/0001-27;AVENIDA FREI SERAFIM;2474;;CENTRO;64001-020;DIESEL;16/02/2026;6,61;;R$ / litro;VIBRA
NE;PI;TERESINA;SAO FRANCISCO PETROLEO LTDA; 10.336.626/0001-27;AVENIDA FREI SERAFIM;2474;;CENTRO;64001-020;ETANOL;16/02/2026;4,59;;R$ / litro;VIBRA
NE;PI;TERESINA;CACIQUE PETROLEO LTDA; 06.656.656/0004-96;AVENIDA MIGUEL ROSA;3768;SUL;PICARRA;64001-973;GASOLINA;18/02/2026;5,99;;R$ / litro;VIBRA
NE;PI;TERESINA;CACIQUE PETROLEO LTDA; 06.656.656/0004-96;AVENIDA MIGUEL ROSA;3768;SUL;PICARRA;64001-973;GASOLINA ADITIVADA;18/02/2026;6,29;;R$ / litro;VIBRA
NE;PI;TERESINA;CACIQUE PETROLEO LTDA; 06.656.656/0004-96;AVENIDA MIGUEL ROSA;3768;SUL;PICARRA;64001-973;ETANOL;18/02/2026;4,59;;R$ / litro;VIBRA
NE;PI;TERESINA;CACIQUE PETROLEO LTDA; 06.656.656/0003-05;AVENIDA PRESIDENTE KENNEDY;1944;;SAO CRISTOVAO;64052-800;GASOLINA;16/02/2026;5,99;;R$ / litro;VIBRA
NE;PI;TERESINA;CACIQUE PETROLEO LTDA; 06.656.656/0003-05;AVENIDA PRESIDENTE KENNEDY;1944;;SAO CRISTOVAO;64052-800;GASOLINA ADITIVADA;16/02/2026;6,39;;R$ / litro;VIBRA
NE;PI;TERESINA;CACIQUE PETROLEO LTDA; 06.656.656/0003-05;AVENIDA PRESIDENTE KENNEDY;1944;;SAO CRISTOVAO;64052-800;ETANOL;16/02/2026;4,59;;R$ / litro;VIBRA
NE;PI;TERESINA;CACIQUE PETROLEO LTDA; 06.656.656/0012-04;AVENIDA RUI BARBOSA;1662;;VILA OPERARIA;64076-410;GASOLINA;18/02/2026;5,99;;R$ / litro;VIBRA
NE;PI;TERESINA;CACIQUE PETROLEO LTDA; 06.656.656/0012-04;AVENIDA RUI BARBOSA;1662;;VILA OPERARIA;64076-410;GASOLINA ADITIVADA;18/02/2026;6,29;;R$ / litro;VIBRA
NE;PI;TERESINA;CACIQUE PETROLEO LTDA; 06.656.656/0012-04;AVENIDA RUI BARBOSA;1662;;VILA OPERARIA;64076-410;ETANOL;18/02/2026;4,59;;R$ / litro;VIBRA
NE;PI;TERESINA;CACIQUE PETROLEO LTDA; 06.656.656/0002-24;AVENIDA MIGUEL ROSA;3833;SUL;PICARRA;64001-973;GASOLINA;18/02/2026;5,99;;R$ / litro;VIBRA
NE;PI;TERESINA;CACIQUE PETROLEO LTDA; 06.656.656/0002-24;AVENIDA MIGUEL ROSA;3833;SUL;PICARRA;64001-973;GASOLINA ADITIVADA;18/02/2026;6,29;;R$ / litro;VIBRA
NE;PI;TERESINA;CACIQUE PETROLEO LTDA; 06.656.656/0002-24;AVENIDA MIGUEL ROSA;3833;SUL;PICARRA;64001-973;ETANOL;18/02/2026;4,58;;R$ / litro;VIBRA
NE;PI;TERESINA;MIRANTE PETROLEO LTDA; 03.612.498/0001-31;AVENIDA PRESIDENTE KENNEDY;5779;;MORROS;64062-100;GASOLINA;18/02/2026;5,99;;R$ / litro;IPIRANGA
NE;PI;TERESINA;MIRANTE PETROLEO LTDA; 03.612.498/0001-31;AVENIDA PRESIDENTE KENNEDY;5779;;MORROS;64062-100;DIESEL;18/02/2026;5,89;;R$ / litro;IPIRANGA
NE;PI;TERESINA;MIRANTE PETROLEO LTDA; 03.612.498/0001-31;AVENIDA PRESIDENTE KENNEDY;5779;;MORROS;64062-100;DIESEL S10;18/02/2026;5,99;;R$ / litro;IPIRANGA
NE;PI;TERESINA;MIRANTE PETROLEO LTDA; 03.612.498/0001-31;AVENIDA PRESIDENTE KENNEDY;5779;;MORROS;64062-100;ETANOL;18/02/2026;4,59;;R$ / litro;IPIRANGA
NE;PI;TERESINA;POSTO HIDROLANDIA LTDA; 03.069.763/0001-87;AVENIDA PREFEITO WALL FERRAZ;8570;SUL;LOURIVAL PARENTE;64022-145;GASOLINA;19/02/2026;5,99;;R$ / litro;IPIRANGA
NE;PI;TERESINA;POSTO HIDROLANDIA LTDA; 03.069.763/0001-87;AVENIDA PREFEITO WALL FERRAZ;8570;SUL;LOURIVAL PARENTE;64022-145;GASOLINA ADITIVADA;19/02/2026;6,19;;R$ / litro;IPIRANGA
NE;PI;TERESINA;POSTO HIDROLANDIA LTDA; 03.069.763/0001-87;AVENIDA PREFEITO WALL FERRAZ;8570;SUL;LOURIVAL PARENTE;64022-145;DIESEL;19/02/2026;5,95;;R$ / litro;IPIRANGA
NE;PI;TERESINA;POSTO HIDROLANDIA LTDA; 03.069.763/0001-87;AVENIDA PREFEITO WALL FERRAZ;8570;SUL;LOURIVAL PARENTE;64022-145;DIESEL S10;19/02/2026;5,99;;R$ / litro;IPIRANGA
NE;PI;TERESINA;POSTO HIDROLANDIA LTDA; 03.069.763/0001-87;AVENIDA PREFEITO WALL FERRAZ;8570;SUL;LOURIVAL PARENTE;64022-145;ETANOL;19/02/2026;4,49;;R$ / litro;IPIRANGA
NE;PI;TERESINA;JUNCO COMERCIAL LTDA; 02.760.727/0001-00;RUA JOAQUIM NELSON;2121;;PARQUE IDEAL;64078-625;GASOLINA;19/02/2026;5,97;;R$ / litro;VIBRA
NE;PI;TERESINA;JUNCO COMERCIAL LTDA; 02.760.727/0001-00;RUA JOAQUIM NELSON;2121;;PARQUE IDEAL;64078-625;GASOLINA ADITIVADA;19/02/2026;6,27;;R$ / litro;VIBRA
NE;PI;TERESINA;JUNCO COMERCIAL LTDA; 02.760.727/0001-00;RUA JOAQUIM NELSON;2121;;PARQUE IDEAL;64078-625;DIESEL S10;19/02/2026;5,99;;R$ / litro;VIBRA
NE;PI;TERESINA;JUNCO COMERCIAL LTDA; 02.760.727/0001-00;RUA JOAQUIM NELSON;2121;;PARQUE IDEAL;64078-625;ETANOL;19/02/2026;4,69;;R$ / litro;VIBRA
NE;PI;TERESINA;MOURA SOUSA E BONFIM LTDA; 01.416.988/0001-37;RODOVIA BR 343 KM 10;S/N;;RODOVIA;64045-970;GASOLINA;19/02/2026;5,89;;R$ / litro;ALE
NE;PI;TERESINA;MOURA SOUSA E BONFIM LTDA; 01.416.988/0001-37;RODOVIA BR 343 KM 10;S/N;;RODOVIA;64045-970;GASOLINA ADITIVADA;19/02/2026;6,29;;R$ / litro;ALE
NE;PI;TERESINA;MOURA SOUSA E BONFIM LTDA; 01.416.988/0001-37;RODOVIA BR 343 KM 10;S/N;;RODOVIA;64045-970;DIESEL;19/02/2026;5,84;;R$ / litro;ALE
NE;PI;TERESINA;MOURA SOUSA E BONFIM LTDA; 01.416.988/0001-37;RODOVIA BR 343 KM 10;S/N;;RODOVIA;64045-970;DIESEL S10;19/02/2026;5,89;;R$ / litro;ALE
NE;PI;TERESINA;MOURA SOUSA E BONFIM LTDA; 01.416.988/0001-37;RODOVIA BR 343 KM 10;S/N;;RODOVIA;64045-970;ETANOL;19/02/2026;4,67;;R$ / litro;ALE
NE;PI;TERESINA;FCN.X CARVALHO COMBUSTIVEL LTDA; 09.641.208/0001-64;AVENIDA HOMERO CASTELO BRANCO;630;SALA  C;SAO CRISTOVAO;64048-400;GASOLINA;16/02/2026;5,99;;R$ / litro;VIBRA
NE;PI;TERESINA;FCN.X CARVALHO COMBUSTIVEL LTDA; 09.641.208/0001-64;AVENIDA HOMERO CASTELO BRANCO;630;SALA  C;SAO CRISTOVAO;64048-400;GASOLINA ADITIVADA;16/02/2026;6,39;;R$ / litro;VIBRA
NE;PI;TERESINA;FCN.X CARVALHO COMBUSTIVEL LTDA; 09.641.208/0001-64;AVENIDA HOMERO CASTELO BRANCO;630;SALA  C;SAO CRISTOVAO;64048-400;ETANOL;16/02/2026;4,79;;R$ / litro;VIBRA
NE;PI;TERESINA;POSTO CERTO LTDA; 08.610.754/0001-75;AVENIDA JOAO XXIII;2180;;NOIVOS;64045-000;GASOLINA;16/02/2026;5,99;;R$ / litro;SABBÁ
NE;PI;TERESINA;POSTO CERTO LTDA; 08.610.754/0001-75;AVENIDA JOAO XXIII;2180;;NOIVOS;64045-000;GASOLINA ADITIVADA;16/02/2026;5,99;;R$ / litro;SABBÁ
NE;PI;TERESINA;POSTO CERTO LTDA; 08.610.754/0001-75;AVENIDA JOAO XXIII;2180;;NOIVOS;64045-000;DIESEL S10;16/02/2026;5,99;;R$ / litro;SABBÁ
NE;PI;TERESINA;POSTO CERTO LTDA; 08.610.754/0001-75;AVENIDA JOAO XXIII;2180;;NOIVOS;64045-000;ETANOL;16/02/2026;4,65;;R$ / litro;SABBÁ
NE;PI;TERESINA;G. & S. PETROLEO LTDA; 10.919.164/0001-70;AVENIDA SANTOS DUMONT;480;;VILA OPERARIA;64002-200;GASOLINA;18/02/2026;5,95;;R$ / litro;VIBRA
NE;PI;TERESINA;G. & S. PETROLEO LTDA; 10.919.164/0001-70;AVENIDA SANTOS DUMONT;480;;VILA OPERARIA;64002-200;ETANOL;18/02/2026;4,58;;R$ / litro;VIBRA
NE;PI;TERESINA;CACIQUE PETROLEO LTDA; 06.656.656/0019-72;AVENIDA LINDOLFO MONTEIRO;990;;FATIMA;64049-440;GASOLINA;16/02/2026;6,09;;R$ / litro;VIBRA
NE;PI;TERESINA;CACIQUE PETROLEO LTDA; 06.656.656/0019-72;AVENIDA LINDOLFO MONTEIRO;990;;FATIMA;64049-440;GASOLINA ADITIVADA;16/02/2026;6,49;;R$ / litro;VIBRA
NE;PI;TERESINA;CACIQUE PETROLEO LTDA; 06.656.656/0019-72;AVENIDA LINDOLFO MONTEIRO;990;;FATIMA;64049-440;DIESEL;16/02/2026;6,54;;R$ / litro;VIBRA
NE;PI;TERESINA;CACIQUE PETROLEO LTDA; 06.656.656/0019-72;AVENIDA LINDOLFO MONTEIRO;990;;FATIMA;64049-440;ETANOL;16/02/2026;4,79;;R$ / litro;VIBRA
NE;PI;TERESINA;ROCHA & RESPLANDES LTDA.; 13.713.560/0001-35;AV. PREFEITO FREITAS NETO;21;QD 13 CS 21/22;MOCAMBINHO;64010-100;GASOLINA;18/02/2026;6,09;;R$ / litro;VIBRA
NE;PI;TERESINA;ROCHA & RESPLANDES LTDA.; 13.713.560/0001-35;AV. PREFEITO FREITAS NETO;21;QD 13 CS 21/22;MOCAMBINHO;64010-100;GASOLINA ADITIVADA;18/02/2026;6,29;;R$ / litro;VIBRA
NE;PI;TERESINA;ROCHA & RESPLANDES LTDA.; 13.713.560/0001-35;AV. PREFEITO FREITAS NETO;21;QD 13 CS 21/22;MOCAMBINHO;64010-100;DIESEL S10;18/02/2026;6,19;;R$ / litro;VIBRA
NE;PI;TERESINA;ROCHA & RESPLANDES LTDA.; 13.713.560/0001-35;AV. PREFEITO FREITAS NETO;21;QD 13 CS 21/22;MOCAMBINHO;64010-100;ETANOL;18/02/2026;4,79;;R$ / litro;VIBRA
NE;PI;TERESINA;POSTO MAIS SAO JOAQUIM LTDA; 10.405.299/0001-18;RUA RUI BARBOSA;4499;;SAO JOAQUIM;64002-180;GASOLINA;18/02/2026;5,89;;R$ / litro;SABBÁ
NE;PI;TERESINA;POSTO MAIS SAO JOAQUIM LTDA; 10.405.299/0001-18;RUA RUI BARBOSA;4499;;SAO JOAQUIM;64002-180;DIESEL S10;18/02/2026;5,99;;R$ / litro;SABBÁ
NE;PI;TERESINA;POSTO MAIS SAO JOAQUIM LTDA; 10.405.299/0001-18;RUA RUI BARBOSA;4499;;SAO JOAQUIM;64002-180;ETANOL;18/02/2026;4,45;;R$ / litro;SABBÁ
NE;PI;TERESINA;COMPANHIA BRASILEIRA DE DISTRIBUICAO; 47.508.411/1563-26;AVENIDA PRESIDENTE KENNEDY;501;PARTE II;SAO CRISTOVAO;64052-345;GASOLINA;16/02/2026;5,79;;R$ / litro;IPIRANGA
NE;PI;TERESINA;COMPANHIA BRASILEIRA DE DISTRIBUICAO; 47.508.411/1563-26;AVENIDA PRESIDENTE KENNEDY;501;PARTE II;SAO CRISTOVAO;64052-345;GASOLINA ADITIVADA;16/02/2026;5,99;;R$ / litro;IPIRANGA
NE;PI;TERESINA;COMPANHIA BRASILEIRA DE DISTRIBUICAO; 47.508.411/1563-26;AVENIDA PRESIDENTE KENNEDY;501;PARTE II;SAO CRISTOVAO;64052-345;ETANOL;16/02/2026;4,59;;R$ / litro;IPIRANGA
NE;PI;TERESINA;PLANALTO PETROLEO UNIAO LTDA; 21.992.964/0001-33;AVENIDA UNIAO;2261;;MEMORARE;64009-500;GASOLINA;18/02/2026;5,99;;R$ / litro;IPIRANGA
NE;PI;TERESINA;PLANALTO PETROLEO UNIAO LTDA; 21.992.964/0001-33;AVENIDA UNIAO;2261;;MEMORARE;64009-500;GASOLINA ADITIVADA;18/02/2026;5,99;;R$ / litro;IPIRANGA
NE;PI;TERESINA;PLANALTO PETROLEO UNIAO LTDA; 21.992.964/0001-33;AVENIDA UNIAO;2261;;MEMORARE;64009-500;DIESEL S10;18/02/2026;5,89;;R$ / litro;IPIRANGA
NE;PI;TERESINA;PLANALTO PETROLEO UNIAO LTDA; 21.992.964/0001-33;AVENIDA UNIAO;2261;;MEMORARE;64009-500;ETANOL;18/02/2026;4,59;;R$ / litro;IPIRANGA
NE;PI;TERESINA;POSTO MARTINEZ LTDA - ME; 02.992.818/0001-63;AVENIDA ANTONIO OLIVEIRA;61;;GURUPI;64091-400;GASOLINA;19/02/2026;5,99;;R$ / litro;IPIRANGA
NE;PI;TERESINA;POSTO MARTINEZ LTDA - ME; 02.992.818/0001-63;AVENIDA ANTONIO OLIVEIRA;61;;GURUPI;64091-400;GASOLINA ADITIVADA;19/02/2026;6,29;;R$ / litro;IPIRANGA
NE;PI;TERESINA;POSTO MARTINEZ LTDA - ME; 02.992.818/0001-63;AVENIDA ANTONIO OLIVEIRA;61;;GURUPI;64091-400;DIESEL S10;19/02/2026;6,19;;R$ / litro;IPIRANGA
NE;PI;TERESINA;POSTO MARTINEZ LTDA - ME; 02.992.818/0001-63;AVENIDA ANTONIO OLIVEIRA;61;;GURUPI;64091-400;ETANOL;19/02/2026;4,79;;R$ / litro;IPIRANGA
NE;PI;TERESINA;COMERCIO CARVALHO LTDA; 06.511.885/0013-03;RUA JERUMENHA;4590;LETRA A;BUENOS AIRES;64008-300;GASOLINA;18/02/2026;5,99;;R$ / litro;VIBRA
NE;PI;TERESINA;COMERCIO CARVALHO LTDA; 06.511.885/0013-03;RUA JERUMENHA;4590;LETRA A;BUENOS AIRES;64008-300;GASOLINA ADITIVADA;18/02/2026;6,19;;R$ / litro;VIBRA
NE;PI;TERESINA;COMERCIO CARVALHO LTDA; 06.511.885/0013-03;RUA JERUMENHA;4590;LETRA A;BUENOS AIRES;64008-300;ETANOL;18/02/2026;4,89;;R$ / litro;VIBRA
NE;PI;TERESINA;PLANALTO PETROLEO ESTAIADA LTDA; 30.043.687/0001-03;RUA PRIMEIRO DE MAIO (ZONA NORTE);1627;;MARQUES;64002-510;GASOLINA;18/02/2026;5,99;;R$ / litro;BRANCA
NE;PI;TERESINA;PLANALTO PETROLEO ESTAIADA LTDA; 30.043.687/0001-03;RUA PRIMEIRO DE MAIO (ZONA NORTE);1627;;MARQUES;64002-510;GASOLINA ADITIVADA;18/02/2026;6,29;;R$ / litro;BRANCA
NE;PI;TERESINA;PLANALTO PETROLEO ESTAIADA LTDA; 30.043.687/0001-03;RUA PRIMEIRO DE MAIO (ZONA NORTE);1627;;MARQUES;64002-510;ETANOL;18/02/2026;4,55;;R$ / litro;BRANCA
NE;PI;TERESINA;NEIVA & BRITO COMBUSTIVEIS LTDA; 32.237.402/0001-09;AVENIDA ZEQUINHA FREIRE;3419;;SATELITE;64059-310;GASOLINA;18/02/2026;5,98;;R$ / litro;BRANCA
NE;PI;TERESINA;NEIVA & BRITO COMBUSTIVEIS LTDA; 32.237.402/0001-09;AVENIDA ZEQUINHA FREIRE;3419;;SATELITE;64059-310;GASOLINA ADITIVADA;18/02/2026;6,18;;R$ / litro;BRANCA
NE;PI;TERESINA;NEIVA & BRITO COMBUSTIVEIS LTDA; 32.237.402/0001-09;AVENIDA ZEQUINHA FREIRE;3419;;SATELITE;64059-310;DIESEL S10;18/02/2026;6,08;;R$ / litro;BRANCA
NE;PI;TERESINA;NEIVA & BRITO COMBUSTIVEIS LTDA; 32.237.402/0001-09;AVENIDA ZEQUINHA FREIRE;3419;;SATELITE;64059-310;ETANOL;18/02/2026;4,58;;R$ / litro;BRANCA
NE;PI;TERESINA;POSTO DE COMBUSTIVEL AGUIA LTDA; 28.985.753/0001-12;AVENIDA HOMERO CASTELO BRANCO;2101;LETRA A;FATIMA;64049-505;GASOLINA;16/02/2026;6,09;;R$ / litro;IPIRANGA
NE;PI;TERESINA;POSTO DE COMBUSTIVEL AGUIA LTDA; 28.985.753/0001-12;AVENIDA HOMERO CASTELO BRANCO;2101;LETRA A;FATIMA;64049-505;GASOLINA ADITIVADA;16/02/2026;6,19;;R$ / litro;IPIRANGA
NE;PI;TERESINA;POSTO DE COMBUSTIVEL AGUIA LTDA; 28.985.753/0001-12;AVENIDA HOMERO CASTELO BRANCO;2101;LETRA A;FATIMA;64049-505;DIESEL S10;16/02/2026;6,79;;R$ / litro;IPIRANGA
NE;PI;TERESINA;POSTO DE COMBUSTIVEL AGUIA LTDA; 28.985.753/0001-12;AVENIDA HOMERO CASTELO BRANCO;2101;LETRA A;FATIMA;64049-505;ETANOL;16/02/2026;4,69;;R$ / litro;IPIRANGA
NE;PI;TERESINA;CACIQUE PETROLEO LTDA; 06.656.656/0029-44;RUA JAIME DA SILVEIRA;864;;SANTA ISABEL;64053-280;GASOLINA;18/02/2026;5,99;;R$ / litro;VIBRA
NE;PI;TERESINA;CACIQUE PETROLEO LTDA; 06.656.656/0029-44;RUA JAIME DA SILVEIRA;864;;SANTA ISABEL;64053-280;GASOLINA ADITIVADA;18/02/2026;6,29;;R$ / litro;VIBRA
NE;PI;TERESINA;CACIQUE PETROLEO LTDA; 06.656.656/0029-44;RUA JAIME DA SILVEIRA;864;;SANTA ISABEL;64053-280;ETANOL;18/02/2026;4,59;;R$ / litro;VIBRA
NE;PI;TERESINA;JESUS JOSE NOGUEIRA JUNIOR LTDA; 38.635.568/0001-51;AVENIDA SENADOR AREA LEAO;2140;;SAO CRISTOVAO;64051-090;GASOLINA ADITIVADA;16/02/2026;6,39;;R$ / litro;VIBRA
NE;PI;TERESINA;JESUS JOSE NOGUEIRA JUNIOR LTDA; 38.635.568/0001-51;AVENIDA SENADOR AREA LEAO;2140;;SAO CRISTOVAO;64051-090;DIESEL S10;16/02/2026;6,29;;R$ / litro;VIBRA
NE;PI;TERESINA;JESUS JOSE NOGUEIRA JUNIOR LTDA; 38.635.568/0001-51;AVENIDA SENADOR AREA LEAO;2140;;SAO CRISTOVAO;64051-090;ETANOL;16/02/2026;4,69;;R$ / litro;VIBRA
NE;PI;TERESINA;JESUS JOSE NOGUEIRA JUNIOR LTDA; 38.635.568/0001-51;AVENIDA SENADOR AREA LEAO;2140;;SAO CRISTOVAO;64051-090;GASOLINA;16/02/2026;5,99;;R$ / litro;VIBRA
NE;PI;TERESINA;POSTO JOIA LTDA; 08.965.723/0001-37;RUA ENGENHEIRO ALVES DE NORONHA;5102;;BUENOS AIRES;64008-400;GASOLINA;26/02/2026;5,94;;R$ / litro;SABBÁ
NE;PI;TERESINA;POSTO JOIA LTDA; 08.965.723/0001-37;RUA ENGENHEIRO ALVES DE NORONHA;5102;;BUENOS AIRES;64008-400;ETANOL;26/02/2026;4,59;;R$ / litro;SABBÁ
NE;PI;TERESINA;PN PETROLEO LTDA.; 06.331.431/0001-17;RUA MUNDINHO FERRAZ;3225;;SAO CRISTOVAO;64055-330;GASOLINA;25/02/2026;5,97;;R$ / litro;BRANCA
NE;PI;TERESINA;PN PETROLEO LTDA.; 06.331.431/0001-17;RUA MUNDINHO FERRAZ;3225;;SAO CRISTOVAO;64055-330;GASOLINA ADITIVADA;25/02/2026;5,97;;R$ / litro;BRANCA
NE;PI;TERESINA;PN PETROLEO LTDA.; 06.331.431/0001-17;RUA MUNDINHO FERRAZ;3225;;SAO CRISTOVAO;64055-330;DIESEL S10;25/02/2026;5,95;;R$ / litro;BRANCA
NE;PI;TERESINA;TRANSSERVICE PETROLEO LTDA; 02.927.004/0001-45;AVENIDA BARAO DE GURGUEIA;2300;;SAO PEDRO;64019-350;GASOLINA;23/02/2026;5,99;;R$ / litro;BRANCA
NE;PI;TERESINA;TRANSSERVICE PETROLEO LTDA; 02.927.004/0001-45;AVENIDA BARAO DE GURGUEIA;2300;;SAO PEDRO;64019-350;GASOLINA ADITIVADA;23/02/2026;5,99;;R$ / litro;BRANCA
NE;PI;TERESINA;TRANSSERVICE PETROLEO LTDA; 02.927.004/0001-45;AVENIDA BARAO DE GURGUEIA;2300;;SAO PEDRO;64019-350;DIESEL;23/02/2026;5,97;;R$ / litro;BRANCA
NE;PI;TERESINA;TRANSSERVICE PETROLEO LTDA; 02.927.004/0001-45;AVENIDA BARAO DE GURGUEIA;2300;;SAO PEDRO;64019-350;DIESEL S10;23/02/2026;5,99;;R$ / litro;BRANCA
NE;PI;TERESINA;TRANSSERVICE PETROLEO LTDA; 02.927.004/0001-45;AVENIDA BARAO DE GURGUEIA;2300;;SAO PEDRO;64019-350;ETANOL;23/02/2026;4,59;;R$ / litro;BRANCA
NE;PI;TERESINA;PIPEL-PICOS PETROLEO LTDA; 07.483.266/0005-05;AVENIDA PREF. WALL  FERRAZ;7420;;TRIUNFO;64000-010;GASOLINA;23/02/2026;5,78;;R$ / litro;VIBRA
NE;PI;TERESINA;PIPEL-PICOS PETROLEO LTDA; 07.483.266/0005-05;AVENIDA PREF. WALL  FERRAZ;7420;;TRIUNFO;64000-010;GASOLINA ADITIVADA;23/02/2026;6,18;;R$ / litro;VIBRA
NE;PI;TERESINA;PIPEL-PICOS PETROLEO LTDA; 07.483.266/0005-05;AVENIDA PREF. WALL  FERRAZ;7420;;TRIUNFO;64000-010;DIESEL;23/02/2026;5,76;;R$ / litro;VIBRA
NE;PI;TERESINA;PIPEL-PICOS PETROLEO LTDA; 07.483.266/0005-05;AVENIDA PREF. WALL  FERRAZ;7420;;TRIUNFO;64000-010;DIESEL S10;23/02/2026;5,79;;R$ / litro;VIBRA
NE;PI;TERESINA;CACIQUE PETROLEO LTDA; 06.656.656/0004-96;AVENIDA MIGUEL ROSA;3768;SUL;PICARRA;64001-973;GASOLINA;26/02/2026;5,99;;R$ / litro;VIBRA
NE;PI;TERESINA;CACIQUE PETROLEO LTDA; 06.656.656/0004-96;AVENIDA MIGUEL ROSA;3768;SUL;PICARRA;64001-973;GASOLINA ADITIVADA;26/02/2026;6,29;;R$ / litro;VIBRA
NE;PI;TERESINA;CACIQUE PETROLEO LTDA; 06.656.656/0004-96;AVENIDA MIGUEL ROSA;3768;SUL;PICARRA;64001-973;ETANOL;26/02/2026;4,59;;R$ / litro;VIBRA
NE;PI;TERESINA;CACIQUE PETROLEO LTDA; 06.656.656/0003-05;AVENIDA PRESIDENTE KENNEDY;1944;;SAO CRISTOVAO;64052-800;GASOLINA;23/02/2026;5,99;;R$ / litro;VIBRA
NE;PI;TERESINA;CACIQUE PETROLEO LTDA; 06.656.656/0003-05;AVENIDA PRESIDENTE KENNEDY;1944;;SAO CRISTOVAO;64052-800;GASOLINA ADITIVADA;23/02/2026;6,39;;R$ / litro;VIBRA
NE;PI;TERESINA;CACIQUE PETROLEO LTDA; 06.656.656/0003-05;AVENIDA PRESIDENTE KENNEDY;1944;;SAO CRISTOVAO;64052-800;ETANOL;23/02/2026;4,59;;R$ / litro;VIBRA
NE;PI;TERESINA;CACIQUE PETROLEO LTDA; 06.656.656/0009-09;AVENIDA MIGUEL ROSA;6185;SUL;;64001-973;GASOLINA;23/02/2026;5,99;;R$ / litro;VIBRA
NE;PI;TERESINA;CACIQUE PETROLEO LTDA; 06.656.656/0009-09;AVENIDA MIGUEL ROSA;6185;SUL;;64001-973;GASOLINA ADITIVADA;23/02/2026;6,29;;R$ / litro;VIBRA
NE;PI;TERESINA;CACIQUE PETROLEO LTDA; 06.656.656/0009-09;AVENIDA MIGUEL ROSA;6185;SUL;;64001-973;DIESEL;23/02/2026;6,39;;R$ / litro;VIBRA
NE;PI;TERESINA;CACIQUE PETROLEO LTDA; 06.656.656/0009-09;AVENIDA MIGUEL ROSA;6185;SUL;;64001-973;ETANOL;23/02/2026;4,59;;R$ / litro;VIBRA
NE;PI;TERESINA;CACIQUE PETROLEO LTDA; 06.656.656/0012-04;AVENIDA RUI BARBOSA;1662;;VILA OPERARIA;64076-410;GASOLINA;26/02/2026;5,99;;R$ / litro;VIBRA
NE;PI;TERESINA;CACIQUE PETROLEO LTDA; 06.656.656/0012-04;AVENIDA RUI BARBOSA;1662;;VILA OPERARIA;64076-410;GASOLINA ADITIVADA;26/02/2026;6,29;;R$ / litro;VIBRA
NE;PI;TERESINA;CACIQUE PETROLEO LTDA; 06.656.656/0012-04;AVENIDA RUI BARBOSA;1662;;VILA OPERARIA;64076-410;ETANOL;26/02/2026;4,59;;R$ / litro;VIBRA
NE;PI;TERESINA;CACIQUE PETROLEO LTDA; 06.656.656/0002-24;AVENIDA MIGUEL ROSA;3833;SUL;PICARRA;64001-973;GASOLINA;26/02/2026;5,99;;R$ / litro;VIBRA
NE;PI;TERESINA;CACIQUE PETROLEO LTDA; 06.656.656/0002-24;AVENIDA MIGUEL ROSA;3833;SUL;PICARRA;64001-973;GASOLINA ADITIVADA;26/02/2026;6,29;;R$ / litro;VIBRA
NE;PI;TERESINA;CACIQUE PETROLEO LTDA; 06.656.656/0002-24;AVENIDA MIGUEL ROSA;3833;SUL;PICARRA;64001-973;ETANOL;26/02/2026;4,59;;R$ / litro;VIBRA
NE;PI;TERESINA;MIRANTE PETROLEO LTDA; 03.612.498/0001-31;AVENIDA PRESIDENTE KENNEDY;5779;;MORROS;64062-100;GASOLINA;25/02/2026;5,97;;R$ / litro;IPIRANGA
NE;PI;TERESINA;MIRANTE PETROLEO LTDA; 03.612.498/0001-31;AVENIDA PRESIDENTE KENNEDY;5779;;MORROS;64062-100;DIESEL;25/02/2026;5,87;;R$ / litro;IPIRANGA
NE;PI;TERESINA;MIRANTE PETROLEO LTDA; 03.612.498/0001-31;AVENIDA PRESIDENTE KENNEDY;5779;;MORROS;64062-100;DIESEL S10;25/02/2026;5,97;;R$ / litro;IPIRANGA
NE;PI;TERESINA;MIRANTE PETROLEO LTDA; 03.612.498/0001-31;AVENIDA PRESIDENTE KENNEDY;5779;;MORROS;64062-100;ETANOL;25/02/2026;4,59;;R$ / litro;IPIRANGA
NE;PI;TERESINA;CLEONICE FERREIRA SILVA; 03.171.610/0001-46;AVENIDA BARAO DE GURGUEIA;2635;;VERMELHA;64018-500;GASOLINA;23/02/2026;5,89;;R$ / litro;BRANCA
NE;PI;TERESINA;CLEONICE FERREIRA SILVA; 03.171.610/0001-46;AVENIDA BARAO DE GURGUEIA;2635;;VERMELHA;64018-500;GASOLINA ADITIVADA;23/02/2026;5,99;;R$ / litro;BRANCA
NE;PI;TERESINA;CLEONICE FERREIRA SILVA; 03.171.610/0001-46;AVENIDA BARAO DE GURGUEIA;2635;;VERMELHA;64018-500;DIESEL;23/02/2026;5,79;;R$ / litro;BRANCA
NE;PI;TERESINA;CLEONICE FERREIRA SILVA; 03.171.610/0001-46;AVENIDA BARAO DE GURGUEIA;2635;;VERMELHA;64018-500;DIESEL S10;23/02/2026;5,89;;R$ / litro;BRANCA
NE;PI;TERESINA;CLEONICE FERREIRA SILVA; 03.171.610/0001-46;AVENIDA BARAO DE GURGUEIA;2635;;VERMELHA;64018-500;ETANOL;23/02/2026;4,49;;R$ / litro;BRANCA
NE;PI;TERESINA;POSTO HIDROLANDIA LTDA; 03.069.763/0001-87;AVENIDA PREFEITO WALL FERRAZ;8570;SUL;LOURIVAL PARENTE;64022-145;GASOLINA;23/02/2026;5,96;;R$ / litro;IPIRANGA
NE;PI;TERESINA;POSTO HIDROLANDIA LTDA; 03.069.763/0001-87;AVENIDA PREFEITO WALL FERRAZ;8570;SUL;LOURIVAL PARENTE;64022-145;GASOLINA ADITIVADA;23/02/2026;6,16;;R$ / litro;IPIRANGA
NE;PI;TERESINA;POSTO HIDROLANDIA LTDA; 03.069.763/0001-87;AVENIDA PREFEITO WALL FERRAZ;8570;SUL;LOURIVAL PARENTE;64022-145;DIESEL;23/02/2026;5,95;;R$ / litro;IPIRANGA
NE;PI;TERESINA;POSTO HIDROLANDIA LTDA; 03.069.763/0001-87;AVENIDA PREFEITO WALL FERRAZ;8570;SUL;LOURIVAL PARENTE;64022-145;DIESEL S10;23/02/2026;5,99;;R$ / litro;IPIRANGA
NE;PI;TERESINA;POSTO HIDROLANDIA LTDA; 03.069.763/0001-87;AVENIDA PREFEITO WALL FERRAZ;8570;SUL;LOURIVAL PARENTE;64022-145;ETANOL;23/02/2026;4,49;;R$ / litro;IPIRANGA
NE;PI;TERESINA;JUNCO COMERCIAL LTDA; 02.760.727/0001-00;RUA JOAQUIM NELSON;2121;;PARQUE IDEAL;64078-625;GASOLINA;23/02/2026;5,97;;R$ / litro;VIBRA
NE;PI;TERESINA;JUNCO COMERCIAL LTDA; 02.760.727/0001-00;RUA JOAQUIM NELSON;2121;;PARQUE IDEAL;64078-625;GASOLINA ADITIVADA;23/02/2026;6,27;;R$ / litro;VIBRA
NE;PI;TERESINA;JUNCO COMERCIAL LTDA; 02.760.727/0001-00;RUA JOAQUIM NELSON;2121;;PARQUE IDEAL;64078-625;DIESEL S10;23/02/2026;5,99;;R$ / litro;VIBRA
NE;PI;TERESINA;JUNCO COMERCIAL LTDA; 02.760.727/0001-00;RUA JOAQUIM NELSON;2121;;PARQUE IDEAL;64078-625;ETANOL;23/02/2026;4,69;;R$ / litro;VIBRA
NE;PI;TERESINA;MOURA SOUSA E BONFIM LTDA; 01.416.988/0001-37;RODOVIA BR 343 KM 10;S/N;;RODOVIA;64045-970;GASOLINA;23/02/2026;5,89;;R$ / litro;ALE
NE;PI;TERESINA;MOURA SOUSA E BONFIM LTDA; 01.416.988/0001-37;RODOVIA BR 343 KM 10;S/N;;RODOVIA;64045-970;GASOLINA ADITIVADA;23/02/2026;6,29;;R$ / litro;ALE
NE;PI;TERESINA;MOURA SOUSA E BONFIM LTDA; 01.416.988/0001-37;RODOVIA BR 343 KM 10;S/N;;RODOVIA;64045-970;DIESEL;23/02/2026;5,84;;R$ / litro;ALE
NE;PI;TERESINA;MOURA SOUSA E BONFIM LTDA; 01.416.988/0001-37;RODOVIA BR 343 KM 10;S/N;;RODOVIA;64045-970;DIESEL S10;23/02/2026;5,89;;R$ / litro;ALE
NE;PI;TERESINA;MOURA SOUSA E BONFIM LTDA; 01.416.988/0001-37;RODOVIA BR 343 KM 10;S/N;;RODOVIA;64045-970;ETANOL;23/02/2026;4,67;;R$ / litro;ALE
NE;PI;TERESINA;POSTO MAIS PROMORAR LTDA; 09.442.915/0001-21;AVENIDA DEPUTADO ULISSES GUIMARAES;1933;QUADRA92C                 CONJ  PROMORAR;PROMORAR;64027-330;GASOLINA;23/02/2026;5,97;;R$ / litro;BRANCA
NE;PI;TERESINA;POSTO MAIS PROMORAR LTDA; 09.442.915/0001-21;AVENIDA DEPUTADO ULISSES GUIMARAES;1933;QUADRA92C                 CONJ  PROMORAR;PROMORAR;64027-330;ETANOL;23/02/2026;4,44;;R$ / litro;BRANCA
NE;PI;TERESINA;POSTO CERTO LTDA; 08.610.754/0001-75;AVENIDA JOAO XXIII;2180;;NOIVOS;64045-000;GASOLINA;23/02/2026;5,99;;R$ / litro;SABBÁ
NE;PI;TERESINA;POSTO CERTO LTDA; 08.610.754/0001-75;AVENIDA JOAO XXIII;2180;;NOIVOS;64045-000;GASOLINA ADITIVADA;23/02/2026;5,99;;R$ / litro;SABBÁ
NE;PI;TERESINA;POSTO CERTO LTDA; 08.610.754/0001-75;AVENIDA JOAO XXIII;2180;;NOIVOS;64045-000;DIESEL S10;23/02/2026;5,99;;R$ / litro;SABBÁ
NE;PI;TERESINA;POSTO CERTO LTDA; 08.610.754/0001-75;AVENIDA JOAO XXIII;2180;;NOIVOS;64045-000;ETANOL;23/02/2026;4,65;;R$ / litro;SABBÁ
NE;PI;TERESINA;JUNCO COMERCIAL LTDA; 02.760.727/0002-83;AVENIDA MARANHAO;900;;CENTRO/N;64000-010;GASOLINA;26/02/2026;5,85;;R$ / litro;VIBRA
NE;PI;TERESINA;JUNCO COMERCIAL LTDA; 02.760.727/0002-83;AVENIDA MARANHAO;900;;CENTRO/N;64000-010;GASOLINA ADITIVADA;26/02/2026;6,19;;R$ / litro;VIBRA
NE;PI;TERESINA;JUNCO COMERCIAL LTDA; 02.760.727/0002-83;AVENIDA MARANHAO;900;;CENTRO/N;64000-010;ETANOL;26/02/2026;4,69;;R$ / litro;VIBRA
NE;PI;TERESINA;POSTO CERTO LTDA; 08.610.754/0002-56;AVENIDA DEPUTADO PAULO FERRAZ;1771;;BEIRA RIO;64075-535;GASOLINA;23/02/2026;5,99;;R$ / litro;SABBÁ
NE;PI;TERESINA;POSTO CERTO LTDA; 08.610.754/0002-56;AVENIDA DEPUTADO PAULO FERRAZ;1771;;BEIRA RIO;64075-535;GASOLINA ADITIVADA;23/02/2026;6,24;;R$ / litro;SABBÁ
NE;PI;TERESINA;POSTO CERTO LTDA; 08.610.754/0002-56;AVENIDA DEPUTADO PAULO FERRAZ;1771;;BEIRA RIO;64075-535;DIESEL;23/02/2026;5,94;;R$ / litro;SABBÁ
NE;PI;TERESINA;POSTO CERTO LTDA; 08.610.754/0002-56;AVENIDA DEPUTADO PAULO FERRAZ;1771;;BEIRA RIO;64075-535;DIESEL S10;23/02/2026;5,99;;R$ / litro;SABBÁ
NE;PI;TERESINA;POSTO CERTO LTDA; 08.610.754/0002-56;AVENIDA DEPUTADO PAULO FERRAZ;1771;;BEIRA RIO;64075-535;ETANOL;23/02/2026;4,59;;R$ / litro;SABBÁ
NE;PI;TERESINA;CACIQUE PETROLEO LTDA; 06.656.656/0018-91;RUA OLAVO BILAC;989;SUL;CENTRO;64001-280;GASOLINA;23/02/2026;5,99;;R$ / litro;VIBRA
NE;PI;TERESINA;CACIQUE PETROLEO LTDA; 06.656.656/0018-91;RUA OLAVO BILAC;989;SUL;CENTRO;64001-280;GASOLINA ADITIVADA;23/02/2026;6,29;;R$ / litro;VIBRA
NE;PI;TERESINA;CACIQUE PETROLEO LTDA; 06.656.656/0018-91;RUA OLAVO BILAC;989;SUL;CENTRO;64001-280;ETANOL;23/02/2026;4,59;;R$ / litro;VIBRA
NE;PI;TERESINA;CACIQUE PETROLEO LTDA; 06.656.656/0019-72;AVENIDA LINDOLFO MONTEIRO;990;;FATIMA;64049-440;GASOLINA;23/02/2026;6,09;;R$ / litro;VIBRA
NE;PI;TERESINA;CACIQUE PETROLEO LTDA; 06.656.656/0019-72;AVENIDA LINDOLFO MONTEIRO;990;;FATIMA;64049-440;GASOLINA ADITIVADA;23/02/2026;6,49;;R$ / litro;VIBRA
NE;PI;TERESINA;CACIQUE PETROLEO LTDA; 06.656.656/0019-72;AVENIDA LINDOLFO MONTEIRO;990;;FATIMA;64049-440;DIESEL;23/02/2026;6,54;;R$ / litro;VIBRA
NE;PI;TERESINA;CACIQUE PETROLEO LTDA; 06.656.656/0019-72;AVENIDA LINDOLFO MONTEIRO;990;;FATIMA;64049-440;ETANOL;23/02/2026;4,79;;R$ / litro;VIBRA
NE;PI;TERESINA;CACIQUE PETROLEO LTDA; 06.656.656/0020-06;AVENIDA DEPUTADO PAULO FERRAZ;2907;;SAO RAIMUNDO;64075-005;GASOLINA;23/02/2026;5,99;;R$ / litro;IPIRANGA
NE;PI;TERESINA;CACIQUE PETROLEO LTDA; 06.656.656/0020-06;AVENIDA DEPUTADO PAULO FERRAZ;2907;;SAO RAIMUNDO;64075-005;GASOLINA ADITIVADA;23/02/2026;6,29;;R$ / litro;IPIRANGA
NE;PI;TERESINA;CACIQUE PETROLEO LTDA; 06.656.656/0020-06;AVENIDA DEPUTADO PAULO FERRAZ;2907;;SAO RAIMUNDO;64075-005;DIESEL;23/02/2026;5,97;;R$ / litro;IPIRANGA
NE;PI;TERESINA;CACIQUE PETROLEO LTDA; 06.656.656/0020-06;AVENIDA DEPUTADO PAULO FERRAZ;2907;;SAO RAIMUNDO;64075-005;ETANOL;23/02/2026;4,69;;R$ / litro;IPIRANGA
NE;PI;TERESINA;CACIQUE PETROLEO LTDA; 06.656.656/0021-97;AVENIDA PREFEITO WALL FERRAZ;15900;;ANGELIM;64040-840;GASOLINA;23/02/2026;5,99;;R$ / litro;IPIRANGA
NE;PI;TERESINA;CACIQUE PETROLEO LTDA; 06.656.656/0021-97;AVENIDA PREFEITO WALL FERRAZ;15900;;ANGELIM;64040-840;DIESEL;23/02/2026;6,27;;R$ / litro;IPIRANGA
NE;PI;TERESINA;CACIQUE PETROLEO LTDA; 06.656.656/0021-97;AVENIDA PREFEITO WALL FERRAZ;15900;;ANGELIM;64040-840;ETANOL;23/02/2026;4,79;;R$ / litro;IPIRANGA
NE;PI;TERESINA;CACIQUE PETROLEO LTDA; 06.656.656/0022-78;AVENIDA DEPUTADO PAULO FERRAZ;1910;;TANCREDO NEVES;64076-005;ETANOL;23/02/2026;4,59;;R$ / litro;IPIRANGA
NE;PI;TERESINA;CACIQUE PETROLEO LTDA; 06.656.656/0022-78;AVENIDA DEPUTADO PAULO FERRAZ;1910;;TANCREDO NEVES;64076-005;GASOLINA;23/02/2026;5,99;;R$ / litro;IPIRANGA
NE;PI;TERESINA;CACIQUE PETROLEO LTDA; 06.656.656/0022-78;AVENIDA DEPUTADO PAULO FERRAZ;1910;;TANCREDO NEVES;64076-005;GASOLINA ADITIVADA;23/02/2026;6,29;;R$ / litro;IPIRANGA
NE;PI;TERESINA;CACIQUE PETROLEO LTDA; 06.656.656/0022-78;AVENIDA DEPUTADO PAULO FERRAZ;1910;;TANCREDO NEVES;64076-005;DIESEL;23/02/2026;5,97;;R$ / litro;IPIRANGA
NE;PI;TERESINA;POSTO MARTINEZ LTDA - ME; 02.992.818/0001-63;AVENIDA ANTONIO OLIVEIRA;61;;GURUPI;64091-400;GASOLINA;23/02/2026;5,99;;R$ / litro;IPIRANGA
NE;PI;TERESINA;POSTO MARTINEZ LTDA - ME; 02.992.818/0001-63;AVENIDA ANTONIO OLIVEIRA;61;;GURUPI;64091-400;GASOLINA ADITIVADA;23/02/2026;6,29;;R$ / litro;IPIRANGA
NE;PI;TERESINA;POSTO MARTINEZ LTDA - ME; 02.992.818/0001-63;AVENIDA ANTONIO OLIVEIRA;61;;GURUPI;64091-400;DIESEL S10;23/02/2026;6,19;;R$ / litro;IPIRANGA
NE;PI;TERESINA;POSTO MARTINEZ LTDA - ME; 02.992.818/0001-63;AVENIDA ANTONIO OLIVEIRA;61;;GURUPI;64091-400;ETANOL;23/02/2026;4,79;;R$ / litro;IPIRANGA
NE;PI;TERESINA;COMERCIO CARVALHO LTDA; 06.511.885/0013-03;RUA JERUMENHA;4590;LETRA A;BUENOS AIRES;64008-300;GASOLINA;26/02/2026;5,99;;R$ / litro;VIBRA
NE;PI;TERESINA;COMERCIO CARVALHO LTDA; 06.511.885/0013-03;RUA JERUMENHA;4590;LETRA A;BUENOS AIRES;64008-300;GASOLINA ADITIVADA;26/02/2026;6,19;;R$ / litro;VIBRA
NE;PI;TERESINA;COMERCIO CARVALHO LTDA; 06.511.885/0013-03;RUA JERUMENHA;4590;LETRA A;BUENOS AIRES;64008-300;ETANOL;26/02/2026;4,89;;R$ / litro;VIBRA
NE;PI;TERESINA;CACIQUE PETROLEO LTDA; 06.656.656/0027-82;AVENIDA PREFEITO WALL FERRAZ;15100;;ANGELIM;64040-840;GASOLINA;23/02/2026;5,99;;R$ / litro;IPIRANGA
NE;PI;TERESINA;CACIQUE PETROLEO LTDA; 06.656.656/0027-82;AVENIDA PREFEITO WALL FERRAZ;15100;;ANGELIM;64040-840;DIESEL;23/02/2026;5,79;;R$ / litro;IPIRANGA
NE;PI;TERESINA;BARBOSA & NUNES LTDA; 08.956.319/0001-05;RUA IVAN TITO DE OLIVEIRA;2090;;LOURIVAL PARENTE;64023-500;GASOLINA;23/02/2026;5,96;;R$ / litro;BRANCA
NE;PI;TERESINA;BARBOSA & NUNES LTDA; 08.956.319/0001-05;RUA IVAN TITO DE OLIVEIRA;2090;;LOURIVAL PARENTE;64023-500;GASOLINA ADITIVADA;23/02/2026;6,06;;R$ / litro;BRANCA
NE;PI;TERESINA;BARBOSA & NUNES LTDA; 08.956.319/0001-05;RUA IVAN TITO DE OLIVEIRA;2090;;LOURIVAL PARENTE;64023-500;DIESEL;23/02/2026;5,63;;R$ / litro;BRANCA
NE;PI;TERESINA;BARBOSA & NUNES LTDA; 08.956.319/0001-05;RUA IVAN TITO DE OLIVEIRA;2090;;LOURIVAL PARENTE;64023-500;DIESEL S10;23/02/2026;5,65;;R$ / litro;BRANCA
NE;PI;TERESINA;BARBOSA & NUNES LTDA; 08.956.319/0001-05;RUA IVAN TITO DE OLIVEIRA;2090;;LOURIVAL PARENTE;64023-500;ETANOL;23/02/2026;4,45;;R$ / litro;BRANCA
NE;PI;TERESINA;CACIQUE PETROLEO LTDA; 06.656.656/0029-44;RUA JAIME DA SILVEIRA;864;;SANTA ISABEL;64053-280;GASOLINA;26/02/2026;5,99;;R$ / litro;VIBRA
NE;PI;TERESINA;CACIQUE PETROLEO LTDA; 06.656.656/0029-44;RUA JAIME DA SILVEIRA;864;;SANTA ISABEL;64053-280;GASOLINA ADITIVADA;26/02/2026;6,29;;R$ / litro;VIBRA
NE;PI;TERESINA;CACIQUE PETROLEO LTDA; 06.656.656/0029-44;RUA JAIME DA SILVEIRA;864;;SANTA ISABEL;64053-280;ETANOL;26/02/2026;4,59;;R$ / litro;VIBRA
NE;PI;TERESINA;CACIQUE PETROLEO LTDA; 06.656.656/0033-20;AVENIDA JOAO XXIII;805;;NOIVOS;64045-000;GASOLINA;25/02/2026;5,99;;R$ / litro;SABBÁ
NE;PI;TERESINA;CACIQUE PETROLEO LTDA; 06.656.656/0033-20;AVENIDA JOAO XXIII;805;;NOIVOS;64045-000;GASOLINA ADITIVADA;25/02/2026;6,19;;R$ / litro;SABBÁ
NE;PI;TERESINA;CACIQUE PETROLEO LTDA; 06.656.656/0033-20;AVENIDA JOAO XXIII;805;;NOIVOS;64045-000;DIESEL S10;25/02/2026;6,39;;R$ / litro;SABBÁ
NE;PI;TERESINA;CACIQUE PETROLEO LTDA; 06.656.656/0033-20;AVENIDA JOAO XXIII;805;;NOIVOS;64045-000;ETANOL;25/02/2026;4,65;;R$ / litro;SABBÁ
NE;PI;TERESINA;POSTO JOIA LTDA; 08.965.723/0001-37;RUA ENGENHEIRO ALVES DE NORONHA;5102;;BUENOS AIRES;64008-400;GASOLINA;04/03/2026;5,94;;R$ / litro;SABBÁ
NE;PI;TERESINA;POSTO JOIA LTDA; 08.965.723/0001-37;RUA ENGENHEIRO ALVES DE NORONHA;5102;;BUENOS AIRES;64008-400;ETANOL;04/03/2026;4,59;;R$ / litro;SABBÁ
NE;PI;TERESINA;PN PETROLEO LTDA.; 06.331.431/0001-17;RUA MUNDINHO FERRAZ;3225;;SAO CRISTOVAO;64055-330;GASOLINA;04/03/2026;5,97;;R$ / litro;BRANCA
NE;PI;TERESINA;PN PETROLEO LTDA.; 06.331.431/0001-17;RUA MUNDINHO FERRAZ;3225;;SAO CRISTOVAO;64055-330;GASOLINA ADITIVADA;04/03/2026;5,97;;R$ / litro;BRANCA
NE;PI;TERESINA;PN PETROLEO LTDA.; 06.331.431/0001-17;RUA MUNDINHO FERRAZ;3225;;SAO CRISTOVAO;64055-330;DIESEL S10;04/03/2026;5,95;;R$ / litro;BRANCA
NE;PI;TERESINA;TRANSSERVICE PETROLEO LTDA; 02.927.004/0001-45;AVENIDA BARAO DE GURGUEIA;2300;;SAO PEDRO;64019-350;GASOLINA;03/03/2026;5,99;;R$ / litro;BRANCA
NE;PI;TERESINA;TRANSSERVICE PETROLEO LTDA; 02.927.004/0001-45;AVENIDA BARAO DE GURGUEIA;2300;;SAO PEDRO;64019-350;GASOLINA ADITIVADA;03/03/2026;5,99;;R$ / litro;BRANCA
NE;PI;TERESINA;TRANSSERVICE PETROLEO LTDA; 02.927.004/0001-45;AVENIDA BARAO DE GURGUEIA;2300;;SAO PEDRO;64019-350;DIESEL;03/03/2026;5,97;;R$ / litro;BRANCA
NE;PI;TERESINA;TRANSSERVICE PETROLEO LTDA; 02.927.004/0001-45;AVENIDA BARAO DE GURGUEIA;2300;;SAO PEDRO;64019-350;DIESEL S10;03/03/2026;5,99;;R$ / litro;BRANCA
NE;PI;TERESINA;TRANSSERVICE PETROLEO LTDA; 02.927.004/0001-45;AVENIDA BARAO DE GURGUEIA;2300;;SAO PEDRO;64019-350;ETANOL;03/03/2026;4,59;;R$ / litro;BRANCA
NE;PI;TERESINA;PIPEL-PICOS PETROLEO LTDA; 07.483.266/0005-05;AVENIDA PREF. WALL  FERRAZ;7420;;TRIUNFO;64000-010;GASOLINA;03/03/2026;5,85;;R$ / litro;VIBRA
NE;PI;TERESINA;PIPEL-PICOS PETROLEO LTDA; 07.483.266/0005-05;AVENIDA PREF. WALL  FERRAZ;7420;;TRIUNFO;64000-010;GASOLINA ADITIVADA;03/03/2026;6,18;;R$ / litro;VIBRA
NE;PI;TERESINA;PIPEL-PICOS PETROLEO LTDA; 07.483.266/0005-05;AVENIDA PREF. WALL  FERRAZ;7420;;TRIUNFO;64000-010;DIESEL;03/03/2026;5,76;;R$ / litro;VIBRA
NE;PI;TERESINA;PIPEL-PICOS PETROLEO LTDA; 07.483.266/0005-05;AVENIDA PREF. WALL  FERRAZ;7420;;TRIUNFO;64000-010;DIESEL S10;03/03/2026;5,79;;R$ / litro;VIBRA
NE;PI;TERESINA;CACIQUE PETROLEO LTDA; 06.656.656/0004-96;AVENIDA MIGUEL ROSA;3768;SUL;PICARRA;64001-973;GASOLINA;04/03/2026;6,09;;R$ / litro;VIBRA
NE;PI;TERESINA;CACIQUE PETROLEO LTDA; 06.656.656/0004-96;AVENIDA MIGUEL ROSA;3768;SUL;PICARRA;64001-973;GASOLINA ADITIVADA;04/03/2026;6,39;;R$ / litro;VIBRA
NE;PI;TERESINA;CACIQUE PETROLEO LTDA; 06.656.656/0004-96;AVENIDA MIGUEL ROSA;3768;SUL;PICARRA;64001-973;ETANOL;04/03/2026;4,59;;R$ / litro;VIBRA
NE;PI;TERESINA;CACIQUE PETROLEO LTDA; 06.656.656/0003-05;AVENIDA PRESIDENTE KENNEDY;1944;;SAO CRISTOVAO;64052-800;GASOLINA;02/03/2026;5,99;;R$ / litro;VIBRA
NE;PI;TERESINA;CACIQUE PETROLEO LTDA; 06.656.656/0003-05;AVENIDA PRESIDENTE KENNEDY;1944;;SAO CRISTOVAO;64052-800;GASOLINA ADITIVADA;02/03/2026;6,39;;R$ / litro;VIBRA
NE;PI;TERESINA;CACIQUE PETROLEO LTDA; 06.656.656/0003-05;AVENIDA PRESIDENTE KENNEDY;1944;;SAO CRISTOVAO;64052-800;ETANOL;02/03/2026;4,59;;R$ / litro;VIBRA
NE;PI;TERESINA;CACIQUE PETROLEO LTDA; 06.656.656/0009-09;AVENIDA MIGUEL ROSA;6185;SUL;;64001-973;GASOLINA;03/03/2026;5,99;;R$ / litro;VIBRA
NE;PI;TERESINA;CACIQUE PETROLEO LTDA; 06.656.656/0009-09;AVENIDA MIGUEL ROSA;6185;SUL;;64001-973;GASOLINA ADITIVADA;03/03/2026;6,29;;R$ / litro;VIBRA
NE;PI;TERESINA;CACIQUE PETROLEO LTDA; 06.656.656/0009-09;AVENIDA MIGUEL ROSA;6185;SUL;;64001-973;DIESEL;03/03/2026;6,39;;R$ / litro;VIBRA
NE;PI;TERESINA;CACIQUE PETROLEO LTDA; 06.656.656/0009-09;AVENIDA MIGUEL ROSA;6185;SUL;;64001-973;ETANOL;03/03/2026;4,59;;R$ / litro;VIBRA
NE;PI;TERESINA;CACIQUE PETROLEO LTDA; 06.656.656/0012-04;AVENIDA RUI BARBOSA;1662;;VILA OPERARIA;64076-410;GASOLINA;04/03/2026;6,09;;R$ / litro;VIBRA
NE;PI;TERESINA;CACIQUE PETROLEO LTDA; 06.656.656/0012-04;AVENIDA RUI BARBOSA;1662;;VILA OPERARIA;64076-410;GASOLINA ADITIVADA;04/03/2026;6,49;;R$ / litro;VIBRA
NE;PI;TERESINA;CACIQUE PETROLEO LTDA; 06.656.656/0012-04;AVENIDA RUI BARBOSA;1662;;VILA OPERARIA;64076-410;ETANOL;04/03/2026;4,59;;R$ / litro;VIBRA
NE;PI;TERESINA;CACIQUE PETROLEO LTDA; 06.656.656/0002-24;AVENIDA MIGUEL ROSA;3833;SUL;PICARRA;64001-973;GASOLINA;04/03/2026;6,09;;R$ / litro;VIBRA
NE;PI;TERESINA;CACIQUE PETROLEO LTDA; 06.656.656/0002-24;AVENIDA MIGUEL ROSA;3833;SUL;PICARRA;64001-973;GASOLINA ADITIVADA;04/03/2026;6,39;;R$ / litro;VIBRA
NE;PI;TERESINA;CACIQUE PETROLEO LTDA; 06.656.656/0002-24;AVENIDA MIGUEL ROSA;3833;SUL;PICARRA;64001-973;ETANOL;04/03/2026;4,59;;R$ / litro;VIBRA
NE;PI;TERESINA;MIRANTE PETROLEO LTDA; 03.612.498/0001-31;AVENIDA PRESIDENTE KENNEDY;5779;;MORROS;64062-100;GASOLINA;04/03/2026;5,97;;R$ / litro;IPIRANGA
NE;PI;TERESINA;MIRANTE PETROLEO LTDA; 03.612.498/0001-31;AVENIDA PRESIDENTE KENNEDY;5779;;MORROS;64062-100;DIESEL;04/03/2026;5,87;;R$ / litro;IPIRANGA
NE;PI;TERESINA;MIRANTE PETROLEO LTDA; 03.612.498/0001-31;AVENIDA PRESIDENTE KENNEDY;5779;;MORROS;64062-100;DIESEL S10;04/03/2026;5,97;;R$ / litro;IPIRANGA
NE;PI;TERESINA;MIRANTE PETROLEO LTDA; 03.612.498/0001-31;AVENIDA PRESIDENTE KENNEDY;5779;;MORROS;64062-100;ETANOL;04/03/2026;4,59;;R$ / litro;IPIRANGA
NE;PI;TERESINA;CLEONICE FERREIRA SILVA; 03.171.610/0001-46;AVENIDA BARAO DE GURGUEIA;2635;;VERMELHA;64018-500;GASOLINA;03/03/2026;5,89;;R$ / litro;BRANCA
NE;PI;TERESINA;CLEONICE FERREIRA SILVA; 03.171.610/0001-46;AVENIDA BARAO DE GURGUEIA;2635;;VERMELHA;64018-500;GASOLINA ADITIVADA;03/03/2026;5,99;;R$ / litro;BRANCA
NE;PI;TERESINA;CLEONICE FERREIRA SILVA; 03.171.610/0001-46;AVENIDA BARAO DE GURGUEIA;2635;;VERMELHA;64018-500;DIESEL;03/03/2026;5,79;;R$ / litro;BRANCA
NE;PI;TERESINA;CLEONICE FERREIRA SILVA; 03.171.610/0001-46;AVENIDA BARAO DE GURGUEIA;2635;;VERMELHA;64018-500;DIESEL S10;03/03/2026;5,89;;R$ / litro;BRANCA
NE;PI;TERESINA;CLEONICE FERREIRA SILVA; 03.171.610/0001-46;AVENIDA BARAO DE GURGUEIA;2635;;VERMELHA;64018-500;ETANOL;03/03/2026;4,49;;R$ / litro;BRANCA
NE;PI;TERESINA;POSTO HIDROLANDIA LTDA; 03.069.763/0001-87;AVENIDA PREFEITO WALL FERRAZ;8570;SUL;LOURIVAL PARENTE;64022-145;GASOLINA;03/03/2026;5,96;;R$ / litro;IPIRANGA
NE;PI;TERESINA;POSTO HIDROLANDIA LTDA; 03.069.763/0001-87;AVENIDA PREFEITO WALL FERRAZ;8570;SUL;LOURIVAL PARENTE;64022-145;GASOLINA ADITIVADA;03/03/2026;6,16;;R$ / litro;IPIRANGA
NE;PI;TERESINA;POSTO HIDROLANDIA LTDA; 03.069.763/0001-87;AVENIDA PREFEITO WALL FERRAZ;8570;SUL;LOURIVAL PARENTE;64022-145;DIESEL;03/03/2026;5,95;;R$ / litro;IPIRANGA
NE;PI;TERESINA;POSTO HIDROLANDIA LTDA; 03.069.763/0001-87;AVENIDA PREFEITO WALL FERRAZ;8570;SUL;LOURIVAL PARENTE;64022-145;DIESEL S10;03/03/2026;5,99;;R$ / litro;IPIRANGA
NE;PI;TERESINA;POSTO HIDROLANDIA LTDA; 03.069.763/0001-87;AVENIDA PREFEITO WALL FERRAZ;8570;SUL;LOURIVAL PARENTE;64022-145;ETANOL;03/03/2026;4,49;;R$ / litro;IPIRANGA
NE;PI;TERESINA;JUNCO COMERCIAL LTDA; 02.760.727/0001-00;RUA JOAQUIM NELSON;2121;;PARQUE IDEAL;64078-625;GASOLINA;03/03/2026;5,97;;R$ / litro;VIBRA
NE;PI;TERESINA;JUNCO COMERCIAL LTDA; 02.760.727/0001-00;RUA JOAQUIM NELSON;2121;;PARQUE IDEAL;64078-625;GASOLINA ADITIVADA;03/03/2026;6,27;;R$ / litro;VIBRA
NE;PI;TERESINA;JUNCO COMERCIAL LTDA; 02.760.727/0001-00;RUA JOAQUIM NELSON;2121;;PARQUE IDEAL;64078-625;DIESEL S10;03/03/2026;6,09;;R$ / litro;VIBRA
NE;PI;TERESINA;JUNCO COMERCIAL LTDA; 02.760.727/0001-00;RUA JOAQUIM NELSON;2121;;PARQUE IDEAL;64078-625;ETANOL;03/03/2026;4,69;;R$ / litro;VIBRA
NE;PI;TERESINA;MOURA SOUSA E BONFIM LTDA; 01.416.988/0001-37;RODOVIA BR 343 KM 10;S/N;;RODOVIA;64045-970;GASOLINA;03/03/2026;5,87;;R$ / litro;ALE
NE;PI;TERESINA;MOURA SOUSA E BONFIM LTDA; 01.416.988/0001-37;RODOVIA BR 343 KM 10;S/N;;RODOVIA;64045-970;GASOLINA ADITIVADA;03/03/2026;6,29;;R$ / litro;ALE
NE;PI;TERESINA;MOURA SOUSA E BONFIM LTDA; 01.416.988/0001-37;RODOVIA BR 343 KM 10;S/N;;RODOVIA;64045-970;DIESEL;03/03/2026;5,84;;R$ / litro;ALE
NE;PI;TERESINA;MOURA SOUSA E BONFIM LTDA; 01.416.988/0001-37;RODOVIA BR 343 KM 10;S/N;;RODOVIA;64045-970;DIESEL S10;03/03/2026;5,89;;R$ / litro;ALE
NE;PI;TERESINA;MOURA SOUSA E BONFIM LTDA; 01.416.988/0001-37;RODOVIA BR 343 KM 10;S/N;;RODOVIA;64045-970;ETANOL;03/03/2026;4,67;;R$ / litro;ALE
NE;PI;TERESINA;POSTO MAIS PROMORAR LTDA; 09.442.915/0001-21;AVENIDA DEPUTADO ULISSES GUIMARAES;1933;QUADRA92C                 CONJ  PROMORAR;PROMORAR;64027-330;GASOLINA;03/03/2026;5,85;;R$ / litro;BRANCA
NE;PI;TERESINA;POSTO MAIS PROMORAR LTDA; 09.442.915/0001-21;AVENIDA DEPUTADO ULISSES GUIMARAES;1933;QUADRA92C                 CONJ  PROMORAR;PROMORAR;64027-330;ETANOL;03/03/2026;4,58;;R$ / litro;BRANCA
NE;PI;TERESINA;FCN.X CARVALHO COMBUSTIVEL LTDA; 09.641.208/0001-64;AVENIDA HOMERO CASTELO BRANCO;630;SALA  C;SAO CRISTOVAO;64048-400;GASOLINA;02/03/2026;5,99;;R$ / litro;VIBRA
NE;PI;TERESINA;FCN.X CARVALHO COMBUSTIVEL LTDA; 09.641.208/0001-64;AVENIDA HOMERO CASTELO BRANCO;630;SALA  C;SAO CRISTOVAO;64048-400;GASOLINA ADITIVADA;02/03/2026;6,79;;R$ / litro;VIBRA
NE;PI;TERESINA;FCN.X CARVALHO COMBUSTIVEL LTDA; 09.641.208/0001-64;AVENIDA HOMERO CASTELO BRANCO;630;SALA  C;SAO CRISTOVAO;64048-400;ETANOL;02/03/2026;4,79;;R$ / litro;VIBRA
NE;PI;TERESINA;POSTO CERTO LTDA; 08.610.754/0001-75;AVENIDA JOAO XXIII;2180;;NOIVOS;64045-000;GASOLINA;02/03/2026;5,99;;R$ / litro;SABBÁ
NE;PI;TERESINA;POSTO CERTO LTDA; 08.610.754/0001-75;AVENIDA JOAO XXIII;2180;;NOIVOS;64045-000;GASOLINA ADITIVADA;02/03/2026;5,99;;R$ / litro;SABBÁ
NE;PI;TERESINA;POSTO CERTO LTDA; 08.610.754/0001-75;AVENIDA JOAO XXIII;2180;;NOIVOS;64045-000;DIESEL S10;02/03/2026;5,99;;R$ / litro;SABBÁ
NE;PI;TERESINA;POSTO CERTO LTDA; 08.610.754/0001-75;AVENIDA JOAO XXIII;2180;;NOIVOS;64045-000;ETANOL;02/03/2026;4,65;;R$ / litro;SABBÁ
NE;PI;TERESINA;JUNCO COMERCIAL LTDA; 02.760.727/0002-83;AVENIDA MARANHAO;900;;CENTRO/N;64000-010;GASOLINA;04/03/2026;5,96;;R$ / litro;VIBRA
NE;PI;TERESINA;JUNCO COMERCIAL LTDA; 02.760.727/0002-83;AVENIDA MARANHAO;900;;CENTRO/N;64000-010;GASOLINA ADITIVADA;04/03/2026;6,19;;R$ / litro;VIBRA
NE;PI;TERESINA;JUNCO COMERCIAL LTDA; 02.760.727/0002-83;AVENIDA MARANHAO;900;;CENTRO/N;64000-010;ETANOL;04/03/2026;4,69;;R$ / litro;VIBRA
NE;PI;TERESINA;POSTO CERTO LTDA; 08.610.754/0002-56;AVENIDA DEPUTADO PAULO FERRAZ;1771;;BEIRA RIO;64075-535;GASOLINA;03/03/2026;5,99;;R$ / litro;SABBÁ
NE;PI;TERESINA;POSTO CERTO LTDA; 08.610.754/0002-56;AVENIDA DEPUTADO PAULO FERRAZ;1771;;BEIRA RIO;64075-535;GASOLINA ADITIVADA;03/03/2026;6,24;;R$ / litro;SABBÁ
NE;PI;TERESINA;POSTO CERTO LTDA; 08.610.754/0002-56;AVENIDA DEPUTADO PAULO FERRAZ;1771;;BEIRA RIO;64075-535;DIESEL;03/03/2026;5,94;;R$ / litro;SABBÁ
NE;PI;TERESINA;POSTO CERTO LTDA; 08.610.754/0002-56;AVENIDA DEPUTADO PAULO FERRAZ;1771;;BEIRA RIO;64075-535;DIESEL S10;03/03/2026;5,99;;R$ / litro;SABBÁ
NE;PI;TERESINA;POSTO CERTO LTDA; 08.610.754/0002-56;AVENIDA DEPUTADO PAULO FERRAZ;1771;;BEIRA RIO;64075-535;ETANOL;03/03/2026;4,59;;R$ / litro;SABBÁ
NE;PI;TERESINA;CACIQUE PETROLEO LTDA; 06.656.656/0018-91;RUA OLAVO BILAC;989;SUL;CENTRO;64001-280;GASOLINA;03/03/2026;5,99;;R$ / litro;VIBRA
NE;PI;TERESINA;CACIQUE PETROLEO LTDA; 06.656.656/0018-91;RUA OLAVO BILAC;989;SUL;CENTRO;64001-280;GASOLINA ADITIVADA;03/03/2026;6,29;;R$ / litro;VIBRA
NE;PI;TERESINA;CACIQUE PETROLEO LTDA; 06.656.656/0018-91;RUA OLAVO BILAC;989;SUL;CENTRO;64001-280;ETANOL;03/03/2026;4,59;;R$ / litro;VIBRA
NE;PI;TERESINA;CACIQUE PETROLEO LTDA; 06.656.656/0019-72;AVENIDA LINDOLFO MONTEIRO;990;;FATIMA;64049-440;GASOLINA;02/03/2026;6,09;;R$ / litro;VIBRA
NE;PI;TERESINA;CACIQUE PETROLEO LTDA; 06.656.656/0019-72;AVENIDA LINDOLFO MONTEIRO;990;;FATIMA;64049-440;GASOLINA ADITIVADA;02/03/2026;6,49;;R$ / litro;VIBRA
NE;PI;TERESINA;CACIQUE PETROLEO LTDA; 06.656.656/0019-72;AVENIDA LINDOLFO MONTEIRO;990;;FATIMA;64049-440;DIESEL;02/03/2026;6,54;;R$ / litro;VIBRA
NE;PI;TERESINA;CACIQUE PETROLEO LTDA; 06.656.656/0019-72;AVENIDA LINDOLFO MONTEIRO;990;;FATIMA;64049-440;ETANOL;02/03/2026;4,79;;R$ / litro;VIBRA
NE;PI;TERESINA;CACIQUE PETROLEO LTDA; 06.656.656/0020-06;AVENIDA DEPUTADO PAULO FERRAZ;2907;;SAO RAIMUNDO;64075-005;GASOLINA;03/03/2026;5,99;;R$ / litro;IPIRANGA
NE;PI;TERESINA;CACIQUE PETROLEO LTDA; 06.656.656/0020-06;AVENIDA DEPUTADO PAULO FERRAZ;2907;;SAO RAIMUNDO;64075-005;GASOLINA ADITIVADA;03/03/2026;6,29;;R$ / litro;IPIRANGA
NE;PI;TERESINA;CACIQUE PETROLEO LTDA; 06.656.656/0020-06;AVENIDA DEPUTADO PAULO FERRAZ;2907;;SAO RAIMUNDO;64075-005;DIESEL;03/03/2026;5,97;;R$ / litro;IPIRANGA
NE;PI;TERESINA;CACIQUE PETROLEO LTDA; 06.656.656/0020-06;AVENIDA DEPUTADO PAULO FERRAZ;2907;;SAO RAIMUNDO;64075-005;ETANOL;03/03/2026;4,69;;R$ / litro;IPIRANGA
NE;PI;TERESINA;CACIQUE PETROLEO LTDA; 06.656.656/0021-97;AVENIDA PREFEITO WALL FERRAZ;15900;;ANGELIM;64040-840;GASOLINA;03/03/2026;5,99;;R$ / litro;IPIRANGA
NE;PI;TERESINA;CACIQUE PETROLEO LTDA; 06.656.656/0021-97;AVENIDA PREFEITO WALL FERRAZ;15900;;ANGELIM;64040-840;DIESEL;03/03/2026;6,27;;R$ / litro;IPIRANGA
NE;PI;TERESINA;CACIQUE PETROLEO LTDA; 06.656.656/0021-97;AVENIDA PREFEITO WALL FERRAZ;15900;;ANGELIM;64040-840;ETANOL;03/03/2026;4,79;;R$ / litro;IPIRANGA
NE;PI;TERESINA;CACIQUE PETROLEO LTDA; 06.656.656/0022-78;AVENIDA DEPUTADO PAULO FERRAZ;1910;;TANCREDO NEVES;64076-005;GASOLINA;03/03/2026;5,99;;R$ / litro;IPIRANGA
NE;PI;TERESINA;CACIQUE PETROLEO LTDA; 06.656.656/0022-78;AVENIDA DEPUTADO PAULO FERRAZ;1910;;TANCREDO NEVES;64076-005;GASOLINA ADITIVADA;03/03/2026;6,29;;R$ / litro;IPIRANGA
NE;PI;TERESINA;CACIQUE PETROLEO LTDA; 06.656.656/0022-78;AVENIDA DEPUTADO PAULO FERRAZ;1910;;TANCREDO NEVES;64076-005;DIESEL;03/03/2026;5,97;;R$ / litro;IPIRANGA
NE;PI;TERESINA;CACIQUE PETROLEO LTDA; 06.656.656/0022-78;AVENIDA DEPUTADO PAULO FERRAZ;1910;;TANCREDO NEVES;64076-005;ETANOL;03/03/2026;4,69;;R$ / litro;IPIRANGA
NE;PI;TERESINA;POSTO MARTINEZ LTDA - ME; 02.992.818/0001-63;AVENIDA ANTONIO OLIVEIRA;61;;GURUPI;64091-400;GASOLINA;03/03/2026;5,99;;R$ / litro;IPIRANGA
NE;PI;TERESINA;POSTO MARTINEZ LTDA - ME; 02.992.818/0001-63;AVENIDA ANTONIO OLIVEIRA;61;;GURUPI;64091-400;GASOLINA ADITIVADA;03/03/2026;5,99;;R$ / litro;IPIRANGA
NE;PI;TERESINA;POSTO MARTINEZ LTDA - ME; 02.992.818/0001-63;AVENIDA ANTONIO OLIVEIRA;61;;GURUPI;64091-400;DIESEL S10;03/03/2026;6,19;;R$ / litro;IPIRANGA
NE;PI;TERESINA;POSTO MARTINEZ LTDA - ME; 02.992.818/0001-63;AVENIDA ANTONIO OLIVEIRA;61;;GURUPI;64091-400;ETANOL;03/03/2026;4,79;;R$ / litro;IPIRANGA
NE;PI;TERESINA;COMERCIO CARVALHO LTDA; 06.511.885/0013-03;RUA JERUMENHA;4590;LETRA A;BUENOS AIRES;64008-300;GASOLINA;04/03/2026;5,99;;R$ / litro;VIBRA
NE;PI;TERESINA;COMERCIO CARVALHO LTDA; 06.511.885/0013-03;RUA JERUMENHA;4590;LETRA A;BUENOS AIRES;64008-300;GASOLINA ADITIVADA;04/03/2026;6,19;;R$ / litro;VIBRA
NE;PI;TERESINA;COMERCIO CARVALHO LTDA; 06.511.885/0013-03;RUA JERUMENHA;4590;LETRA A;BUENOS AIRES;64008-300;DIESEL S10;04/03/2026;6,29;;R$ / litro;VIBRA
NE;PI;TERESINA;COMERCIO CARVALHO LTDA; 06.511.885/0013-03;RUA JERUMENHA;4590;LETRA A;BUENOS AIRES;64008-300;ETANOL;04/03/2026;4,89;;R$ / litro;VIBRA
NE;PI;TERESINA;CACIQUE PETROLEO LTDA; 06.656.656/0027-82;AVENIDA PREFEITO WALL FERRAZ;15100;;ANGELIM;64040-840;GASOLINA;03/03/2026;5,99;;R$ / litro;IPIRANGA
NE;PI;TERESINA;CACIQUE PETROLEO LTDA; 06.656.656/0027-82;AVENIDA PREFEITO WALL FERRAZ;15100;;ANGELIM;64040-840;DIESEL;03/03/2026;5,79;;R$ / litro;IPIRANGA
NE;PI;TERESINA;BARBOSA & NUNES LTDA; 08.956.319/0001-05;RUA IVAN TITO DE OLIVEIRA;2090;;LOURIVAL PARENTE;64023-500;GASOLINA;03/03/2026;5,96;;R$ / litro;BRANCA
NE;PI;TERESINA;BARBOSA & NUNES LTDA; 08.956.319/0001-05;RUA IVAN TITO DE OLIVEIRA;2090;;LOURIVAL PARENTE;64023-500;GASOLINA ADITIVADA;03/03/2026;6,06;;R$ / litro;BRANCA
NE;PI;TERESINA;BARBOSA & NUNES LTDA; 08.956.319/0001-05;RUA IVAN TITO DE OLIVEIRA;2090;;LOURIVAL PARENTE;64023-500;DIESEL;03/03/2026;5,63;;R$ / litro;BRANCA
NE;PI;TERESINA;BARBOSA & NUNES LTDA; 08.956.319/0001-05;RUA IVAN TITO DE OLIVEIRA;2090;;LOURIVAL PARENTE;64023-500;DIESEL S10;03/03/2026;5,65;;R$ / litro;BRANCA
NE;PI;TERESINA;BARBOSA & NUNES LTDA; 08.956.319/0001-05;RUA IVAN TITO DE OLIVEIRA;2090;;LOURIVAL PARENTE;64023-500;ETANOL;03/03/2026;4,45;;R$ / litro;BRANCA
NE;PI;TERESINA;CACIQUE PETROLEO LTDA; 06.656.656/0029-44;RUA JAIME DA SILVEIRA;864;;SANTA ISABEL;64053-280;GASOLINA;04/03/2026;6,09;;R$ / litro;VIBRA
NE;PI;TERESINA;CACIQUE PETROLEO LTDA; 06.656.656/0029-44;RUA JAIME DA SILVEIRA;864;;SANTA ISABEL;64053-280;GASOLINA ADITIVADA;04/03/2026;6,39;;R$ / litro;VIBRA
NE;PI;TERESINA;CACIQUE PETROLEO LTDA; 06.656.656/0029-44;RUA JAIME DA SILVEIRA;864;;SANTA ISABEL;64053-280;ETANOL;04/03/2026;4,59;;R$ / litro;VIBRA
NE;PI;TERESINA;POSTO HOMERO CASTELO BRANCO LTDA; 08.596.605/0001-07;AVENIDA TOMAZ DE AREA LEAO;2563;;ININGA;64048-600;GASOLINA;11/03/2026;6,39;;R$ / litro;VIBRA
NE;PI;TERESINA;POSTO HOMERO CASTELO BRANCO LTDA; 08.596.605/0001-07;AVENIDA TOMAZ DE AREA LEAO;2563;;ININGA;64048-600;GASOLINA ADITIVADA;11/03/2026;6,69;;R$ / litro;VIBRA
NE;PI;TERESINA;POSTO HOMERO CASTELO BRANCO LTDA; 08.596.605/0001-07;AVENIDA TOMAZ DE AREA LEAO;2563;;ININGA;64048-600;ETANOL;11/03/2026;4,99;;R$ / litro;VIBRA
NE;PI;TERESINA;PN PETROLEO LTDA.; 06.331.431/0001-17;RUA MUNDINHO FERRAZ;3225;;SAO CRISTOVAO;64055-330;GASOLINA;11/03/2026;6,59;;R$ / litro;BRANCA
NE;PI;TERESINA;PN PETROLEO LTDA.; 06.331.431/0001-17;RUA MUNDINHO FERRAZ;3225;;SAO CRISTOVAO;64055-330;GASOLINA ADITIVADA;11/03/2026;6,59;;R$ / litro;BRANCA
NE;PI;TERESINA;PN PETROLEO LTDA.; 06.331.431/0001-17;RUA MUNDINHO FERRAZ;3225;;SAO CRISTOVAO;64055-330;DIESEL S10;11/03/2026;6,99;;R$ / litro;BRANCA
NE;PI;TERESINA;TRANSSERVICE PETROLEO LTDA; 02.927.004/0001-45;AVENIDA BARAO DE GURGUEIA;2300;;SAO PEDRO;64019-350;GASOLINA;10/03/2026;6,19;;R$ / litro;BRANCA
NE;PI;TERESINA;TRANSSERVICE PETROLEO LTDA; 02.927.004/0001-45;AVENIDA BARAO DE GURGUEIA;2300;;SAO PEDRO;64019-350;GASOLINA ADITIVADA;10/03/2026;6,19;;R$ / litro;BRANCA
NE;PI;TERESINA;TRANSSERVICE PETROLEO LTDA; 02.927.004/0001-45;AVENIDA BARAO DE GURGUEIA;2300;;SAO PEDRO;64019-350;DIESEL;10/03/2026;6,66;;R$ / litro;BRANCA
NE;PI;TERESINA;TRANSSERVICE PETROLEO LTDA; 02.927.004/0001-45;AVENIDA BARAO DE GURGUEIA;2300;;SAO PEDRO;64019-350;DIESEL S10;10/03/2026;6,79;;R$ / litro;BRANCA
NE;PI;TERESINA;TRANSSERVICE PETROLEO LTDA; 02.927.004/0001-45;AVENIDA BARAO DE GURGUEIA;2300;;SAO PEDRO;64019-350;ETANOL;10/03/2026;4,59;;R$ / litro;BRANCA
NE;PI;TERESINA;SAO FRANCISCO PETROLEO LTDA; 10.336.626/0001-27;AVENIDA FREI SERAFIM;2474;;CENTRO;64001-020;GASOLINA;09/03/2026;6,09;;R$ / litro;VIBRA
NE;PI;TERESINA;SAO FRANCISCO PETROLEO LTDA; 10.336.626/0001-27;AVENIDA FREI SERAFIM;2474;;CENTRO;64001-020;GASOLINA ADITIVADA;09/03/2026;6,44;;R$ / litro;VIBRA
NE;PI;TERESINA;SAO FRANCISCO PETROLEO LTDA; 10.336.626/0001-27;AVENIDA FREI SERAFIM;2474;;CENTRO;64001-020;DIESEL S10;09/03/2026;6,39;;R$ / litro;VIBRA
NE;PI;TERESINA;SAO FRANCISCO PETROLEO LTDA; 10.336.626/0001-27;AVENIDA FREI SERAFIM;2474;;CENTRO;64001-020;ETANOL;09/03/2026;4,59;;R$ / litro;VIBRA
NE;PI;TERESINA;PIPEL-PICOS PETROLEO LTDA; 07.483.266/0005-05;AVENIDA PREF. WALL  FERRAZ;7420;;TRIUNFO;64000-010;GASOLINA;10/03/2026;5,98;;R$ / litro;VIBRA
NE;PI;TERESINA;PIPEL-PICOS PETROLEO LTDA; 07.483.266/0005-05;AVENIDA PREF. WALL  FERRAZ;7420;;TRIUNFO;64000-010;GASOLINA ADITIVADA;10/03/2026;6,14;;R$ / litro;VIBRA
NE;PI;TERESINA;PIPEL-PICOS PETROLEO LTDA; 07.483.266/0005-05;AVENIDA PREF. WALL  FERRAZ;7420;;TRIUNFO;64000-010;DIESEL;10/03/2026;6,42;;R$ / litro;VIBRA
NE;PI;TERESINA;PIPEL-PICOS PETROLEO LTDA; 07.483.266/0005-05;AVENIDA PREF. WALL  FERRAZ;7420;;TRIUNFO;64000-010;DIESEL S10;10/03/2026;6,45;;R$ / litro;VIBRA
NE;PI;TERESINA;CACIQUE PETROLEO LTDA; 06.656.656/0003-05;AVENIDA PRESIDENTE KENNEDY;1944;;SAO CRISTOVAO;64052-800;GASOLINA;09/03/2026;6,19;;R$ / litro;VIBRA
NE;PI;TERESINA;CACIQUE PETROLEO LTDA; 06.656.656/0003-05;AVENIDA PRESIDENTE KENNEDY;1944;;SAO CRISTOVAO;64052-800;GASOLINA ADITIVADA;09/03/2026;6,49;;R$ / litro;VIBRA
NE;PI;TERESINA;CACIQUE PETROLEO LTDA; 06.656.656/0003-05;AVENIDA PRESIDENTE KENNEDY;1944;;SAO CRISTOVAO;64052-800;ETANOL;09/03/2026;4,79;;R$ / litro;VIBRA
NE;PI;TERESINA;CACIQUE PETROLEO LTDA; 06.656.656/0009-09;AVENIDA MIGUEL ROSA;6185;SUL;;64001-973;GASOLINA;10/03/2026;6,19;;R$ / litro;VIBRA
NE;PI;TERESINA;CACIQUE PETROLEO LTDA; 06.656.656/0009-09;AVENIDA MIGUEL ROSA;6185;SUL;;64001-973;GASOLINA ADITIVADA;10/03/2026;6,49;;R$ / litro;VIBRA
NE;PI;TERESINA;CACIQUE PETROLEO LTDA; 06.656.656/0009-09;AVENIDA MIGUEL ROSA;6185;SUL;;64001-973;DIESEL;10/03/2026;6,09;;R$ / litro;VIBRA
NE;PI;TERESINA;CACIQUE PETROLEO LTDA; 06.656.656/0009-09;AVENIDA MIGUEL ROSA;6185;SUL;;64001-973;ETANOL;10/03/2026;4,79;;R$ / litro;VIBRA
NE;PI;TERESINA;MIRANTE PETROLEO LTDA; 03.612.498/0001-31;AVENIDA PRESIDENTE KENNEDY;5779;;MORROS;64062-100;GASOLINA;11/03/2026;6,39;;R$ / litro;IPIRANGA
NE;PI;TERESINA;MIRANTE PETROLEO LTDA; 03.612.498/0001-31;AVENIDA PRESIDENTE KENNEDY;5779;;MORROS;64062-100;DIESEL;11/03/2026;6,68;;R$ / litro;IPIRANGA
NE;PI;TERESINA;MIRANTE PETROLEO LTDA; 03.612.498/0001-31;AVENIDA PRESIDENTE KENNEDY;5779;;MORROS;64062-100;DIESEL S10;11/03/2026;6,69;;R$ / litro;IPIRANGA
NE;PI;TERESINA;MIRANTE PETROLEO LTDA; 03.612.498/0001-31;AVENIDA PRESIDENTE KENNEDY;5779;;MORROS;64062-100;ETANOL;11/03/2026;4,67;;R$ / litro;IPIRANGA
NE;PI;TERESINA;CLEONICE FERREIRA SILVA; 03.171.610/0001-46;AVENIDA BARAO DE GURGUEIA;2635;;VERMELHA;64018-500;GASOLINA;10/03/2026;6,09;;R$ / litro;BRANCA
NE;PI;TERESINA;CLEONICE FERREIRA SILVA; 03.171.610/0001-46;AVENIDA BARAO DE GURGUEIA;2635;;VERMELHA;64018-500;GASOLINA ADITIVADA;10/03/2026;6,19;;R$ / litro;BRANCA
NE;PI;TERESINA;CLEONICE FERREIRA SILVA; 03.171.610/0001-46;AVENIDA BARAO DE GURGUEIA;2635;;VERMELHA;64018-500;DIESEL;10/03/2026;6,29;;R$ / litro;BRANCA
NE;PI;TERESINA;CLEONICE FERREIRA SILVA; 03.171.610/0001-46;AVENIDA BARAO DE GURGUEIA;2635;;VERMELHA;64018-500;DIESEL S10;10/03/2026;6,49;;R$ / litro;BRANCA
NE;PI;TERESINA;CLEONICE FERREIRA SILVA; 03.171.610/0001-46;AVENIDA BARAO DE GURGUEIA;2635;;VERMELHA;64018-500;ETANOL;10/03/2026;4,49;;R$ / litro;BRANCA
NE;PI;TERESINA;POSTO HIDROLANDIA LTDA; 03.069.763/0001-87;AVENIDA PREFEITO WALL FERRAZ;8570;SUL;LOURIVAL PARENTE;64022-145;GASOLINA;10/03/2026;6,49;;R$ / litro;IPIRANGA
NE;PI;TERESINA;POSTO HIDROLANDIA LTDA; 03.069.763/0001-87;AVENIDA PREFEITO WALL FERRAZ;8570;SUL;LOURIVAL PARENTE;64022-145;GASOLINA ADITIVADA;10/03/2026;6,69;;R$ / litro;IPIRANGA
NE;PI;TERESINA;POSTO HIDROLANDIA LTDA; 03.069.763/0001-87;AVENIDA PREFEITO WALL FERRAZ;8570;SUL;LOURIVAL PARENTE;64022-145;DIESEL;10/03/2026;6,95;;R$ / litro;IPIRANGA
NE;PI;TERESINA;POSTO HIDROLANDIA LTDA; 03.069.763/0001-87;AVENIDA PREFEITO WALL FERRAZ;8570;SUL;LOURIVAL PARENTE;64022-145;DIESEL S10;10/03/2026;6,99;;R$ / litro;IPIRANGA
NE;PI;TERESINA;POSTO HIDROLANDIA LTDA; 03.069.763/0001-87;AVENIDA PREFEITO WALL FERRAZ;8570;SUL;LOURIVAL PARENTE;64022-145;ETANOL;10/03/2026;5,20;;R$ / litro;IPIRANGA
NE;PI;TERESINA;JUNCO COMERCIAL LTDA; 02.760.727/0001-00;RUA JOAQUIM NELSON;2121;;PARQUE IDEAL;64078-625;GASOLINA;10/03/2026;6,49;;R$ / litro;VIBRA
NE;PI;TERESINA;JUNCO COMERCIAL LTDA; 02.760.727/0001-00;RUA JOAQUIM NELSON;2121;;PARQUE IDEAL;64078-625;GASOLINA ADITIVADA;10/03/2026;6,79;;R$ / litro;VIBRA
NE;PI;TERESINA;JUNCO COMERCIAL LTDA; 02.760.727/0001-00;RUA JOAQUIM NELSON;2121;;PARQUE IDEAL;64078-625;DIESEL S10;10/03/2026;6,69;;R$ / litro;VIBRA
NE;PI;TERESINA;JUNCO COMERCIAL LTDA; 02.760.727/0001-00;RUA JOAQUIM NELSON;2121;;PARQUE IDEAL;64078-625;ETANOL;10/03/2026;4,79;;R$ / litro;VIBRA
NE;PI;TERESINA;MOURA SOUSA E BONFIM LTDA; 01.416.988/0001-37;RODOVIA BR 343 KM 10;S/N;;RODOVIA;64045-970;GASOLINA;10/03/2026;6,09;;R$ / litro;ALE
NE;PI;TERESINA;MOURA SOUSA E BONFIM LTDA; 01.416.988/0001-37;RODOVIA BR 343 KM 10;S/N;;RODOVIA;64045-970;GASOLINA ADITIVADA;10/03/2026;6,49;;R$ / litro;ALE
NE;PI;TERESINA;MOURA SOUSA E BONFIM LTDA; 01.416.988/0001-37;RODOVIA BR 343 KM 10;S/N;;RODOVIA;64045-970;DIESEL;10/03/2026;6,54;;R$ / litro;ALE
NE;PI;TERESINA;MOURA SOUSA E BONFIM LTDA; 01.416.988/0001-37;RODOVIA BR 343 KM 10;S/N;;RODOVIA;64045-970;DIESEL S10;10/03/2026;6,59;;R$ / litro;ALE
NE;PI;TERESINA;MOURA SOUSA E BONFIM LTDA; 01.416.988/0001-37;RODOVIA BR 343 KM 10;S/N;;RODOVIA;64045-970;ETANOL;10/03/2026;4,87;;R$ / litro;ALE
NE;PI;TERESINA;POSTO MAIS PROMORAR LTDA; 09.442.915/0001-21;AVENIDA DEPUTADO ULISSES GUIMARAES;1933;QUADRA92C                 CONJ  PROMORAR;PROMORAR;64027-330;GASOLINA;10/03/2026;6,49;;R$ / litro;BRANCA
NE;PI;TERESINA;POSTO MAIS PROMORAR LTDA; 09.442.915/0001-21;AVENIDA DEPUTADO ULISSES GUIMARAES;1933;QUADRA92C                 CONJ  PROMORAR;PROMORAR;64027-330;ETANOL;10/03/2026;5,20;;R$ / litro;BRANCA
NE;PI;TERESINA;FCN.X CARVALHO COMBUSTIVEL LTDA; 09.641.208/0001-64;AVENIDA HOMERO CASTELO BRANCO;630;SALA  C;SAO CRISTOVAO;64048-400;GASOLINA;09/03/2026;6,49;;R$ / litro;VIBRA
NE;PI;TERESINA;FCN.X CARVALHO COMBUSTIVEL LTDA; 09.641.208/0001-64;AVENIDA HOMERO CASTELO BRANCO;630;SALA  C;SAO CRISTOVAO;64048-400;GASOLINA ADITIVADA;09/03/2026;6,67;;R$ / litro;VIBRA
NE;PI;TERESINA;FCN.X CARVALHO COMBUSTIVEL LTDA; 09.641.208/0001-64;AVENIDA HOMERO CASTELO BRANCO;630;SALA  C;SAO CRISTOVAO;64048-400;ETANOL;09/03/2026;4,87;;R$ / litro;VIBRA
NE;PI;TERESINA;POSTO CERTO LTDA; 08.610.754/0001-75;AVENIDA JOAO XXIII;2180;;NOIVOS;64045-000;GASOLINA;09/03/2026;6,39;;R$ / litro;SABBÁ
NE;PI;TERESINA;POSTO CERTO LTDA; 08.610.754/0001-75;AVENIDA JOAO XXIII;2180;;NOIVOS;64045-000;GASOLINA ADITIVADA;09/03/2026;6,39;;R$ / litro;SABBÁ
NE;PI;TERESINA;POSTO CERTO LTDA; 08.610.754/0001-75;AVENIDA JOAO XXIII;2180;;NOIVOS;64045-000;DIESEL S10;09/03/2026;6,49;;R$ / litro;SABBÁ
NE;PI;TERESINA;POSTO CERTO LTDA; 08.610.754/0001-75;AVENIDA JOAO XXIII;2180;;NOIVOS;64045-000;ETANOL;09/03/2026;4,79;;R$ / litro;SABBÁ
NE;PI;TERESINA;SAO FRANCISCO PETROLEO LTDA; 10.336.626/0002-08;AVENIDA PREF WALL FERRAZ;4570;;LOURIVAL PARENTE;64022-145;GASOLINA;10/03/2026;6,19;;R$ / litro;BRANCA
NE;PI;TERESINA;SAO FRANCISCO PETROLEO LTDA; 10.336.626/0002-08;AVENIDA PREF WALL FERRAZ;4570;;LOURIVAL PARENTE;64022-145;DIESEL S10;10/03/2026;6,78;;R$ / litro;BRANCA
NE;PI;TERESINA;SAO FRANCISCO PETROLEO LTDA; 10.336.626/0002-08;AVENIDA PREF WALL FERRAZ;4570;;LOURIVAL PARENTE;64022-145;ETANOL;10/03/2026;4,69;;R$ / litro;BRANCA
NE;PI;TERESINA;PLANALTO PETROLEO KM 7 LTDA; 10.887.489/0001-19;AVENIDA PREFEITO WALL FERRAZ;11133;;SANTO ANTONIO;64032-075;GASOLINA;10/03/2026;6,39;;R$ / litro;BRANCA
NE;PI;TERESINA;PLANALTO PETROLEO KM 7 LTDA; 10.887.489/0001-19;AVENIDA PREFEITO WALL FERRAZ;11133;;SANTO ANTONIO;64032-075;GASOLINA ADITIVADA;10/03/2026;6,39;;R$ / litro;BRANCA
NE;PI;TERESINA;PLANALTO PETROLEO KM 7 LTDA; 10.887.489/0001-19;AVENIDA PREFEITO WALL FERRAZ;11133;;SANTO ANTONIO;64032-075;DIESEL;10/03/2026;5,79;;R$ / litro;BRANCA
NE;PI;TERESINA;PLANALTO PETROLEO KM 7 LTDA; 10.887.489/0001-19;AVENIDA PREFEITO WALL FERRAZ;11133;;SANTO ANTONIO;64032-075;DIESEL S10;10/03/2026;5,79;;R$ / litro;BRANCA
NE;PI;TERESINA;PLANALTO PETROLEO KM 7 LTDA; 10.887.489/0001-19;AVENIDA PREFEITO WALL FERRAZ;11133;;SANTO ANTONIO;64032-075;ETANOL;10/03/2026;4,69;;R$ / litro;BRANCA
NE;PI;TERESINA;G. & S. PETROLEO LTDA; 10.919.164/0001-70;AVENIDA SANTOS DUMONT;480;;VILA OPERARIA;64002-200;GASOLINA;12/03/2026;6,69;;R$ / litro;VIBRA
NE;PI;TERESINA;G. & S. PETROLEO LTDA; 10.919.164/0001-70;AVENIDA SANTOS DUMONT;480;;VILA OPERARIA;64002-200;ETANOL;12/03/2026;4,99;;R$ / litro;VIBRA
NE;PI;TERESINA;POSTO CERTO LTDA; 08.610.754/0002-56;AVENIDA DEPUTADO PAULO FERRAZ;1771;;BEIRA RIO;64075-535;GASOLINA;10/03/2026;6,29;;R$ / litro;SABBÁ
NE;PI;TERESINA;POSTO CERTO LTDA; 08.610.754/0002-56;AVENIDA DEPUTADO PAULO FERRAZ;1771;;BEIRA RIO;64075-535;GASOLINA ADITIVADA;10/03/2026;6,59;;R$ / litro;SABBÁ
NE;PI;TERESINA;POSTO CERTO LTDA; 08.610.754/0002-56;AVENIDA DEPUTADO PAULO FERRAZ;1771;;BEIRA RIO;64075-535;DIESEL;10/03/2026;6,69;;R$ / litro;SABBÁ
NE;PI;TERESINA;POSTO CERTO LTDA; 08.610.754/0002-56;AVENIDA DEPUTADO PAULO FERRAZ;1771;;BEIRA RIO;64075-535;DIESEL S10;10/03/2026;6,79;;R$ / litro;SABBÁ
NE;PI;TERESINA;POSTO CERTO LTDA; 08.610.754/0002-56;AVENIDA DEPUTADO PAULO FERRAZ;1771;;BEIRA RIO;64075-535;ETANOL;10/03/2026;4,89;;R$ / litro;SABBÁ
NE;PI;TERESINA;CACIQUE PETROLEO LTDA; 06.656.656/0018-91;RUA OLAVO BILAC;989;SUL;CENTRO;64001-280;GASOLINA;10/03/2026;6,19;;R$ / litro;VIBRA
NE;PI;TERESINA;CACIQUE PETROLEO LTDA; 06.656.656/0018-91;RUA OLAVO BILAC;989;SUL;CENTRO;64001-280;GASOLINA ADITIVADA;10/03/2026;6,59;;R$ / litro;VIBRA
NE;PI;TERESINA;CACIQUE PETROLEO LTDA; 06.656.656/0018-91;RUA OLAVO BILAC;989;SUL;CENTRO;64001-280;ETANOL;10/03/2026;4,79;;R$ / litro;VIBRA
NE;PI;TERESINA;CACIQUE PETROLEO LTDA; 06.656.656/0019-72;AVENIDA LINDOLFO MONTEIRO;990;;FATIMA;64049-440;GASOLINA;09/03/2026;6,24;;R$ / litro;VIBRA
NE;PI;TERESINA;CACIQUE PETROLEO LTDA; 06.656.656/0019-72;AVENIDA LINDOLFO MONTEIRO;990;;FATIMA;64049-440;GASOLINA ADITIVADA;09/03/2026;6,64;;R$ / litro;VIBRA
NE;PI;TERESINA;CACIQUE PETROLEO LTDA; 06.656.656/0019-72;AVENIDA LINDOLFO MONTEIRO;990;;FATIMA;64049-440;DIESEL;09/03/2026;6,89;;R$ / litro;VIBRA
NE;PI;TERESINA;CACIQUE PETROLEO LTDA; 06.656.656/0019-72;AVENIDA LINDOLFO MONTEIRO;990;;FATIMA;64049-440;ETANOL;09/03/2026;4,89;;R$ / litro;VIBRA
NE;PI;TERESINA;CACIQUE PETROLEO LTDA; 06.656.656/0020-06;AVENIDA DEPUTADO PAULO FERRAZ;2907;;SAO RAIMUNDO;64075-005;GASOLINA;10/03/2026;6,19;;R$ / litro;IPIRANGA
NE;PI;TERESINA;CACIQUE PETROLEO LTDA; 06.656.656/0020-06;AVENIDA DEPUTADO PAULO FERRAZ;2907;;SAO RAIMUNDO;64075-005;GASOLINA ADITIVADA;10/03/2026;6,59;;R$ / litro;IPIRANGA
NE;PI;TERESINA;CACIQUE PETROLEO LTDA; 06.656.656/0020-06;AVENIDA DEPUTADO PAULO FERRAZ;2907;;SAO RAIMUNDO;64075-005;DIESEL;10/03/2026;6,99;;R$ / litro;IPIRANGA
NE;PI;TERESINA;CACIQUE PETROLEO LTDA; 06.656.656/0020-06;AVENIDA DEPUTADO PAULO FERRAZ;2907;;SAO RAIMUNDO;64075-005;ETANOL;10/03/2026;4,79;;R$ / litro;IPIRANGA
NE;PI;TERESINA;CACIQUE PETROLEO LTDA; 06.656.656/0021-97;AVENIDA PREFEITO WALL FERRAZ;15900;;ANGELIM;64040-840;GASOLINA;10/03/2026;6,19;;R$ / litro;IPIRANGA
NE;PI;TERESINA;CACIQUE PETROLEO LTDA; 06.656.656/0021-97;AVENIDA PREFEITO WALL FERRAZ;15900;;ANGELIM;64040-840;DIESEL;10/03/2026;6,99;;R$ / litro;IPIRANGA
NE;PI;TERESINA;CACIQUE PETROLEO LTDA; 06.656.656/0021-97;AVENIDA PREFEITO WALL FERRAZ;15900;;ANGELIM;64040-840;ETANOL;10/03/2026;4,79;;R$ / litro;IPIRANGA
NE;PI;TERESINA;IGUATEMI DISTRIBUIDORA LTDA; 03.072.068/0002-55;AVENIDA DOM SEVERINO;1498;;FATIMA;64049-375;GASOLINA;11/03/2026;6,42;;R$ / litro;BRANCA
NE;PI;TERESINA;IGUATEMI DISTRIBUIDORA LTDA; 03.072.068/0002-55;AVENIDA DOM SEVERINO;1498;;FATIMA;64049-375;GASOLINA ADITIVADA;11/03/2026;6,45;;R$ / litro;BRANCA
NE;PI;TERESINA;IGUATEMI DISTRIBUIDORA LTDA; 03.072.068/0002-55;AVENIDA DOM SEVERINO;1498;;FATIMA;64049-375;DIESEL S10;11/03/2026;6,66;;R$ / litro;BRANCA
NE;PI;TERESINA;IGUATEMI DISTRIBUIDORA LTDA; 03.072.068/0002-55;AVENIDA DOM SEVERINO;1498;;FATIMA;64049-375;ETANOL;11/03/2026;4,75;;R$ / litro;BRANCA
NE;PI;TERESINA;CACIQUE PETROLEO LTDA; 06.656.656/0022-78;AVENIDA DEPUTADO PAULO FERRAZ;1910;;TANCREDO NEVES;64076-005;GASOLINA;10/03/2026;6,19;;R$ / litro;IPIRANGA
NE;PI;TERESINA;CACIQUE PETROLEO LTDA; 06.656.656/0022-78;AVENIDA DEPUTADO PAULO FERRAZ;1910;;TANCREDO NEVES;64076-005;GASOLINA ADITIVADA;10/03/2026;6,59;;R$ / litro;IPIRANGA
NE;PI;TERESINA;CACIQUE PETROLEO LTDA; 06.656.656/0022-78;AVENIDA DEPUTADO PAULO FERRAZ;1910;;TANCREDO NEVES;64076-005;DIESEL;10/03/2026;5,99;;R$ / litro;IPIRANGA
NE;PI;TERESINA;CACIQUE PETROLEO LTDA; 06.656.656/0022-78;AVENIDA DEPUTADO PAULO FERRAZ;1910;;TANCREDO NEVES;64076-005;ETANOL;10/03/2026;4,79;;R$ / litro;IPIRANGA
NE;PI;TERESINA;POSTO MARTINEZ LTDA - ME; 02.992.818/0001-63;AVENIDA ANTONIO OLIVEIRA;61;;GURUPI;64091-400;GASOLINA;10/03/2026;6,49;;R$ / litro;IPIRANGA
NE;PI;TERESINA;POSTO MARTINEZ LTDA - ME; 02.992.818/0001-63;AVENIDA ANTONIO OLIVEIRA;61;;GURUPI;64091-400;GASOLINA ADITIVADA;10/03/2026;6,79;;R$ / litro;IPIRANGA
NE;PI;TERESINA;POSTO MARTINEZ LTDA - ME; 02.992.818/0001-63;AVENIDA ANTONIO OLIVEIRA;61;;GURUPI;64091-400;DIESEL S10;10/03/2026;6,79;;R$ / litro;IPIRANGA
NE;PI;TERESINA;POSTO MARTINEZ LTDA - ME; 02.992.818/0001-63;AVENIDA ANTONIO OLIVEIRA;61;;GURUPI;64091-400;ETANOL;10/03/2026;5,19;;R$ / litro;IPIRANGA
NE;PI;TERESINA;CACIQUE PETROLEO LTDA; 06.656.656/0027-82;AVENIDA PREFEITO WALL FERRAZ;15100;;ANGELIM;64040-840;GASOLINA;10/03/2026;6,19;;R$ / litro;IPIRANGA
NE;PI;TERESINA;CACIQUE PETROLEO LTDA; 06.656.656/0027-82;AVENIDA PREFEITO WALL FERRAZ;15100;;ANGELIM;64040-840;DIESEL;10/03/2026;6,99;;R$ / litro;IPIRANGA
NE;PI;TERESINA;BARBOSA & NUNES LTDA; 08.956.319/0001-05;RUA IVAN TITO DE OLIVEIRA;2090;;LOURIVAL PARENTE;64023-500;GASOLINA ADITIVADA;10/03/2026;6,29;;R$ / litro;BRANCA
NE;PI;TERESINA;BARBOSA & NUNES LTDA; 08.956.319/0001-05;RUA IVAN TITO DE OLIVEIRA;2090;;LOURIVAL PARENTE;64023-500;DIESEL;10/03/2026;6,80;;R$ / litro;BRANCA
NE;PI;TERESINA;BARBOSA & NUNES LTDA; 08.956.319/0001-05;RUA IVAN TITO DE OLIVEIRA;2090;;LOURIVAL PARENTE;64023-500;DIESEL S10;10/03/2026;6,85;;R$ / litro;BRANCA
NE;PI;TERESINA;BARBOSA & NUNES LTDA; 08.956.319/0001-05;RUA IVAN TITO DE OLIVEIRA;2090;;LOURIVAL PARENTE;64023-500;ETANOL;10/03/2026;4,79;;R$ / litro;BRANCA
NE;PI;TERESINA;BARBOSA & NUNES LTDA; 08.956.319/0001-05;RUA IVAN TITO DE OLIVEIRA;2090;;LOURIVAL PARENTE;64023-500;GASOLINA;10/03/2026;6,19;;R$ / litro;BRANCA
NE;PI;TERESINA;CACIQUE PETROLEO LTDA; 06.656.656/0033-20;AVENIDA JOAO XXIII;805;;NOIVOS;64045-000;DIESEL S10;11/03/2026;6,99;;R$ / litro;SABBÁ
NE;PI;TERESINA;CACIQUE PETROLEO LTDA; 06.656.656/0033-20;AVENIDA JOAO XXIII;805;;NOIVOS;64045-000;ETANOL;11/03/2026;5,19;;R$ / litro;SABBÁ
NE;PI;TERESINA;CACIQUE PETROLEO LTDA; 06.656.656/0033-20;AVENIDA JOAO XXIII;805;;NOIVOS;64045-000;GASOLINA;11/03/2026;6,34;;R$ / litro;SABBÁ
NE;PI;TERESINA;CACIQUE PETROLEO LTDA; 06.656.656/0033-20;AVENIDA JOAO XXIII;805;;NOIVOS;64045-000;GASOLINA ADITIVADA;11/03/2026;6,74;;R$ / litro;SABBÁ
NE;PI;TERESINA;S P MAGALHAES EMPREENDIMENTOS LTDA; 10.978.518/0001-58;AVENIDA JOAO XXIII;1520;0;SÃO CRISTÓVÃO;64045-000;GASOLINA;16/03/2026;6,49;;R$ / litro;SABBÁ
NE;PI;TERESINA;S P MAGALHAES EMPREENDIMENTOS LTDA; 10.978.518/0001-58;AVENIDA JOAO XXIII;1520;0;SÃO CRISTÓVÃO;64045-000;GASOLINA ADITIVADA;16/03/2026;6,59;;R$ / litro;SABBÁ
NE;PI;TERESINA;S P MAGALHAES EMPREENDIMENTOS LTDA; 10.978.518/0001-58;AVENIDA JOAO XXIII;1520;0;SÃO CRISTÓVÃO;64045-000;ETANOL;16/03/2026;5,05;;R$ / litro;SABBÁ
NE;PI;TERESINA;TRANSSERVICE PETROLEO LTDA; 02.927.004/0001-45;AVENIDA BARAO DE GURGUEIA;2300;;SAO PEDRO;64019-350;GASOLINA;17/03/2026;6,44;;R$ / litro;BRANCA
NE;PI;TERESINA;TRANSSERVICE PETROLEO LTDA; 02.927.004/0001-45;AVENIDA BARAO DE GURGUEIA;2300;;SAO PEDRO;64019-350;GASOLINA ADITIVADA;17/03/2026;6,44;;R$ / litro;BRANCA
NE;PI;TERESINA;TRANSSERVICE PETROLEO LTDA; 02.927.004/0001-45;AVENIDA BARAO DE GURGUEIA;2300;;SAO PEDRO;64019-350;DIESEL;17/03/2026;7,09;;R$ / litro;BRANCA
NE;PI;TERESINA;TRANSSERVICE PETROLEO LTDA; 02.927.004/0001-45;AVENIDA BARAO DE GURGUEIA;2300;;SAO PEDRO;64019-350;DIESEL S10;17/03/2026;7,19;;R$ / litro;BRANCA
NE;PI;TERESINA;TRANSSERVICE PETROLEO LTDA; 02.927.004/0001-45;AVENIDA BARAO DE GURGUEIA;2300;;SAO PEDRO;64019-350;ETANOL;17/03/2026;4,79;;R$ / litro;BRANCA
NE;PI;TERESINA;PIPEL-PICOS PETROLEO LTDA; 07.483.266/0005-05;AVENIDA PREF. WALL  FERRAZ;7420;;TRIUNFO;64000-010;GASOLINA;18/03/2026;6,49;;R$ / litro;VIBRA
NE;PI;TERESINA;PIPEL-PICOS PETROLEO LTDA; 07.483.266/0005-05;AVENIDA PREF. WALL  FERRAZ;7420;;TRIUNFO;64000-010;GASOLINA ADITIVADA;18/03/2026;6,65;;R$ / litro;VIBRA
NE;PI;TERESINA;PIPEL-PICOS PETROLEO LTDA; 07.483.266/0005-05;AVENIDA PREF. WALL  FERRAZ;7420;;TRIUNFO;64000-010;DIESEL;18/03/2026;6,89;;R$ / litro;VIBRA
NE;PI;TERESINA;PIPEL-PICOS PETROLEO LTDA; 07.483.266/0005-05;AVENIDA PREF. WALL  FERRAZ;7420;;TRIUNFO;64000-010;DIESEL S10;18/03/2026;7,05;;R$ / litro;VIBRA
NE;PI;TERESINA;CACIQUE PETROLEO LTDA; 06.656.656/0003-05;AVENIDA PRESIDENTE KENNEDY;1944;;SAO CRISTOVAO;64052-800;GASOLINA;16/03/2026;6,69;;R$ / litro;VIBRA
NE;PI;TERESINA;CACIQUE PETROLEO LTDA; 06.656.656/0003-05;AVENIDA PRESIDENTE KENNEDY;1944;;SAO CRISTOVAO;64052-800;GASOLINA ADITIVADA;16/03/2026;6,99;;R$ / litro;VIBRA
NE;PI;TERESINA;CACIQUE PETROLEO LTDA; 06.656.656/0003-05;AVENIDA PRESIDENTE KENNEDY;1944;;SAO CRISTOVAO;64052-800;ETANOL;16/03/2026;4,99;;R$ / litro;VIBRA
NE;PI;TERESINA;CACIQUE PETROLEO LTDA; 06.656.656/0009-09;AVENIDA MIGUEL ROSA;6185;SUL;;64001-973;GASOLINA;17/03/2026;6,69;;R$ / litro;VIBRA
NE;PI;TERESINA;CACIQUE PETROLEO LTDA; 06.656.656/0009-09;AVENIDA MIGUEL ROSA;6185;SUL;;64001-973;GASOLINA ADITIVADA;17/03/2026;6,99;;R$ / litro;VIBRA
NE;PI;TERESINA;CACIQUE PETROLEO LTDA; 06.656.656/0009-09;AVENIDA MIGUEL ROSA;6185;SUL;;64001-973;DIESEL;17/03/2026;7,09;;R$ / litro;VIBRA
NE;PI;TERESINA;CACIQUE PETROLEO LTDA; 06.656.656/0009-09;AVENIDA MIGUEL ROSA;6185;SUL;;64001-973;ETANOL;17/03/2026;4,99;;R$ / litro;VIBRA
NE;PI;TERESINA;CLEONICE FERREIRA SILVA; 03.171.610/0001-46;AVENIDA BARAO DE GURGUEIA;2635;;VERMELHA;64018-500;GASOLINA;17/03/2026;6,49;;R$ / litro;BRANCA
NE;PI;TERESINA;CLEONICE FERREIRA SILVA; 03.171.610/0001-46;AVENIDA BARAO DE GURGUEIA;2635;;VERMELHA;64018-500;GASOLINA ADITIVADA;17/03/2026;6,59;;R$ / litro;BRANCA
NE;PI;TERESINA;CLEONICE FERREIRA SILVA; 03.171.610/0001-46;AVENIDA BARAO DE GURGUEIA;2635;;VERMELHA;64018-500;DIESEL;17/03/2026;6,88;;R$ / litro;BRANCA
NE;PI;TERESINA;CLEONICE FERREIRA SILVA; 03.171.610/0001-46;AVENIDA BARAO DE GURGUEIA;2635;;VERMELHA;64018-500;DIESEL S10;17/03/2026;6,99;;R$ / litro;BRANCA
NE;PI;TERESINA;CLEONICE FERREIRA SILVA; 03.171.610/0001-46;AVENIDA BARAO DE GURGUEIA;2635;;VERMELHA;64018-500;ETANOL;17/03/2026;4,59;;R$ / litro;BRANCA
NE;PI;TERESINA;POSTO HIDROLANDIA LTDA; 03.069.763/0001-87;AVENIDA PREFEITO WALL FERRAZ;8570;SUL;LOURIVAL PARENTE;64022-145;GASOLINA;18/03/2026;6,69;;R$ / litro;IPIRANGA
NE;PI;TERESINA;POSTO HIDROLANDIA LTDA; 03.069.763/0001-87;AVENIDA PREFEITO WALL FERRAZ;8570;SUL;LOURIVAL PARENTE;64022-145;GASOLINA ADITIVADA;18/03/2026;6,89;;R$ / litro;IPIRANGA
NE;PI;TERESINA;POSTO HIDROLANDIA LTDA; 03.069.763/0001-87;AVENIDA PREFEITO WALL FERRAZ;8570;SUL;LOURIVAL PARENTE;64022-145;DIESEL;18/03/2026;7,05;;R$ / litro;IPIRANGA
NE;PI;TERESINA;POSTO HIDROLANDIA LTDA; 03.069.763/0001-87;AVENIDA PREFEITO WALL FERRAZ;8570;SUL;LOURIVAL PARENTE;64022-145;DIESEL S10;18/03/2026;7,09;;R$ / litro;IPIRANGA
NE;PI;TERESINA;POSTO HIDROLANDIA LTDA; 03.069.763/0001-87;AVENIDA PREFEITO WALL FERRAZ;8570;SUL;LOURIVAL PARENTE;64022-145;ETANOL;18/03/2026;5,20;;R$ / litro;IPIRANGA
NE;PI;TERESINA;JUNCO COMERCIAL LTDA; 02.760.727/0001-00;RUA JOAQUIM NELSON;2121;;PARQUE IDEAL;64078-625;GASOLINA;17/03/2026;6,49;;R$ / litro;VIBRA
NE;PI;TERESINA;JUNCO COMERCIAL LTDA; 02.760.727/0001-00;RUA JOAQUIM NELSON;2121;;PARQUE IDEAL;64078-625;GASOLINA ADITIVADA;17/03/2026;6,79;;R$ / litro;VIBRA
NE;PI;TERESINA;JUNCO COMERCIAL LTDA; 02.760.727/0001-00;RUA JOAQUIM NELSON;2121;;PARQUE IDEAL;64078-625;DIESEL S10;17/03/2026;7,19;;R$ / litro;VIBRA
NE;PI;TERESINA;JUNCO COMERCIAL LTDA; 02.760.727/0001-00;RUA JOAQUIM NELSON;2121;;PARQUE IDEAL;64078-625;ETANOL;17/03/2026;4,89;;R$ / litro;VIBRA
NE;PI;TERESINA;POSTO MAIS PROMORAR LTDA; 09.442.915/0001-21;AVENIDA DEPUTADO ULISSES GUIMARAES;1933;QUADRA92C                 CONJ  PROMORAR;PROMORAR;64027-330;GASOLINA;18/03/2026;6,69;;R$ / litro;BRANCA
NE;PI;TERESINA;POSTO MAIS PROMORAR LTDA; 09.442.915/0001-21;AVENIDA DEPUTADO ULISSES GUIMARAES;1933;QUADRA92C                 CONJ  PROMORAR;PROMORAR;64027-330;ETANOL;18/03/2026;5,20;;R$ / litro;BRANCA
NE;PI;TERESINA;FCN.X CARVALHO COMBUSTIVEL LTDA; 09.641.208/0001-64;AVENIDA HOMERO CASTELO BRANCO;630;SALA  C;SAO CRISTOVAO;64048-400;GASOLINA;16/03/2026;6,79;;R$ / litro;VIBRA
NE;PI;TERESINA;FCN.X CARVALHO COMBUSTIVEL LTDA; 09.641.208/0001-64;AVENIDA HOMERO CASTELO BRANCO;630;SALA  C;SAO CRISTOVAO;64048-400;GASOLINA ADITIVADA;16/03/2026;6,99;;R$ / litro;VIBRA
NE;PI;TERESINA;FCN.X CARVALHO COMBUSTIVEL LTDA; 09.641.208/0001-64;AVENIDA HOMERO CASTELO BRANCO;630;SALA  C;SAO CRISTOVAO;64048-400;ETANOL;16/03/2026;4,99;;R$ / litro;VIBRA
NE;PI;TERESINA;POSTO CERTO LTDA; 08.610.754/0001-75;AVENIDA JOAO XXIII;2180;;NOIVOS;64045-000;GASOLINA;16/03/2026;6,69;;R$ / litro;SABBÁ
NE;PI;TERESINA;POSTO CERTO LTDA; 08.610.754/0001-75;AVENIDA JOAO XXIII;2180;;NOIVOS;64045-000;GASOLINA ADITIVADA;16/03/2026;6,79;;R$ / litro;SABBÁ
NE;PI;TERESINA;POSTO CERTO LTDA; 08.610.754/0001-75;AVENIDA JOAO XXIII;2180;;NOIVOS;64045-000;DIESEL S10;16/03/2026;7,09;;R$ / litro;SABBÁ
NE;PI;TERESINA;POSTO CERTO LTDA; 08.610.754/0001-75;AVENIDA JOAO XXIII;2180;;NOIVOS;64045-000;ETANOL;16/03/2026;4,99;;R$ / litro;SABBÁ
NE;PI;TERESINA;POSTO CERTO LTDA; 08.610.754/0002-56;AVENIDA DEPUTADO PAULO FERRAZ;1771;;BEIRA RIO;64075-535;GASOLINA;17/03/2026;6,59;;R$ / litro;SABBÁ
NE;PI;TERESINA;POSTO CERTO LTDA; 08.610.754/0002-56;AVENIDA DEPUTADO PAULO FERRAZ;1771;;BEIRA RIO;64075-535;GASOLINA ADITIVADA;17/03/2026;6,59;;R$ / litro;SABBÁ
NE;PI;TERESINA;POSTO CERTO LTDA; 08.610.754/0002-56;AVENIDA DEPUTADO PAULO FERRAZ;1771;;BEIRA RIO;64075-535;DIESEL;17/03/2026;6,94;;R$ / litro;SABBÁ
NE;PI;TERESINA;POSTO CERTO LTDA; 08.610.754/0002-56;AVENIDA DEPUTADO PAULO FERRAZ;1771;;BEIRA RIO;64075-535;DIESEL S10;17/03/2026;6,99;;R$ / litro;SABBÁ
NE;PI;TERESINA;POSTO CERTO LTDA; 08.610.754/0002-56;AVENIDA DEPUTADO PAULO FERRAZ;1771;;BEIRA RIO;64075-535;ETANOL;17/03/2026;4,99;;R$ / litro;SABBÁ
NE;PI;TERESINA;CACIQUE PETROLEO LTDA; 06.656.656/0018-91;RUA OLAVO BILAC;989;SUL;CENTRO;64001-280;GASOLINA;17/03/2026;6,69;;R$ / litro;VIBRA
NE;PI;TERESINA;CACIQUE PETROLEO LTDA; 06.656.656/0018-91;RUA OLAVO BILAC;989;SUL;CENTRO;64001-280;GASOLINA ADITIVADA;17/03/2026;6,99;;R$ / litro;VIBRA
NE;PI;TERESINA;CACIQUE PETROLEO LTDA; 06.656.656/0018-91;RUA OLAVO BILAC;989;SUL;CENTRO;64001-280;ETANOL;17/03/2026;4,99;;R$ / litro;VIBRA
NE;PI;TERESINA;CACIQUE PETROLEO LTDA; 06.656.656/0019-72;AVENIDA LINDOLFO MONTEIRO;990;;FATIMA;64049-440;GASOLINA;16/03/2026;6,69;;R$ / litro;VIBRA
NE;PI;TERESINA;CACIQUE PETROLEO LTDA; 06.656.656/0019-72;AVENIDA LINDOLFO MONTEIRO;990;;FATIMA;64049-440;GASOLINA ADITIVADA;16/03/2026;6,99;;R$ / litro;VIBRA
NE;PI;TERESINA;CACIQUE PETROLEO LTDA; 06.656.656/0019-72;AVENIDA LINDOLFO MONTEIRO;990;;FATIMA;64049-440;DIESEL;16/03/2026;7,19;;R$ / litro;VIBRA
NE;PI;TERESINA;CACIQUE PETROLEO LTDA; 06.656.656/0019-72;AVENIDA LINDOLFO MONTEIRO;990;;FATIMA;64049-440;ETANOL;16/03/2026;5,19;;R$ / litro;VIBRA
NE;PI;TERESINA;CACIQUE PETROLEO LTDA; 06.656.656/0020-06;AVENIDA DEPUTADO PAULO FERRAZ;2907;;SAO RAIMUNDO;64075-005;GASOLINA;17/03/2026;6,69;;R$ / litro;IPIRANGA
NE;PI;TERESINA;CACIQUE PETROLEO LTDA; 06.656.656/0020-06;AVENIDA DEPUTADO PAULO FERRAZ;2907;;SAO RAIMUNDO;64075-005;GASOLINA ADITIVADA;17/03/2026;6,99;;R$ / litro;IPIRANGA
NE;PI;TERESINA;CACIQUE PETROLEO LTDA; 06.656.656/0020-06;AVENIDA DEPUTADO PAULO FERRAZ;2907;;SAO RAIMUNDO;64075-005;DIESEL;17/03/2026;7,39;;R$ / litro;IPIRANGA
NE;PI;TERESINA;CACIQUE PETROLEO LTDA; 06.656.656/0020-06;AVENIDA DEPUTADO PAULO FERRAZ;2907;;SAO RAIMUNDO;64075-005;ETANOL;17/03/2026;4,99;;R$ / litro;IPIRANGA
NE;PI;TERESINA;CACIQUE PETROLEO LTDA; 06.656.656/0021-97;AVENIDA PREFEITO WALL FERRAZ;15900;;ANGELIM;64040-840;GASOLINA;18/03/2026;6,69;;R$ / litro;IPIRANGA
NE;PI;TERESINA;CACIQUE PETROLEO LTDA; 06.656.656/0021-97;AVENIDA PREFEITO WALL FERRAZ;15900;;ANGELIM;64040-840;DIESEL;18/03/2026;7,49;;R$ / litro;IPIRANGA
NE;PI;TERESINA;CACIQUE PETROLEO LTDA; 06.656.656/0021-97;AVENIDA PREFEITO WALL FERRAZ;15900;;ANGELIM;64040-840;ETANOL;18/03/2026;4,99;;R$ / litro;IPIRANGA
NE;PI;TERESINA;FELIPE BARTZ MACHADO LTDA; 15.219.109/0001-91;AVENIDA BARAO DE GURGUEIA;1328;SALA  01;VERMELHA;64018-290;GASOLINA;17/03/2026;6,44;;R$ / litro;VIBRA
NE;PI;TERESINA;FELIPE BARTZ MACHADO LTDA; 15.219.109/0001-91;AVENIDA BARAO DE GURGUEIA;1328;SALA  01;VERMELHA;64018-290;GASOLINA ADITIVADA;17/03/2026;6,64;;R$ / litro;VIBRA
NE;PI;TERESINA;FELIPE BARTZ MACHADO LTDA; 15.219.109/0001-91;AVENIDA BARAO DE GURGUEIA;1328;SALA  01;VERMELHA;64018-290;DIESEL;17/03/2026;6,79;;R$ / litro;VIBRA
NE;PI;TERESINA;FELIPE BARTZ MACHADO LTDA; 15.219.109/0001-91;AVENIDA BARAO DE GURGUEIA;1328;SALA  01;VERMELHA;64018-290;DIESEL S10;17/03/2026;7,19;;R$ / litro;VIBRA
NE;PI;TERESINA;FELIPE BARTZ MACHADO LTDA; 15.219.109/0001-91;AVENIDA BARAO DE GURGUEIA;1328;SALA  01;VERMELHA;64018-290;ETANOL;17/03/2026;4,89;;R$ / litro;VIBRA
NE;PI;TERESINA;PLANALTO PETROLEO MORADA NOVA LTDA; 12.303.585/0001-06;RUA QUINZE DE NOVEMBRO;4581;;LOURIVAL PARENTE;64022-350;GASOLINA;18/03/2026;6,66;;R$ / litro;VIBRA
NE;PI;TERESINA;PLANALTO PETROLEO MORADA NOVA LTDA; 12.303.585/0001-06;RUA QUINZE DE NOVEMBRO;4581;;LOURIVAL PARENTE;64022-350;GASOLINA ADITIVADA;18/03/2026;6,66;;R$ / litro;VIBRA
NE;PI;TERESINA;PLANALTO PETROLEO MORADA NOVA LTDA; 12.303.585/0001-06;RUA QUINZE DE NOVEMBRO;4581;;LOURIVAL PARENTE;64022-350;ETANOL;18/03/2026;4,99;;R$ / litro;VIBRA
NE;PI;TERESINA;CACIQUE PETROLEO LTDA; 06.656.656/0022-78;AVENIDA DEPUTADO PAULO FERRAZ;1910;;TANCREDO NEVES;64076-005;GASOLINA;17/03/2026;6,69;;R$ / litro;IPIRANGA
NE;PI;TERESINA;CACIQUE PETROLEO LTDA; 06.656.656/0022-78;AVENIDA DEPUTADO PAULO FERRAZ;1910;;TANCREDO NEVES;64076-005;GASOLINA ADITIVADA;17/03/2026;6,99;;R$ / litro;IPIRANGA
NE;PI;TERESINA;CACIQUE PETROLEO LTDA; 06.656.656/0022-78;AVENIDA DEPUTADO PAULO FERRAZ;1910;;TANCREDO NEVES;64076-005;DIESEL;17/03/2026;7,39;;R$ / litro;IPIRANGA
NE;PI;TERESINA;CACIQUE PETROLEO LTDA; 06.656.656/0022-78;AVENIDA DEPUTADO PAULO FERRAZ;1910;;TANCREDO NEVES;64076-005;ETANOL;17/03/2026;4,99;;R$ / litro;IPIRANGA
NE;PI;TERESINA;MAXXI  COMBUSTIVEIS E DERIVADOS LTDA; 21.448.697/0001-38;RUA ALBERTO LEAL NUNES;5416;;LOURIVAL PARENTE;64023-450;GASOLINA;18/03/2026;6,66;;R$ / litro;BRANCA
NE;PI;TERESINA;MAXXI  COMBUSTIVEIS E DERIVADOS LTDA; 21.448.697/0001-38;RUA ALBERTO LEAL NUNES;5416;;LOURIVAL PARENTE;64023-450;DIESEL S10;18/03/2026;7,16;;R$ / litro;BRANCA
NE;PI;TERESINA;MAXXI  COMBUSTIVEIS E DERIVADOS LTDA; 21.448.697/0001-38;RUA ALBERTO LEAL NUNES;5416;;LOURIVAL PARENTE;64023-450;ETANOL;18/03/2026;4,96;;R$ / litro;BRANCA
NE;PI;TERESINA;POSTO MARTINEZ LTDA - ME; 02.992.818/0001-63;AVENIDA ANTONIO OLIVEIRA;61;;GURUPI;64091-400;GASOLINA;17/03/2026;6,69;;R$ / litro;IPIRANGA
NE;PI;TERESINA;POSTO MARTINEZ LTDA - ME; 02.992.818/0001-63;AVENIDA ANTONIO OLIVEIRA;61;;GURUPI;64091-400;GASOLINA ADITIVADA;17/03/2026;6,99;;R$ / litro;IPIRANGA
NE;PI;TERESINA;POSTO MARTINEZ LTDA - ME; 02.992.818/0001-63;AVENIDA ANTONIO OLIVEIRA;61;;GURUPI;64091-400;DIESEL S10;17/03/2026;7,29;;R$ / litro;IPIRANGA
NE;PI;TERESINA;POSTO MARTINEZ LTDA - ME; 02.992.818/0001-63;AVENIDA ANTONIO OLIVEIRA;61;;GURUPI;64091-400;ETANOL;17/03/2026;5,29;;R$ / litro;IPIRANGA
NE;PI;TERESINA;POSTO MAIS TOTA LTDA; 24.247.615/0001-85;RUA RODRIGUES ALVES;2050;;LOURIVAL PARENTE;64023-320;GASOLINA;18/03/2026;6,69;;R$ / litro;IPIRANGA
NE;PI;TERESINA;POSTO MAIS TOTA LTDA; 24.247.615/0001-85;RUA RODRIGUES ALVES;2050;;LOURIVAL PARENTE;64023-320;GASOLINA ADITIVADA;18/03/2026;6,99;;R$ / litro;IPIRANGA
NE;PI;TERESINA;POSTO MAIS TOTA LTDA; 24.247.615/0001-85;RUA RODRIGUES ALVES;2050;;LOURIVAL PARENTE;64023-320;DIESEL S10;18/03/2026;7,09;;R$ / litro;IPIRANGA
NE;PI;TERESINA;POSTO MAIS TOTA LTDA; 24.247.615/0001-85;RUA RODRIGUES ALVES;2050;;LOURIVAL PARENTE;64023-320;ETANOL;18/03/2026;5,20;;R$ / litro;IPIRANGA
NE;PI;TERESINA;POSTO SUL COMERCIO DE COMBUSTIVEIS E LUBRIFICANTES LTDA; 19.126.955/0001-18;AVENIDA HENRY WALL DE CARVALHO;9689;;ANGELIM;64034-165;ETANOL;18/03/2026;4,79;;R$ / litro;BRANCA
NE;PI;TERESINA;POSTO SUL COMERCIO DE COMBUSTIVEIS E LUBRIFICANTES LTDA; 19.126.955/0001-18;AVENIDA HENRY WALL DE CARVALHO;9689;;ANGELIM;64034-165;GASOLINA;18/03/2026;6,58;;R$ / litro;BRANCA
NE;PI;TERESINA;POSTO SUL COMERCIO DE COMBUSTIVEIS E LUBRIFICANTES LTDA; 19.126.955/0001-18;AVENIDA HENRY WALL DE CARVALHO;9689;;ANGELIM;64034-165;GASOLINA ADITIVADA;18/03/2026;6,62;;R$ / litro;BRANCA
NE;PI;TERESINA;POSTO SUL COMERCIO DE COMBUSTIVEIS E LUBRIFICANTES LTDA; 19.126.955/0001-18;AVENIDA HENRY WALL DE CARVALHO;9689;;ANGELIM;64034-165;DIESEL;18/03/2026;6,97;;R$ / litro;BRANCA
NE;PI;TERESINA;POSTO SUL COMERCIO DE COMBUSTIVEIS E LUBRIFICANTES LTDA; 19.126.955/0001-18;AVENIDA HENRY WALL DE CARVALHO;9689;;ANGELIM;64034-165;DIESEL S10;18/03/2026;6,98;;R$ / litro;BRANCA
NE;PI;TERESINA;POSTO MAIS PORTAL DA ALEGRIA LTDA; 27.870.964/0001-47;RUA JOAO RANGEL PARENTE;6400;;PORTAL DA ALEGRIA;64037-025;GASOLINA;18/03/2026;6,69;;R$ / litro;BRANCA
NE;PI;TERESINA;POSTO MAIS PORTAL DA ALEGRIA LTDA; 27.870.964/0001-47;RUA JOAO RANGEL PARENTE;6400;;PORTAL DA ALEGRIA;64037-025;GASOLINA ADITIVADA;18/03/2026;6,89;;R$ / litro;BRANCA
NE;PI;TERESINA;POSTO MAIS PORTAL DA ALEGRIA LTDA; 27.870.964/0001-47;RUA JOAO RANGEL PARENTE;6400;;PORTAL DA ALEGRIA;64037-025;DIESEL;18/03/2026;7,05;;R$ / litro;BRANCA
NE;PI;TERESINA;POSTO MAIS PORTAL DA ALEGRIA LTDA; 27.870.964/0001-47;RUA JOAO RANGEL PARENTE;6400;;PORTAL DA ALEGRIA;64037-025;DIESEL S10;18/03/2026;7,09;;R$ / litro;BRANCA
NE;PI;TERESINA;POSTO MAIS PORTAL DA ALEGRIA LTDA; 27.870.964/0001-47;RUA JOAO RANGEL PARENTE;6400;;PORTAL DA ALEGRIA;64037-025;ETANOL;18/03/2026;5,20;;R$ / litro;BRANCA
NE;PI;TERESINA;POSTO MAIS GURUPI LTDA; 33.058.551/0001-65;AVENIDA DEPUTADO PAULO FERRAZ;5766;;GURUPI;64091-500;GASOLINA;17/03/2026;6,69;;R$ / litro;BRANCA
NE;PI;TERESINA;POSTO MAIS GURUPI LTDA; 33.058.551/0001-65;AVENIDA DEPUTADO PAULO FERRAZ;5766;;GURUPI;64091-500;GASOLINA ADITIVADA;17/03/2026;6,99;;R$ / litro;BRANCA
NE;PI;TERESINA;POSTO MAIS GURUPI LTDA; 33.058.551/0001-65;AVENIDA DEPUTADO PAULO FERRAZ;5766;;GURUPI;64091-500;DIESEL;17/03/2026;7,05;;R$ / litro;BRANCA
NE;PI;TERESINA;POSTO MAIS GURUPI LTDA; 33.058.551/0001-65;AVENIDA DEPUTADO PAULO FERRAZ;5766;;GURUPI;64091-500;DIESEL S10;17/03/2026;7,09;;R$ / litro;BRANCA
NE;PI;TERESINA;POSTO MAIS GURUPI LTDA; 33.058.551/0001-65;AVENIDA DEPUTADO PAULO FERRAZ;5766;;GURUPI;64091-500;ETANOL;17/03/2026;5,20;;R$ / litro;BRANCA
NE;PI;TERESINA;CACIQUE PETROLEO LTDA; 06.656.656/0027-82;AVENIDA PREFEITO WALL FERRAZ;15100;;ANGELIM;64040-840;GASOLINA;18/03/2026;6,69;;R$ / litro;IPIRANGA
NE;PI;TERESINA;CACIQUE PETROLEO LTDA; 06.656.656/0027-82;AVENIDA PREFEITO WALL FERRAZ;15100;;ANGELIM;64040-840;DIESEL;18/03/2026;7,39;;R$ / litro;IPIRANGA
NE;PI;TERESINA;BARBOSA & NUNES LTDA; 08.956.319/0001-05;RUA IVAN TITO DE OLIVEIRA;2090;;LOURIVAL PARENTE;64023-500;GASOLINA;18/03/2026;6,66;;R$ / litro;BRANCA
NE;PI;TERESINA;BARBOSA & NUNES LTDA; 08.956.319/0001-05;RUA IVAN TITO DE OLIVEIRA;2090;;LOURIVAL PARENTE;64023-500;GASOLINA ADITIVADA;18/03/2026;6,76;;R$ / litro;BRANCA
NE;PI;TERESINA;BARBOSA & NUNES LTDA; 08.956.319/0001-05;RUA IVAN TITO DE OLIVEIRA;2090;;LOURIVAL PARENTE;64023-500;DIESEL;18/03/2026;7,08;;R$ / litro;BRANCA
NE;PI;TERESINA;BARBOSA & NUNES LTDA; 08.956.319/0001-05;RUA IVAN TITO DE OLIVEIRA;2090;;LOURIVAL PARENTE;64023-500;DIESEL S10;18/03/2026;7,09;;R$ / litro;BRANCA
NE;PI;TERESINA;BARBOSA & NUNES LTDA; 08.956.319/0001-05;RUA IVAN TITO DE OLIVEIRA;2090;;LOURIVAL PARENTE;64023-500;ETANOL;18/03/2026;4,96;;R$ / litro;BRANCA
NE;PI;TERESINA;POSTO DE COMBUSTIVEL AGUIA LTDA; 28.985.753/0001-12;AVENIDA HOMERO CASTELO BRANCO;2101;LETRA A;FATIMA;64049-505;GASOLINA;16/03/2026;6,59;;R$ / litro;IPIRANGA
NE;PI;TERESINA;POSTO DE COMBUSTIVEL AGUIA LTDA; 28.985.753/0001-12;AVENIDA HOMERO CASTELO BRANCO;2101;LETRA A;FATIMA;64049-505;GASOLINA ADITIVADA;16/03/2026;6,79;;R$ / litro;IPIRANGA
NE;PI;TERESINA;POSTO DE COMBUSTIVEL AGUIA LTDA; 28.985.753/0001-12;AVENIDA HOMERO CASTELO BRANCO;2101;LETRA A;FATIMA;64049-505;DIESEL S10;16/03/2026;6,99;;R$ / litro;IPIRANGA
NE;PI;TERESINA;POSTO DE COMBUSTIVEL AGUIA LTDA; 28.985.753/0001-12;AVENIDA HOMERO CASTELO BRANCO;2101;LETRA A;FATIMA;64049-505;ETANOL;16/03/2026;5,09;;R$ / litro;IPIRANGA
NE;PI;TERESINA;JESUS JOSE NOGUEIRA JUNIOR LTDA; 38.635.568/0001-51;AVENIDA SENADOR AREA LEAO;2140;;SAO CRISTOVAO;64051-090;ETANOL;16/03/2026;4,89;;R$ / litro;VIBRA
NE;PI;TERESINA;JESUS JOSE NOGUEIRA JUNIOR LTDA; 38.635.568/0001-51;AVENIDA SENADOR AREA LEAO;2140;;SAO CRISTOVAO;64051-090;GASOLINA;16/03/2026;6,39;;R$ / litro;VIBRA
NE;PI;TERESINA;JESUS JOSE NOGUEIRA JUNIOR LTDA; 38.635.568/0001-51;AVENIDA SENADOR AREA LEAO;2140;;SAO CRISTOVAO;64051-090;GASOLINA ADITIVADA;16/03/2026;6,59;;R$ / litro;VIBRA
NE;PI;TERESINA;JESUS JOSE NOGUEIRA JUNIOR LTDA; 38.635.568/0001-51;AVENIDA SENADOR AREA LEAO;2140;;SAO CRISTOVAO;64051-090;DIESEL S10;16/03/2026;7,29;;R$ / litro;VIBRA
NE;PI;TERESINA;POSTO HOMERO CASTELO BRANCO LTDA; 08.596.605/0001-07;AVENIDA TOMAZ DE AREA LEAO;2563;;ININGA;64048-600;GASOLINA;25/03/2026;6,79;;R$ / litro;VIBRA
NE;PI;TERESINA;POSTO HOMERO CASTELO BRANCO LTDA; 08.596.605/0001-07;AVENIDA TOMAZ DE AREA LEAO;2563;;ININGA;64048-600;GASOLINA ADITIVADA;25/03/2026;6,99;;R$ / litro;VIBRA
NE;PI;TERESINA;POSTO HOMERO CASTELO BRANCO LTDA; 08.596.605/0001-07;AVENIDA TOMAZ DE AREA LEAO;2563;;ININGA;64048-600;ETANOL;25/03/2026;5,39;;R$ / litro;VIBRA
NE;PI;TERESINA;PN PETROLEO LTDA.; 06.331.431/0001-17;RUA MUNDINHO FERRAZ;3225;;SAO CRISTOVAO;64055-330;GASOLINA;25/03/2026;6,59;;R$ / litro;BRANCA
NE;PI;TERESINA;PN PETROLEO LTDA.; 06.331.431/0001-17;RUA MUNDINHO FERRAZ;3225;;SAO CRISTOVAO;64055-330;GASOLINA ADITIVADA;25/03/2026;6,59;;R$ / litro;BRANCA
NE;PI;TERESINA;PN PETROLEO LTDA.; 06.331.431/0001-17;RUA MUNDINHO FERRAZ;3225;;SAO CRISTOVAO;64055-330;DIESEL S10;25/03/2026;7,39;;R$ / litro;BRANCA
NE;PI;TERESINA;S P MAGALHAES EMPREENDIMENTOS LTDA; 10.978.518/0001-58;AVENIDA JOAO XXIII;1520;0;SÃO CRISTÓVÃO;64045-000;GASOLINA;23/03/2026;6,59;;R$ / litro;SABBÁ
NE;PI;TERESINA;S P MAGALHAES EMPREENDIMENTOS LTDA; 10.978.518/0001-58;AVENIDA JOAO XXIII;1520;0;SÃO CRISTÓVÃO;64045-000;GASOLINA ADITIVADA;23/03/2026;6,69;;R$ / litro;SABBÁ
NE;PI;TERESINA;S P MAGALHAES EMPREENDIMENTOS LTDA; 10.978.518/0001-58;AVENIDA JOAO XXIII;1520;0;SÃO CRISTÓVÃO;64045-000;ETANOL;23/03/2026;5,19;;R$ / litro;SABBÁ
NE;PI;TERESINA;TRANSSERVICE PETROLEO LTDA; 02.927.004/0001-45;AVENIDA BARAO DE GURGUEIA;2300;;SAO PEDRO;64019-350;GASOLINA;26/03/2026;6,67;;R$ / litro;BRANCA
NE;PI;TERESINA;TRANSSERVICE PETROLEO LTDA; 02.927.004/0001-45;AVENIDA BARAO DE GURGUEIA;2300;;SAO PEDRO;64019-350;GASOLINA ADITIVADA;26/03/2026;6,67;;R$ / litro;BRANCA
NE;PI;TERESINA;TRANSSERVICE PETROLEO LTDA; 02.927.004/0001-45;AVENIDA BARAO DE GURGUEIA;2300;;SAO PEDRO;64019-350;DIESEL;26/03/2026;7,28;;R$ / litro;BRANCA
NE;PI;TERESINA;TRANSSERVICE PETROLEO LTDA; 02.927.004/0001-45;AVENIDA BARAO DE GURGUEIA;2300;;SAO PEDRO;64019-350;DIESEL S10;26/03/2026;7,39;;R$ / litro;BRANCA
NE;PI;TERESINA;TRANSSERVICE PETROLEO LTDA; 02.927.004/0001-45;AVENIDA BARAO DE GURGUEIA;2300;;SAO PEDRO;64019-350;ETANOL;26/03/2026;4,99;;R$ / litro;BRANCA
NE;PI;TERESINA;SAO FRANCISCO PETROLEO LTDA; 10.336.626/0001-27;AVENIDA FREI SERAFIM;2474;;CENTRO;64001-020;GASOLINA;23/03/2026;6,48;;R$ / litro;VIBRA
NE;PI;TERESINA;SAO FRANCISCO PETROLEO LTDA; 10.336.626/0001-27;AVENIDA FREI SERAFIM;2474;;CENTRO;64001-020;GASOLINA ADITIVADA;23/03/2026;6,78;;R$ / litro;VIBRA
NE;PI;TERESINA;SAO FRANCISCO PETROLEO LTDA; 10.336.626/0001-27;AVENIDA FREI SERAFIM;2474;;CENTRO;64001-020;DIESEL S10;23/03/2026;7,97;;R$ / litro;VIBRA
NE;PI;TERESINA;SAO FRANCISCO PETROLEO LTDA; 10.336.626/0001-27;AVENIDA FREI SERAFIM;2474;;CENTRO;64001-020;ETANOL;23/03/2026;4,87;;R$ / litro;VIBRA
NE;PI;TERESINA;CACIQUE PETROLEO LTDA; 06.656.656/0004-96;AVENIDA MIGUEL ROSA;3768;SUL;PICARRA;64001-973;GASOLINA;26/03/2026;6,89;;R$ / litro;VIBRA
NE;PI;TERESINA;CACIQUE PETROLEO LTDA; 06.656.656/0004-96;AVENIDA MIGUEL ROSA;3768;SUL;PICARRA;64001-973;GASOLINA ADITIVADA;26/03/2026;7,29;;R$ / litro;VIBRA
NE;PI;TERESINA;CACIQUE PETROLEO LTDA; 06.656.656/0004-96;AVENIDA MIGUEL ROSA;3768;SUL;PICARRA;64001-973;ETANOL;26/03/2026;4,99;;R$ / litro;VIBRA
NE;PI;TERESINA;CACIQUE PETROLEO LTDA; 06.656.656/0003-05;AVENIDA PRESIDENTE KENNEDY;1944;;SAO CRISTOVAO;64052-800;GASOLINA;23/03/2026;6,89;;R$ / litro;VIBRA
NE;PI;TERESINA;CACIQUE PETROLEO LTDA; 06.656.656/0003-05;AVENIDA PRESIDENTE KENNEDY;1944;;SAO CRISTOVAO;64052-800;GASOLINA ADITIVADA;23/03/2026;7,19;;R$ / litro;VIBRA
NE;PI;TERESINA;CACIQUE PETROLEO LTDA; 06.656.656/0003-05;AVENIDA PRESIDENTE KENNEDY;1944;;SAO CRISTOVAO;64052-800;ETANOL;23/03/2026;4,99;;R$ / litro;VIBRA
NE;PI;TERESINA;CACIQUE PETROLEO LTDA; 06.656.656/0009-09;AVENIDA MIGUEL ROSA;6185;SUL;;64001-973;GASOLINA;26/03/2026;6,89;;R$ / litro;VIBRA
NE;PI;TERESINA;CACIQUE PETROLEO LTDA; 06.656.656/0009-09;AVENIDA MIGUEL ROSA;6185;SUL;;64001-973;GASOLINA ADITIVADA;26/03/2026;7,39;;R$ / litro;VIBRA
NE;PI;TERESINA;CACIQUE PETROLEO LTDA; 06.656.656/0009-09;AVENIDA MIGUEL ROSA;6185;SUL;;64001-973;DIESEL;26/03/2026;7,39;;R$ / litro;VIBRA
NE;PI;TERESINA;CACIQUE PETROLEO LTDA; 06.656.656/0009-09;AVENIDA MIGUEL ROSA;6185;SUL;;64001-973;ETANOL;26/03/2026;4,99;;R$ / litro;VIBRA
NE;PI;TERESINA;CACIQUE PETROLEO LTDA; 06.656.656/0012-04;AVENIDA RUI BARBOSA;1662;;VILA OPERARIA;64076-410;GASOLINA;26/03/2026;6,89;;R$ / litro;VIBRA
NE;PI;TERESINA;CACIQUE PETROLEO LTDA; 06.656.656/0012-04;AVENIDA RUI BARBOSA;1662;;VILA OPERARIA;64076-410;GASOLINA ADITIVADA;26/03/2026;7,29;;R$ / litro;VIBRA
NE;PI;TERESINA;CACIQUE PETROLEO LTDA; 06.656.656/0012-04;AVENIDA RUI BARBOSA;1662;;VILA OPERARIA;64076-410;ETANOL;26/03/2026;4,99;;R$ / litro;VIBRA
NE;PI;TERESINA;CACIQUE PETROLEO LTDA; 06.656.656/0002-24;AVENIDA MIGUEL ROSA;3833;SUL;PICARRA;64001-973;GASOLINA;26/03/2026;6,89;;R$ / litro;VIBRA
NE;PI;TERESINA;CACIQUE PETROLEO LTDA; 06.656.656/0002-24;AVENIDA MIGUEL ROSA;3833;SUL;PICARRA;64001-973;GASOLINA ADITIVADA;26/03/2026;7,29;;R$ / litro;VIBRA
NE;PI;TERESINA;CACIQUE PETROLEO LTDA; 06.656.656/0002-24;AVENIDA MIGUEL ROSA;3833;SUL;PICARRA;64001-973;ETANOL;26/03/2026;4,99;;R$ / litro;VIBRA
NE;PI;TERESINA;MIRANTE PETROLEO LTDA; 03.612.498/0001-31;AVENIDA PRESIDENTE KENNEDY;5779;;MORROS;64062-100;GASOLINA;25/03/2026;6,57;;R$ / litro;IPIRANGA
NE;PI;TERESINA;MIRANTE PETROLEO LTDA; 03.612.498/0001-31;AVENIDA PRESIDENTE KENNEDY;5779;;MORROS;64062-100;DIESEL;25/03/2026;7,29;;R$ / litro;IPIRANGA
NE;PI;TERESINA;MIRANTE PETROLEO LTDA; 03.612.498/0001-31;AVENIDA PRESIDENTE KENNEDY;5779;;MORROS;64062-100;DIESEL S10;25/03/2026;7,39;;R$ / litro;IPIRANGA
NE;PI;TERESINA;MIRANTE PETROLEO LTDA; 03.612.498/0001-31;AVENIDA PRESIDENTE KENNEDY;5779;;MORROS;64062-100;ETANOL;25/03/2026;4,87;;R$ / litro;IPIRANGA
NE;PI;TERESINA;CLEONICE FERREIRA SILVA; 03.171.610/0001-46;AVENIDA BARAO DE GURGUEIA;2635;;VERMELHA;64018-500;GASOLINA;26/03/2026;6,39;;R$ / litro;BRANCA
NE;PI;TERESINA;CLEONICE FERREIRA SILVA; 03.171.610/0001-46;AVENIDA BARAO DE GURGUEIA;2635;;VERMELHA;64018-500;GASOLINA ADITIVADA;26/03/2026;6,49;;R$ / litro;BRANCA
NE;PI;TERESINA;CLEONICE FERREIRA SILVA; 03.171.610/0001-46;AVENIDA BARAO DE GURGUEIA;2635;;VERMELHA;64018-500;DIESEL;26/03/2026;7,12;;R$ / litro;BRANCA
NE;PI;TERESINA;CLEONICE FERREIRA SILVA; 03.171.610/0001-46;AVENIDA BARAO DE GURGUEIA;2635;;VERMELHA;64018-500;DIESEL S10;26/03/2026;7,39;;R$ / litro;BRANCA
NE;PI;TERESINA;CLEONICE FERREIRA SILVA; 03.171.610/0001-46;AVENIDA BARAO DE GURGUEIA;2635;;VERMELHA;64018-500;ETANOL;26/03/2026;4,65;;R$ / litro;BRANCA
NE;PI;TERESINA;POSTO HIDROLANDIA LTDA; 03.069.763/0001-87;AVENIDA PREFEITO WALL FERRAZ;8570;SUL;LOURIVAL PARENTE;64022-145;ETANOL;26/03/2026;5,20;;R$ / litro;IPIRANGA
NE;PI;TERESINA;POSTO HIDROLANDIA LTDA; 03.069.763/0001-87;AVENIDA PREFEITO WALL FERRAZ;8570;SUL;LOURIVAL PARENTE;64022-145;GASOLINA;26/03/2026;6,89;;R$ / litro;IPIRANGA
NE;PI;TERESINA;POSTO HIDROLANDIA LTDA; 03.069.763/0001-87;AVENIDA PREFEITO WALL FERRAZ;8570;SUL;LOURIVAL PARENTE;64022-145;GASOLINA ADITIVADA;26/03/2026;7,09;;R$ / litro;IPIRANGA
NE;PI;TERESINA;POSTO HIDROLANDIA LTDA; 03.069.763/0001-87;AVENIDA PREFEITO WALL FERRAZ;8570;SUL;LOURIVAL PARENTE;64022-145;DIESEL;26/03/2026;7,65;;R$ / litro;IPIRANGA
NE;PI;TERESINA;POSTO HIDROLANDIA LTDA; 03.069.763/0001-87;AVENIDA PREFEITO WALL FERRAZ;8570;SUL;LOURIVAL PARENTE;64022-145;DIESEL S10;26/03/2026;7,69;;R$ / litro;IPIRANGA
NE;PI;TERESINA;JUNCO COMERCIAL LTDA; 02.760.727/0001-00;RUA JOAQUIM NELSON;2121;;PARQUE IDEAL;64078-625;GASOLINA;26/03/2026;6,79;;R$ / litro;VIBRA
NE;PI;TERESINA;JUNCO COMERCIAL LTDA; 02.760.727/0001-00;RUA JOAQUIM NELSON;2121;;PARQUE IDEAL;64078-625;GASOLINA ADITIVADA;26/03/2026;7,09;;R$ / litro;VIBRA
NE;PI;TERESINA;JUNCO COMERCIAL LTDA; 02.760.727/0001-00;RUA JOAQUIM NELSON;2121;;PARQUE IDEAL;64078-625;DIESEL S10;26/03/2026;7,59;;R$ / litro;VIBRA
NE;PI;TERESINA;JUNCO COMERCIAL LTDA; 02.760.727/0001-00;RUA JOAQUIM NELSON;2121;;PARQUE IDEAL;64078-625;ETANOL;26/03/2026;5,10;;R$ / litro;VIBRA
NE;PI;TERESINA;MOURA SOUSA E BONFIM LTDA; 01.416.988/0001-37;RODOVIA BR 343 KM 10;S/N;;RODOVIA;64045-970;GASOLINA;26/03/2026;6,59;;R$ / litro;ALE
NE;PI;TERESINA;MOURA SOUSA E BONFIM LTDA; 01.416.988/0001-37;RODOVIA BR 343 KM 10;S/N;;RODOVIA;64045-970;GASOLINA ADITIVADA;26/03/2026;6,99;;R$ / litro;ALE
NE;PI;TERESINA;MOURA SOUSA E BONFIM LTDA; 01.416.988/0001-37;RODOVIA BR 343 KM 10;S/N;;RODOVIA;64045-970;DIESEL;26/03/2026;7,29;;R$ / litro;ALE
NE;PI;TERESINA;MOURA SOUSA E BONFIM LTDA; 01.416.988/0001-37;RODOVIA BR 343 KM 10;S/N;;RODOVIA;64045-970;DIESEL S10;26/03/2026;7,39;;R$ / litro;ALE
NE;PI;TERESINA;MOURA SOUSA E BONFIM LTDA; 01.416.988/0001-37;RODOVIA BR 343 KM 10;S/N;;RODOVIA;64045-970;ETANOL;26/03/2026;5,07;;R$ / litro;ALE
NE;PI;TERESINA;FCN.X CARVALHO COMBUSTIVEL LTDA; 09.641.208/0001-64;AVENIDA HOMERO CASTELO BRANCO;630;SALA  C;SAO CRISTOVAO;64048-400;GASOLINA ADITIVADA;23/03/2026;7,25;;R$ / litro;VIBRA
NE;PI;TERESINA;FCN.X CARVALHO COMBUSTIVEL LTDA; 09.641.208/0001-64;AVENIDA HOMERO CASTELO BRANCO;630;SALA  C;SAO CRISTOVAO;64048-400;ETANOL;23/03/2026;5,39;;R$ / litro;VIBRA
NE;PI;TERESINA;FCN.X CARVALHO COMBUSTIVEL LTDA; 09.641.208/0001-64;AVENIDA HOMERO CASTELO BRANCO;630;SALA  C;SAO CRISTOVAO;64048-400;GASOLINA;23/03/2026;6,89;;R$ / litro;VIBRA
NE;PI;TERESINA;POSTO CERTO LTDA; 08.610.754/0001-75;AVENIDA JOAO XXIII;2180;;NOIVOS;64045-000;GASOLINA;23/03/2026;6,69;;R$ / litro;SABBÁ
NE;PI;TERESINA;POSTO CERTO LTDA; 08.610.754/0001-75;AVENIDA JOAO XXIII;2180;;NOIVOS;64045-000;GASOLINA ADITIVADA;23/03/2026;6,79;;R$ / litro;SABBÁ
NE;PI;TERESINA;POSTO CERTO LTDA; 08.610.754/0001-75;AVENIDA JOAO XXIII;2180;;NOIVOS;64045-000;DIESEL S10;23/03/2026;7,39;;R$ / litro;SABBÁ
NE;PI;TERESINA;POSTO CERTO LTDA; 08.610.754/0001-75;AVENIDA JOAO XXIII;2180;;NOIVOS;64045-000;ETANOL;23/03/2026;4,99;;R$ / litro;SABBÁ
NE;PI;TERESINA;JUNCO COMERCIAL LTDA; 02.760.727/0002-83;AVENIDA MARANHAO;900;;CENTRO/N;64000-010;GASOLINA;26/03/2026;6,69;;R$ / litro;VIBRA
NE;PI;TERESINA;JUNCO COMERCIAL LTDA; 02.760.727/0002-83;AVENIDA MARANHAO;900;;CENTRO/N;64000-010;GASOLINA ADITIVADA;26/03/2026;6,99;;R$ / litro;VIBRA
NE;PI;TERESINA;JUNCO COMERCIAL LTDA; 02.760.727/0002-83;AVENIDA MARANHAO;900;;CENTRO/N;64000-010;ETANOL;26/03/2026;4,99;;R$ / litro;VIBRA
NE;PI;TERESINA;G. & S. PETROLEO LTDA; 10.919.164/0001-70;AVENIDA SANTOS DUMONT;480;;VILA OPERARIA;64002-200;GASOLINA;26/03/2026;6,87;;R$ / litro;VIBRA
NE;PI;TERESINA;G. & S. PETROLEO LTDA; 10.919.164/0001-70;AVENIDA SANTOS DUMONT;480;;VILA OPERARIA;64002-200;ETANOL;26/03/2026;5,09;;R$ / litro;VIBRA
NE;PI;TERESINA;CACIQUE PETROLEO LTDA; 06.656.656/0018-91;RUA OLAVO BILAC;989;SUL;CENTRO;64001-280;GASOLINA;26/03/2026;6,89;;R$ / litro;VIBRA
NE;PI;TERESINA;CACIQUE PETROLEO LTDA; 06.656.656/0018-91;RUA OLAVO BILAC;989;SUL;CENTRO;64001-280;GASOLINA ADITIVADA;26/03/2026;7,29;;R$ / litro;VIBRA
NE;PI;TERESINA;CACIQUE PETROLEO LTDA; 06.656.656/0018-91;RUA OLAVO BILAC;989;SUL;CENTRO;64001-280;ETANOL;26/03/2026;4,99;;R$ / litro;VIBRA
NE;PI;TERESINA;CACIQUE PETROLEO LTDA; 06.656.656/0019-72;AVENIDA LINDOLFO MONTEIRO;990;;FATIMA;64049-440;GASOLINA;23/03/2026;6,89;;R$ / litro;VIBRA
NE;PI;TERESINA;CACIQUE PETROLEO LTDA; 06.656.656/0019-72;AVENIDA LINDOLFO MONTEIRO;990;;FATIMA;64049-440;GASOLINA ADITIVADA;23/03/2026;7,19;;R$ / litro;VIBRA
NE;PI;TERESINA;CACIQUE PETROLEO LTDA; 06.656.656/0019-72;AVENIDA LINDOLFO MONTEIRO;990;;FATIMA;64049-440;DIESEL;23/03/2026;7,39;;R$ / litro;VIBRA
NE;PI;TERESINA;CACIQUE PETROLEO LTDA; 06.656.656/0019-72;AVENIDA LINDOLFO MONTEIRO;990;;FATIMA;64049-440;ETANOL;23/03/2026;5,19;;R$ / litro;VIBRA
NE;PI;TERESINA;ROCHA & RESPLANDES LTDA.; 13.713.560/0001-35;AV. PREFEITO FREITAS NETO;21;QD 13 CS 21/22;MOCAMBINHO;64010-100;GASOLINA;26/03/2026;6,89;;R$ / litro;VIBRA
NE;PI;TERESINA;ROCHA & RESPLANDES LTDA.; 13.713.560/0001-35;AV. PREFEITO FREITAS NETO;21;QD 13 CS 21/22;MOCAMBINHO;64010-100;GASOLINA ADITIVADA;26/03/2026;6,99;;R$ / litro;VIBRA
NE;PI;TERESINA;ROCHA & RESPLANDES LTDA.; 13.713.560/0001-35;AV. PREFEITO FREITAS NETO;21;QD 13 CS 21/22;MOCAMBINHO;64010-100;DIESEL S10;26/03/2026;7,99;;R$ / litro;VIBRA
NE;PI;TERESINA;ROCHA & RESPLANDES LTDA.; 13.713.560/0001-35;AV. PREFEITO FREITAS NETO;21;QD 13 CS 21/22;MOCAMBINHO;64010-100;ETANOL;26/03/2026;4,99;;R$ / litro;VIBRA
NE;PI;TERESINA;COMPANHIA BRASILEIRA DE DISTRIBUICAO; 47.508.411/1563-26;AVENIDA PRESIDENTE KENNEDY;501;PARTE II;SAO CRISTOVAO;64052-345;GASOLINA;23/03/2026;6,45;;R$ / litro;IPIRANGA
NE;PI;TERESINA;COMPANHIA BRASILEIRA DE DISTRIBUICAO; 47.508.411/1563-26;AVENIDA PRESIDENTE KENNEDY;501;PARTE II;SAO CRISTOVAO;64052-345;GASOLINA ADITIVADA;23/03/2026;6,65;;R$ / litro;IPIRANGA
NE;PI;TERESINA;COMPANHIA BRASILEIRA DE DISTRIBUICAO; 47.508.411/1563-26;AVENIDA PRESIDENTE KENNEDY;501;PARTE II;SAO CRISTOVAO;64052-345;ETANOL;23/03/2026;4,99;;R$ / litro;IPIRANGA
NE;PI;TERESINA;IGUATEMI DISTRIBUIDORA LTDA; 03.072.068/0002-55;AVENIDA DOM SEVERINO;1498;;FATIMA;64049-375;GASOLINA;25/03/2026;6,59;;R$ / litro;BRANCA
NE;PI;TERESINA;IGUATEMI DISTRIBUIDORA LTDA; 03.072.068/0002-55;AVENIDA DOM SEVERINO;1498;;FATIMA;64049-375;GASOLINA ADITIVADA;25/03/2026;6,61;;R$ / litro;BRANCA
NE;PI;TERESINA;IGUATEMI DISTRIBUIDORA LTDA; 03.072.068/0002-55;AVENIDA DOM SEVERINO;1498;;FATIMA;64049-375;DIESEL S10;25/03/2026;7,39;;R$ / litro;BRANCA
NE;PI;TERESINA;IGUATEMI DISTRIBUIDORA LTDA; 03.072.068/0002-55;AVENIDA DOM SEVERINO;1498;;FATIMA;64049-375;ETANOL;25/03/2026;4,79;;R$ / litro;BRANCA
NE;PI;TERESINA;POSTO MARTINEZ LTDA - ME; 02.992.818/0001-63;AVENIDA ANTONIO OLIVEIRA;61;;GURUPI;64091-400;GASOLINA;26/03/2026;6,89;;R$ / litro;IPIRANGA
NE;PI;TERESINA;POSTO MARTINEZ LTDA - ME; 02.992.818/0001-63;AVENIDA ANTONIO OLIVEIRA;61;;GURUPI;64091-400;GASOLINA ADITIVADA;26/03/2026;7,19;;R$ / litro;IPIRANGA
NE;PI;TERESINA;POSTO MARTINEZ LTDA - ME; 02.992.818/0001-63;AVENIDA ANTONIO OLIVEIRA;61;;GURUPI;64091-400;DIESEL S10;26/03/2026;7,69;;R$ / litro;IPIRANGA
NE;PI;TERESINA;POSTO MARTINEZ LTDA - ME; 02.992.818/0001-63;AVENIDA ANTONIO OLIVEIRA;61;;GURUPI;64091-400;ETANOL;26/03/2026;5,39;;R$ / litro;IPIRANGA
NE;PI;TERESINA;COMERCIO CARVALHO LTDA; 06.511.885/0013-03;RUA JERUMENHA;4590;LETRA A;BUENOS AIRES;64008-300;GASOLINA;26/03/2026;6,89;;R$ / litro;VIBRA
NE;PI;TERESINA;COMERCIO CARVALHO LTDA; 06.511.885/0013-03;RUA JERUMENHA;4590;LETRA A;BUENOS AIRES;64008-300;GASOLINA ADITIVADA;26/03/2026;6,99;;R$ / litro;VIBRA
NE;PI;TERESINA;COMERCIO CARVALHO LTDA; 06.511.885/0013-03;RUA JERUMENHA;4590;LETRA A;BUENOS AIRES;64008-300;DIESEL S10;26/03/2026;7,79;;R$ / litro;VIBRA
NE;PI;TERESINA;COMERCIO CARVALHO LTDA; 06.511.885/0013-03;RUA JERUMENHA;4590;LETRA A;BUENOS AIRES;64008-300;ETANOL;26/03/2026;5,09;;R$ / litro;VIBRA
NE;PI;TERESINA;POSTO DE COMBUSTIVEL AGUIA LTDA; 28.985.753/0001-12;AVENIDA HOMERO CASTELO BRANCO;2101;LETRA A;FATIMA;64049-505;GASOLINA;23/03/2026;6,99;;R$ / litro;IPIRANGA
NE;PI;TERESINA;POSTO DE COMBUSTIVEL AGUIA LTDA; 28.985.753/0001-12;AVENIDA HOMERO CASTELO BRANCO;2101;LETRA A;FATIMA;64049-505;DIESEL S10;23/03/2026;7,49;;R$ / litro;IPIRANGA
NE;PI;TERESINA;POSTO DE COMBUSTIVEL AGUIA LTDA; 28.985.753/0001-12;AVENIDA HOMERO CASTELO BRANCO;2101;LETRA A;FATIMA;64049-505;ETANOL;23/03/2026;5,09;;R$ / litro;IPIRANGA
NE;PI;TERESINA;JESUS JOSE NOGUEIRA JUNIOR LTDA; 38.635.568/0001-51;AVENIDA SENADOR AREA LEAO;2140;;SAO CRISTOVAO;64051-090;GASOLINA;23/03/2026;6,59;;R$ / litro;VIBRA
NE;PI;TERESINA;JESUS JOSE NOGUEIRA JUNIOR LTDA; 38.635.568/0001-51;AVENIDA SENADOR AREA LEAO;2140;;SAO CRISTOVAO;64051-090;GASOLINA ADITIVADA;23/03/2026;6,99;;R$ / litro;VIBRA
NE;PI;TERESINA;JESUS JOSE NOGUEIRA JUNIOR LTDA; 38.635.568/0001-51;AVENIDA SENADOR AREA LEAO;2140;;SAO CRISTOVAO;64051-090;DIESEL S10;23/03/2026;7,59;;R$ / litro;VIBRA
NE;PI;TERESINA;JESUS JOSE NOGUEIRA JUNIOR LTDA; 38.635.568/0001-51;AVENIDA SENADOR AREA LEAO;2140;;SAO CRISTOVAO;64051-090;ETANOL;23/03/2026;4,99;;R$ / litro;VIBRA
NE;PI;TERESINA;CACIQUE PETROLEO LTDA; 06.656.656/0033-20;AVENIDA JOAO XXIII;805;;NOIVOS;64045-000;GASOLINA;25/03/2026;6,79;;R$ / litro;SABBÁ
NE;PI;TERESINA;CACIQUE PETROLEO LTDA; 06.656.656/0033-20;AVENIDA JOAO XXIII;805;;NOIVOS;64045-000;GASOLINA ADITIVADA;25/03/2026;7,09;;R$ / litro;SABBÁ
NE;PI;TERESINA;CACIQUE PETROLEO LTDA; 06.656.656/0033-20;AVENIDA JOAO XXIII;805;;NOIVOS;64045-000;DIESEL S10;25/03/2026;7,99;;R$ / litro;SABBÁ
NE;PI;TERESINA;CACIQUE PETROLEO LTDA; 06.656.656/0033-20;AVENIDA JOAO XXIII;805;;NOIVOS;64045-000;ETANOL;25/03/2026;5,49;;R$ / litro;SABBÁ
NE;PI;TERESINA;POSTO HOMERO CASTELO BRANCO LTDA; 08.596.605/0001-07;AVENIDA TOMAZ DE AREA LEAO;2563;;ININGA;64048-600;GASOLINA;30/03/2026;6,79;;R$ / litro;VIBRA
NE;PI;TERESINA;POSTO HOMERO CASTELO BRANCO LTDA; 08.596.605/0001-07;AVENIDA TOMAZ DE AREA LEAO;2563;;ININGA;64048-600;GASOLINA ADITIVADA;30/03/2026;6,99;;R$ / litro;VIBRA
NE;PI;TERESINA;POSTO HOMERO CASTELO BRANCO LTDA; 08.596.605/0001-07;AVENIDA TOMAZ DE AREA LEAO;2563;;ININGA;64048-600;DIESEL S10;30/03/2026;7,79;;R$ / litro;VIBRA
NE;PI;TERESINA;POSTO HOMERO CASTELO BRANCO LTDA; 08.596.605/0001-07;AVENIDA TOMAZ DE AREA LEAO;2563;;ININGA;64048-600;ETANOL;30/03/2026;5,39;;R$ / litro;VIBRA
NE;PI;TERESINA;PN PETROLEO LTDA.; 06.331.431/0001-17;RUA MUNDINHO FERRAZ;3225;;SAO CRISTOVAO;64055-330;GASOLINA;30/03/2026;6,67;;R$ / litro;BRANCA
NE;PI;TERESINA;PN PETROLEO LTDA.; 06.331.431/0001-17;RUA MUNDINHO FERRAZ;3225;;SAO CRISTOVAO;64055-330;GASOLINA ADITIVADA;30/03/2026;6,67;;R$ / litro;BRANCA
NE;PI;TERESINA;PN PETROLEO LTDA.; 06.331.431/0001-17;RUA MUNDINHO FERRAZ;3225;;SAO CRISTOVAO;64055-330;DIESEL S10;30/03/2026;7,39;;R$ / litro;BRANCA
NE;PI;TERESINA;S P MAGALHAES EMPREENDIMENTOS LTDA; 10.978.518/0001-58;AVENIDA JOAO XXIII;1520;0;SÃO CRISTÓVÃO;64045-000;GASOLINA;30/03/2026;6,69;;R$ / litro;SABBÁ
NE;PI;TERESINA;S P MAGALHAES EMPREENDIMENTOS LTDA; 10.978.518/0001-58;AVENIDA JOAO XXIII;1520;0;SÃO CRISTÓVÃO;64045-000;GASOLINA ADITIVADA;30/03/2026;6,69;;R$ / litro;SABBÁ
NE;PI;TERESINA;S P MAGALHAES EMPREENDIMENTOS LTDA; 10.978.518/0001-58;AVENIDA JOAO XXIII;1520;0;SÃO CRISTÓVÃO;64045-000;ETANOL;30/03/2026;5,19;;R$ / litro;SABBÁ
NE;PI;TERESINA;NERIS E SAMPAIO LTDA; 41.272.725/0001-16;RODOVIA BR-343;SN;KM    336 ZONA RURAL;GURUPI;64091-210;GASOLINA;31/03/2026;6,59;;R$ / litro;BRANCA
NE;PI;TERESINA;NERIS E SAMPAIO LTDA; 41.272.725/0001-16;RODOVIA BR-343;SN;KM    336 ZONA RURAL;GURUPI;64091-210;GASOLINA ADITIVADA;31/03/2026;6,59;;R$ / litro;BRANCA
NE;PI;TERESINA;NERIS E SAMPAIO LTDA; 41.272.725/0001-16;RODOVIA BR-343;SN;KM    336 ZONA RURAL;GURUPI;64091-210;DIESEL;31/03/2026;7,29;;R$ / litro;BRANCA
NE;PI;TERESINA;NERIS E SAMPAIO LTDA; 41.272.725/0001-16;RODOVIA BR-343;SN;KM    336 ZONA RURAL;GURUPI;64091-210;DIESEL S10;31/03/2026;7,39;;R$ / litro;BRANCA
NE;PI;TERESINA;NERIS E SAMPAIO LTDA; 41.272.725/0001-16;RODOVIA BR-343;SN;KM    336 ZONA RURAL;GURUPI;64091-210;ETANOL;31/03/2026;4,85;;R$ / litro;BRANCA
NE;PI;TERESINA;SAO FRANCISCO PETROLEO LTDA; 10.336.626/0001-27;AVENIDA FREI SERAFIM;2474;;CENTRO;64001-020;GASOLINA;30/03/2026;6,48;;R$ / litro;VIBRA
NE;PI;TERESINA;SAO FRANCISCO PETROLEO LTDA; 10.336.626/0001-27;AVENIDA FREI SERAFIM;2474;;CENTRO;64001-020;GASOLINA ADITIVADA;30/03/2026;6,78;;R$ / litro;VIBRA
NE;PI;TERESINA;SAO FRANCISCO PETROLEO LTDA; 10.336.626/0001-27;AVENIDA FREI SERAFIM;2474;;CENTRO;64001-020;DIESEL S10;30/03/2026;7,98;;R$ / litro;VIBRA
NE;PI;TERESINA;SAO FRANCISCO PETROLEO LTDA; 10.336.626/0001-27;AVENIDA FREI SERAFIM;2474;;CENTRO;64001-020;ETANOL;30/03/2026;4,87;;R$ / litro;VIBRA
NE;PI;TERESINA;CACIQUE PETROLEO LTDA; 06.656.656/0003-05;AVENIDA PRESIDENTE KENNEDY;1944;;SAO CRISTOVAO;64052-800;GASOLINA;30/03/2026;6,89;;R$ / litro;VIBRA
NE;PI;TERESINA;CACIQUE PETROLEO LTDA; 06.656.656/0003-05;AVENIDA PRESIDENTE KENNEDY;1944;;SAO CRISTOVAO;64052-800;GASOLINA ADITIVADA;30/03/2026;7,19;;R$ / litro;VIBRA
NE;PI;TERESINA;CACIQUE PETROLEO LTDA; 06.656.656/0003-05;AVENIDA PRESIDENTE KENNEDY;1944;;SAO CRISTOVAO;64052-800;ETANOL;30/03/2026;4,99;;R$ / litro;VIBRA
NE;PI;TERESINA;MIRANTE PETROLEO LTDA; 03.612.498/0001-31;AVENIDA PRESIDENTE KENNEDY;5779;;MORROS;64062-100;GASOLINA;30/03/2026;6,67;;R$ / litro;IPIRANGA
NE;PI;TERESINA;MIRANTE PETROLEO LTDA; 03.612.498/0001-31;AVENIDA PRESIDENTE KENNEDY;5779;;MORROS;64062-100;DIESEL;30/03/2026;7,38;;R$ / litro;IPIRANGA
NE;PI;TERESINA;MIRANTE PETROLEO LTDA; 03.612.498/0001-31;AVENIDA PRESIDENTE KENNEDY;5779;;MORROS;64062-100;DIESEL S10;30/03/2026;7,49;;R$ / litro;IPIRANGA
NE;PI;TERESINA;MIRANTE PETROLEO LTDA; 03.612.498/0001-31;AVENIDA PRESIDENTE KENNEDY;5779;;MORROS;64062-100;ETANOL;30/03/2026;4,87;;R$ / litro;IPIRANGA
NE;PI;TERESINA;JUNCO COMERCIAL LTDA; 02.760.727/0001-00;RUA JOAQUIM NELSON;2121;;PARQUE IDEAL;64078-625;GASOLINA;31/03/2026;6,69;;R$ / litro;VIBRA
NE;PI;TERESINA;JUNCO COMERCIAL LTDA; 02.760.727/0001-00;RUA JOAQUIM NELSON;2121;;PARQUE IDEAL;64078-625;GASOLINA ADITIVADA;31/03/2026;6,99;;R$ / litro;VIBRA
NE;PI;TERESINA;JUNCO COMERCIAL LTDA; 02.760.727/0001-00;RUA JOAQUIM NELSON;2121;;PARQUE IDEAL;64078-625;DIESEL S10;31/03/2026;7,59;;R$ / litro;VIBRA
NE;PI;TERESINA;JUNCO COMERCIAL LTDA; 02.760.727/0001-00;RUA JOAQUIM NELSON;2121;;PARQUE IDEAL;64078-625;ETANOL;31/03/2026;5,10;;R$ / litro;VIBRA
NE;PI;TERESINA;MOURA SOUSA E BONFIM LTDA; 01.416.988/0001-37;RODOVIA BR 343 KM 10;S/N;;RODOVIA;64045-970;GASOLINA;31/03/2026;6,59;;R$ / litro;ALE
NE;PI;TERESINA;MOURA SOUSA E BONFIM LTDA; 01.416.988/0001-37;RODOVIA BR 343 KM 10;S/N;;RODOVIA;64045-970;GASOLINA ADITIVADA;31/03/2026;6,99;;R$ / litro;ALE
NE;PI;TERESINA;MOURA SOUSA E BONFIM LTDA; 01.416.988/0001-37;RODOVIA BR 343 KM 10;S/N;;RODOVIA;64045-970;DIESEL;31/03/2026;7,29;;R$ / litro;ALE
NE;PI;TERESINA;MOURA SOUSA E BONFIM LTDA; 01.416.988/0001-37;RODOVIA BR 343 KM 10;S/N;;RODOVIA;64045-970;DIESEL S10;31/03/2026;7,39;;R$ / litro;ALE
NE;PI;TERESINA;MOURA SOUSA E BONFIM LTDA; 01.416.988/0001-37;RODOVIA BR 343 KM 10;S/N;;RODOVIA;64045-970;ETANOL;31/03/2026;5,07;;R$ / litro;ALE
NE;PI;TERESINA;FCN.X CARVALHO COMBUSTIVEL LTDA; 09.641.208/0001-64;AVENIDA HOMERO CASTELO BRANCO;630;SALA  C;SAO CRISTOVAO;64048-400;GASOLINA;30/03/2026;6,89;;R$ / litro;VIBRA
NE;PI;TERESINA;FCN.X CARVALHO COMBUSTIVEL LTDA; 09.641.208/0001-64;AVENIDA HOMERO CASTELO BRANCO;630;SALA  C;SAO CRISTOVAO;64048-400;GASOLINA ADITIVADA;30/03/2026;7,25;;R$ / litro;VIBRA
NE;PI;TERESINA;FCN.X CARVALHO COMBUSTIVEL LTDA; 09.641.208/0001-64;AVENIDA HOMERO CASTELO BRANCO;630;SALA  C;SAO CRISTOVAO;64048-400;DIESEL S10;30/03/2026;7,99;;R$ / litro;VIBRA
NE;PI;TERESINA;FCN.X CARVALHO COMBUSTIVEL LTDA; 09.641.208/0001-64;AVENIDA HOMERO CASTELO BRANCO;630;SALA  C;SAO CRISTOVAO;64048-400;ETANOL;30/03/2026;5,19;;R$ / litro;VIBRA
NE;PI;TERESINA;POSTO CERTO LTDA; 08.610.754/0001-75;AVENIDA JOAO XXIII;2180;;NOIVOS;64045-000;GASOLINA;30/03/2026;6,89;;R$ / litro;SABBÁ
NE;PI;TERESINA;POSTO CERTO LTDA; 08.610.754/0001-75;AVENIDA JOAO XXIII;2180;;NOIVOS;64045-000;GASOLINA ADITIVADA;30/03/2026;6,99;;R$ / litro;SABBÁ
NE;PI;TERESINA;POSTO CERTO LTDA; 08.610.754/0001-75;AVENIDA JOAO XXIII;2180;;NOIVOS;64045-000;DIESEL S10;30/03/2026;7,89;;R$ / litro;SABBÁ
NE;PI;TERESINA;POSTO CERTO LTDA; 08.610.754/0001-75;AVENIDA JOAO XXIII;2180;;NOIVOS;64045-000;ETANOL;30/03/2026;4,99;;R$ / litro;SABBÁ
NE;PI;TERESINA;POSTO CERTO LTDA; 08.610.754/0002-56;AVENIDA DEPUTADO PAULO FERRAZ;1771;;BEIRA RIO;64075-535;GASOLINA;31/03/2026;6,69;;R$ / litro;SABBÁ
NE;PI;TERESINA;POSTO CERTO LTDA; 08.610.754/0002-56;AVENIDA DEPUTADO PAULO FERRAZ;1771;;BEIRA RIO;64075-535;GASOLINA ADITIVADA;31/03/2026;6,69;;R$ / litro;SABBÁ
NE;PI;TERESINA;POSTO CERTO LTDA; 08.610.754/0002-56;AVENIDA DEPUTADO PAULO FERRAZ;1771;;BEIRA RIO;64075-535;DIESEL;31/03/2026;7,69;;R$ / litro;SABBÁ
NE;PI;TERESINA;POSTO CERTO LTDA; 08.610.754/0002-56;AVENIDA DEPUTADO PAULO FERRAZ;1771;;BEIRA RIO;64075-535;DIESEL S10;31/03/2026;7,79;;R$ / litro;SABBÁ
NE;PI;TERESINA;POSTO CERTO LTDA; 08.610.754/0002-56;AVENIDA DEPUTADO PAULO FERRAZ;1771;;BEIRA RIO;64075-535;ETANOL;31/03/2026;4,99;;R$ / litro;SABBÁ
NE;PI;TERESINA;POSTO FLEX COMBUSTIVEIS LTDA; 10.948.874/0001-29;AVENIDA PRESIDENTE KENNEDY;5200;/B;MORROS;64062-100;GASOLINA;30/03/2026;6,67;;R$ / litro;BRANCA
NE;PI;TERESINA;POSTO FLEX COMBUSTIVEIS LTDA; 10.948.874/0001-29;AVENIDA PRESIDENTE KENNEDY;5200;/B;MORROS;64062-100;DIESEL S10;30/03/2026;7,29;;R$ / litro;BRANCA
NE;PI;TERESINA;POSTO FLEX COMBUSTIVEIS LTDA; 10.948.874/0001-29;AVENIDA PRESIDENTE KENNEDY;5200;/B;MORROS;64062-100;ETANOL;30/03/2026;4,87;;R$ / litro;BRANCA
NE;PI;TERESINA;CACIQUE PETROLEO LTDA; 06.656.656/0019-72;AVENIDA LINDOLFO MONTEIRO;990;;FATIMA;64049-440;GASOLINA;30/03/2026;6,89;;R$ / litro;VIBRA
NE;PI;TERESINA;CACIQUE PETROLEO LTDA; 06.656.656/0019-72;AVENIDA LINDOLFO MONTEIRO;990;;FATIMA;64049-440;GASOLINA ADITIVADA;30/03/2026;7,19;;R$ / litro;VIBRA
NE;PI;TERESINA;CACIQUE PETROLEO LTDA; 06.656.656/0019-72;AVENIDA LINDOLFO MONTEIRO;990;;FATIMA;64049-440;DIESEL;30/03/2026;7,39;;R$ / litro;VIBRA
NE;PI;TERESINA;CACIQUE PETROLEO LTDA; 06.656.656/0019-72;AVENIDA LINDOLFO MONTEIRO;990;;FATIMA;64049-440;ETANOL;30/03/2026;5,19;;R$ / litro;VIBRA
NE;PI;TERESINA;CACIQUE PETROLEO LTDA; 06.656.656/0020-06;AVENIDA DEPUTADO PAULO FERRAZ;2907;;SAO RAIMUNDO;64075-005;GASOLINA;31/03/2026;6,69;;R$ / litro;IPIRANGA
NE;PI;TERESINA;CACIQUE PETROLEO LTDA; 06.656.656/0020-06;AVENIDA DEPUTADO PAULO FERRAZ;2907;;SAO RAIMUNDO;64075-005;GASOLINA ADITIVADA;31/03/2026;6,99;;R$ / litro;IPIRANGA
NE;PI;TERESINA;CACIQUE PETROLEO LTDA; 06.656.656/0020-06;AVENIDA DEPUTADO PAULO FERRAZ;2907;;SAO RAIMUNDO;64075-005;DIESEL;31/03/2026;7,59;;R$ / litro;IPIRANGA
NE;PI;TERESINA;CACIQUE PETROLEO LTDA; 06.656.656/0020-06;AVENIDA DEPUTADO PAULO FERRAZ;2907;;SAO RAIMUNDO;64075-005;ETANOL;31/03/2026;4,99;;R$ / litro;IPIRANGA
NE;PI;TERESINA;COMPANHIA BRASILEIRA DE DISTRIBUICAO; 47.508.411/1563-26;AVENIDA PRESIDENTE KENNEDY;501;PARTE II;SAO CRISTOVAO;64052-345;GASOLINA;30/03/2026;6,59;;R$ / litro;IPIRANGA
NE;PI;TERESINA;COMPANHIA BRASILEIRA DE DISTRIBUICAO; 47.508.411/1563-26;AVENIDA PRESIDENTE KENNEDY;501;PARTE II;SAO CRISTOVAO;64052-345;GASOLINA ADITIVADA;30/03/2026;6,79;;R$ / litro;IPIRANGA
NE;PI;TERESINA;COMPANHIA BRASILEIRA DE DISTRIBUICAO; 47.508.411/1563-26;AVENIDA PRESIDENTE KENNEDY;501;PARTE II;SAO CRISTOVAO;64052-345;ETANOL;30/03/2026;4,99;;R$ / litro;IPIRANGA
NE;PI;TERESINA;IGUATEMI DISTRIBUIDORA LTDA; 03.072.068/0002-55;AVENIDA DOM SEVERINO;1498;;FATIMA;64049-375;GASOLINA;30/03/2026;6,59;;R$ / litro;BRANCA
NE;PI;TERESINA;IGUATEMI DISTRIBUIDORA LTDA; 03.072.068/0002-55;AVENIDA DOM SEVERINO;1498;;FATIMA;64049-375;GASOLINA ADITIVADA;30/03/2026;6,61;;R$ / litro;BRANCA
NE;PI;TERESINA;IGUATEMI DISTRIBUIDORA LTDA; 03.072.068/0002-55;AVENIDA DOM SEVERINO;1498;;FATIMA;64049-375;DIESEL S10;30/03/2026;7,59;;R$ / litro;BRANCA
NE;PI;TERESINA;IGUATEMI DISTRIBUIDORA LTDA; 03.072.068/0002-55;AVENIDA DOM SEVERINO;1498;;FATIMA;64049-375;ETANOL;30/03/2026;4,79;;R$ / litro;BRANCA
NE;PI;TERESINA;CACIQUE PETROLEO LTDA; 06.656.656/0022-78;AVENIDA DEPUTADO PAULO FERRAZ;1910;;TANCREDO NEVES;64076-005;GASOLINA;31/03/2026;6,69;;R$ / litro;IPIRANGA
NE;PI;TERESINA;CACIQUE PETROLEO LTDA; 06.656.656/0022-78;AVENIDA DEPUTADO PAULO FERRAZ;1910;;TANCREDO NEVES;64076-005;GASOLINA ADITIVADA;31/03/2026;6,99;;R$ / litro;IPIRANGA
NE;PI;TERESINA;CACIQUE PETROLEO LTDA; 06.656.656/0022-78;AVENIDA DEPUTADO PAULO FERRAZ;1910;;TANCREDO NEVES;64076-005;DIESEL;31/03/2026;7,59;;R$ / litro;IPIRANGA
NE;PI;TERESINA;CACIQUE PETROLEO LTDA; 06.656.656/0022-78;AVENIDA DEPUTADO PAULO FERRAZ;1910;;TANCREDO NEVES;64076-005;ETANOL;31/03/2026;4,99;;R$ / litro;IPIRANGA
NE;PI;TERESINA;POSTO MARTINEZ LTDA - ME; 02.992.818/0001-63;AVENIDA ANTONIO OLIVEIRA;61;;GURUPI;64091-400;GASOLINA;31/03/2026;6,89;;R$ / litro;IPIRANGA
NE;PI;TERESINA;POSTO MARTINEZ LTDA - ME; 02.992.818/0001-63;AVENIDA ANTONIO OLIVEIRA;61;;GURUPI;64091-400;GASOLINA ADITIVADA;31/03/2026;7,19;;R$ / litro;IPIRANGA
NE;PI;TERESINA;POSTO MARTINEZ LTDA - ME; 02.992.818/0001-63;AVENIDA ANTONIO OLIVEIRA;61;;GURUPI;64091-400;DIESEL S10;31/03/2026;7,69;;R$ / litro;IPIRANGA
NE;PI;TERESINA;POSTO MARTINEZ LTDA - ME; 02.992.818/0001-63;AVENIDA ANTONIO OLIVEIRA;61;;GURUPI;64091-400;ETANOL;31/03/2026;5,39;;R$ / litro;IPIRANGA
NE;PI;TERESINA;POSTO UCHOA LTDA; 24.966.843/0001-05;AVENIDA DOUTOR JOSUE DE MOURA SANTOS;2161;B;PEDRA MOLE;64066-430;GASOLINA;30/03/2026;6,89;;R$ / litro;IPIRANGA
NE;PI;TERESINA;POSTO UCHOA LTDA; 24.966.843/0001-05;AVENIDA DOUTOR JOSUE DE MOURA SANTOS;2161;B;PEDRA MOLE;64066-430;GASOLINA ADITIVADA;30/03/2026;7,19;;R$ / litro;IPIRANGA
NE;PI;TERESINA;POSTO UCHOA LTDA; 24.966.843/0001-05;AVENIDA DOUTOR JOSUE DE MOURA SANTOS;2161;B;PEDRA MOLE;64066-430;DIESEL;30/03/2026;7,99;;R$ / litro;IPIRANGA
NE;PI;TERESINA;POSTO UCHOA LTDA; 24.966.843/0001-05;AVENIDA DOUTOR JOSUE DE MOURA SANTOS;2161;B;PEDRA MOLE;64066-430;DIESEL S10;30/03/2026;7,99;;R$ / litro;IPIRANGA
NE;PI;TERESINA;POSTO UCHOA LTDA; 24.966.843/0001-05;AVENIDA DOUTOR JOSUE DE MOURA SANTOS;2161;B;PEDRA MOLE;64066-430;ETANOL;30/03/2026;4,96;;R$ / litro;IPIRANGA
NE;PI;TERESINA;POSTO MAIS GURUPI LTDA; 33.058.551/0001-65;AVENIDA DEPUTADO PAULO FERRAZ;5766;;GURUPI;64091-500;GASOLINA;31/03/2026;6,69;;R$ / litro;BRANCA
NE;PI;TERESINA;POSTO MAIS GURUPI LTDA; 33.058.551/0001-65;AVENIDA DEPUTADO PAULO FERRAZ;5766;;GURUPI;64091-500;GASOLINA ADITIVADA;31/03/2026;7,19;;R$ / litro;BRANCA
NE;PI;TERESINA;POSTO MAIS GURUPI LTDA; 33.058.551/0001-65;AVENIDA DEPUTADO PAULO FERRAZ;5766;;GURUPI;64091-500;DIESEL;31/03/2026;7,65;;R$ / litro;BRANCA
NE;PI;TERESINA;POSTO MAIS GURUPI LTDA; 33.058.551/0001-65;AVENIDA DEPUTADO PAULO FERRAZ;5766;;GURUPI;64091-500;DIESEL S10;31/03/2026;7,69;;R$ / litro;BRANCA
NE;PI;TERESINA;POSTO MAIS GURUPI LTDA; 33.058.551/0001-65;AVENIDA DEPUTADO PAULO FERRAZ;5766;;GURUPI;64091-500;ETANOL;31/03/2026;4,99;;R$ / litro;BRANCA
NE;PI;TERESINA;POSTO DE COMBUSTIVEL AGUIA LTDA; 28.985.753/0001-12;AVENIDA HOMERO CASTELO BRANCO;2101;LETRA A;FATIMA;64049-505;GASOLINA;30/03/2026;6,99;;R$ / litro;IPIRANGA
NE;PI;TERESINA;POSTO DE COMBUSTIVEL AGUIA LTDA; 28.985.753/0001-12;AVENIDA HOMERO CASTELO BRANCO;2101;LETRA A;FATIMA;64049-505;DIESEL S10;30/03/2026;7,89;;R$ / litro;IPIRANGA
NE;PI;TERESINA;POSTO DE COMBUSTIVEL AGUIA LTDA; 28.985.753/0001-12;AVENIDA HOMERO CASTELO BRANCO;2101;LETRA A;FATIMA;64049-505;ETANOL;30/03/2026;5,09;;R$ / litro;IPIRANGA
NE;PI;TERESINA;JESUS JOSE NOGUEIRA JUNIOR LTDA; 38.635.568/0001-51;AVENIDA SENADOR AREA LEAO;2140;;SAO CRISTOVAO;64051-090;GASOLINA;30/03/2026;6,69;;R$ / litro;VIBRA
NE;PI;TERESINA;JESUS JOSE NOGUEIRA JUNIOR LTDA; 38.635.568/0001-51;AVENIDA SENADOR AREA LEAO;2140;;SAO CRISTOVAO;64051-090;GASOLINA ADITIVADA;30/03/2026;6,99;;R$ / litro;VIBRA
NE;PI;TERESINA;JESUS JOSE NOGUEIRA JUNIOR LTDA; 38.635.568/0001-51;AVENIDA SENADOR AREA LEAO;2140;;SAO CRISTOVAO;64051-090;DIESEL S10;30/03/2026;7,79;;R$ / litro;VIBRA
NE;PI;TERESINA;JESUS JOSE NOGUEIRA JUNIOR LTDA; 38.635.568/0001-51;AVENIDA SENADOR AREA LEAO;2140;;SAO CRISTOVAO;64051-090;ETANOL;30/03/2026;4,99;;R$ / litro;VIBRA
NE;PI;TERESINA;CACIQUE PETROLEO LTDA; 06.656.656/0033-20;AVENIDA JOAO XXIII;805;;NOIVOS;64045-000;GASOLINA;30/03/2026;6,79;;R$ / litro;SABBÁ
NE;PI;TERESINA;CACIQUE PETROLEO LTDA; 06.656.656/0033-20;AVENIDA JOAO XXIII;805;;NOIVOS;64045-000;GASOLINA ADITIVADA;30/03/2026;7,09;;R$ / litro;SABBÁ
NE;PI;TERESINA;CACIQUE PETROLEO LTDA; 06.656.656/0033-20;AVENIDA JOAO XXIII;805;;NOIVOS;64045-000;DIESEL S10;30/03/2026;7,99;;R$ / litro;SABBÁ
NE;PI;TERESINA;CACIQUE PETROLEO LTDA; 06.656.656/0033-20;AVENIDA JOAO XXIII;805;;NOIVOS;64045-000;ETANOL;30/03/2026;5,49;;R$ / litro;SABBÁ
NE;PI;TERESINA;POSTO HOMERO CASTELO BRANCO LTDA; 08.596.605/0001-07;AVENIDA TOMAZ DE AREA LEAO;2563;;ININGA;64048-600;GASOLINA;08/04/2026;6,79;;R$ / litro;VIBRA
NE;PI;TERESINA;POSTO HOMERO CASTELO BRANCO LTDA; 08.596.605/0001-07;AVENIDA TOMAZ DE AREA LEAO;2563;;ININGA;64048-600;GASOLINA ADITIVADA;08/04/2026;6,99;;R$ / litro;VIBRA
NE;PI;TERESINA;POSTO HOMERO CASTELO BRANCO LTDA; 08.596.605/0001-07;AVENIDA TOMAZ DE AREA LEAO;2563;;ININGA;64048-600;ETANOL;08/04/2026;5,39;;R$ / litro;VIBRA
NE;PI;TERESINA;JUNCO COMERCIAL LTDA; 02.760.727/0001-00;RUA JOAQUIM NELSON;2121;;PARQUE IDEAL;64078-625;GASOLINA;08/04/2026;6,69;;R$ / litro;VIBRA
NE;PI;TERESINA;JUNCO COMERCIAL LTDA; 02.760.727/0001-00;RUA JOAQUIM NELSON;2121;;PARQUE IDEAL;64078-625;GASOLINA ADITIVADA;08/04/2026;6,99;;R$ / litro;VIBRA
NE;PI;TERESINA;JUNCO COMERCIAL LTDA; 02.760.727/0001-00;RUA JOAQUIM NELSON;2121;;PARQUE IDEAL;64078-625;DIESEL S10;08/04/2026;7,69;;R$ / litro;VIBRA
NE;PI;TERESINA;JUNCO COMERCIAL LTDA; 02.760.727/0001-00;RUA JOAQUIM NELSON;2121;;PARQUE IDEAL;64078-625;ETANOL;08/04/2026;5,10;;R$ / litro;VIBRA
NE;PI;TERESINA;FCN.X CARVALHO COMBUSTIVEL LTDA; 09.641.208/0001-64;AVENIDA HOMERO CASTELO BRANCO;630;SALA  C;SAO CRISTOVAO;64048-400;GASOLINA;08/04/2026;6,98;;R$ / litro;VIBRA
NE;PI;TERESINA;FCN.X CARVALHO COMBUSTIVEL LTDA; 09.641.208/0001-64;AVENIDA HOMERO CASTELO BRANCO;630;SALA  C;SAO CRISTOVAO;64048-400;GASOLINA ADITIVADA;08/04/2026;7,38;;R$ / litro;VIBRA
NE;PI;TERESINA;FCN.X CARVALHO COMBUSTIVEL LTDA; 09.641.208/0001-64;AVENIDA HOMERO CASTELO BRANCO;630;SALA  C;SAO CRISTOVAO;64048-400;ETANOL;08/04/2026;5,19;;R$ / litro;VIBRA
NE;PI;TERESINA;HD PETROLEO USINA LTDA; 05.510.040/0001-05;AVENIDA PROFESSOR CAMILO FILHO;8200;;SAO SEBASTIAO;64085-338;GASOLINA;15/04/2026;5,79;;R$ / litro;BRANCA
NE;PI;TERESINA;CACIQUE PETROLEO LTDA; 06.656.656/0003-05;AVENIDA PRESIDENTE KENNEDY;1944;;SAO CRISTOVAO;64052-800;GASOLINA;14/04/2026;6,89;;R$ / litro;VIBRA
NE;PI;TERESINA;CACIQUE PETROLEO LTDA; 06.656.656/0003-05;AVENIDA PRESIDENTE KENNEDY;1944;;SAO CRISTOVAO;64052-800;GASOLINA ADITIVADA;14/04/2026;7,09;;R$ / litro;VIBRA
NE;PI;TERESINA;CACIQUE PETROLEO LTDA; 06.656.656/0003-05;AVENIDA PRESIDENTE KENNEDY;1944;;SAO CRISTOVAO;64052-800;ETANOL;14/04/2026;5,19;;R$ / litro;VIBRA
NE;PI;TERESINA;MIRANTE PETROLEO LTDA; 03.612.498/0001-31;AVENIDA PRESIDENTE KENNEDY;5779;;MORROS;64062-100;GASOLINA;14/04/2026;6,67;;R$ / litro;IPIRANGA
NE;PI;TERESINA;MIRANTE PETROLEO LTDA; 03.612.498/0001-31;AVENIDA PRESIDENTE KENNEDY;5779;;MORROS;64062-100;DIESEL;14/04/2026;7,39;;R$ / litro;IPIRANGA
NE;PI;TERESINA;MIRANTE PETROLEO LTDA; 03.612.498/0001-31;AVENIDA PRESIDENTE KENNEDY;5779;;MORROS;64062-100;DIESEL S10;14/04/2026;7,49;;R$ / litro;IPIRANGA
NE;PI;TERESINA;FCN.X CARVALHO COMBUSTIVEL LTDA; 09.641.208/0001-64;AVENIDA HOMERO CASTELO BRANCO;630;SALA  C;SAO CRISTOVAO;64048-400;GASOLINA;16/04/2026;6,78;;R$ / litro;VIBRA
NE;PI;TERESINA;FCN.X CARVALHO COMBUSTIVEL LTDA; 09.641.208/0001-64;AVENIDA HOMERO CASTELO BRANCO;630;SALA  C;SAO CRISTOVAO;64048-400;DIESEL S10;16/04/2026;8,17;;R$ / litro;VIBRA
NE;PI;TERESINA;FCN.X CARVALHO COMBUSTIVEL LTDA; 09.641.208/0001-64;AVENIDA HOMERO CASTELO BRANCO;630;SALA  C;SAO CRISTOVAO;64048-400;ETANOL;16/04/2026;5,19;;R$ / litro;VIBRA
NE;PI;TERESINA;CACIQUE PETROLEO LTDA; 06.656.656/0019-72;AVENIDA LINDOLFO MONTEIRO;990;;FATIMA;64049-440;DIESEL;16/04/2026;7,59;;R$ / litro;VIBRA
NE;PI;TERESINA;CACIQUE PETROLEO LTDA; 06.656.656/0019-72;AVENIDA LINDOLFO MONTEIRO;990;;FATIMA;64049-440;DIESEL S10;16/04/2026;7,99;;R$ / litro;VIBRA
NE;PI;TERESINA;CACIQUE PETROLEO LTDA; 06.656.656/0019-72;AVENIDA LINDOLFO MONTEIRO;990;;FATIMA;64049-440;ETANOL;16/04/2026;5,19;;R$ / litro;VIBRA
NE;PI;TERESINA;CACIQUE PETROLEO LTDA; 06.656.656/0019-72;AVENIDA LINDOLFO MONTEIRO;990;;FATIMA;64049-440;GASOLINA;16/04/2026;7,04;;R$ / litro;VIBRA
NE;PI;TERESINA;CACIQUE PETROLEO LTDA; 06.656.656/0019-72;AVENIDA LINDOLFO MONTEIRO;990;;FATIMA;64049-440;GASOLINA ADITIVADA;16/04/2026;7,44;;R$ / litro;VIBRA
NE;PI;TERESINA;CACIQUE PETROLEO LTDA; 06.656.656/0020-06;AVENIDA DEPUTADO PAULO FERRAZ;2907;;SAO RAIMUNDO;64075-005;GASOLINA;15/04/2026;6,79;;R$ / litro;IPIRANGA
NE;PI;TERESINA;CACIQUE PETROLEO LTDA; 06.656.656/0020-06;AVENIDA DEPUTADO PAULO FERRAZ;2907;;SAO RAIMUNDO;64075-005;GASOLINA ADITIVADA;15/04/2026;7,19;;R$ / litro;IPIRANGA
NE;PI;TERESINA;CACIQUE PETROLEO LTDA; 06.656.656/0020-06;AVENIDA DEPUTADO PAULO FERRAZ;2907;;SAO RAIMUNDO;64075-005;DIESEL;15/04/2026;7,69;;R$ / litro;IPIRANGA
NE;PI;TERESINA;CACIQUE PETROLEO LTDA; 06.656.656/0020-06;AVENIDA DEPUTADO PAULO FERRAZ;2907;;SAO RAIMUNDO;64075-005;DIESEL S10;15/04/2026;7,79;;R$ / litro;IPIRANGA
NE;PI;TERESINA;CACIQUE PETROLEO LTDA; 06.656.656/0020-06;AVENIDA DEPUTADO PAULO FERRAZ;2907;;SAO RAIMUNDO;64075-005;ETANOL;15/04/2026;5,19;;R$ / litro;IPIRANGA
NE;PI;TERESINA;POSTO SANTO EXPEDITO PETROLEO LTDA; 18.325.275/0001-60;AVENIDA DEPUTADO PAULO FERRAZ;3321;;ITARARE;64078-005;GASOLINA;15/04/2026;6,59;;R$ / litro;BRANCA
NE;PI;TERESINA;POSTO SANTO EXPEDITO PETROLEO LTDA; 18.325.275/0001-60;AVENIDA DEPUTADO PAULO FERRAZ;3321;;ITARARE;64078-005;GASOLINA ADITIVADA;15/04/2026;6,59;;R$ / litro;BRANCA
NE;PI;TERESINA;POSTO SANTO EXPEDITO PETROLEO LTDA; 18.325.275/0001-60;AVENIDA DEPUTADO PAULO FERRAZ;3321;;ITARARE;64078-005;DIESEL;15/04/2026;7,29;;R$ / litro;BRANCA
NE;PI;TERESINA;POSTO SANTO EXPEDITO PETROLEO LTDA; 18.325.275/0001-60;AVENIDA DEPUTADO PAULO FERRAZ;3321;;ITARARE;64078-005;DIESEL S10;15/04/2026;7,39;;R$ / litro;BRANCA
NE;PI;TERESINA;POSTO MAIS VALE LTDA; 26.128.088/0001-15;AVENIDA ZEQUINHA FREIRE;2260;QUADRAA                   LOTE  03;URUGUAI;64073-020;GASOLINA;15/04/2026;6,69;;R$ / litro;BRANCA
NE;PI;TERESINA;POSTO MAIS VALE LTDA; 26.128.088/0001-15;AVENIDA ZEQUINHA FREIRE;2260;QUADRAA                   LOTE  03;URUGUAI;64073-020;DIESEL S10;15/04/2026;7,69;;R$ / litro;BRANCA
NE;PI;TERESINA;POSTO MAIS VALE LTDA; 26.128.088/0001-15;AVENIDA ZEQUINHA FREIRE;2260;QUADRAA                   LOTE  03;URUGUAI;64073-020;ETANOL;15/04/2026;4,99;;R$ / litro;BRANCA
NE;PI;TERESINA;POSTO MARTINEZ LTDA - ME; 02.992.818/0001-63;AVENIDA ANTONIO OLIVEIRA;61;;GURUPI;64091-400;GASOLINA;16/04/2026;6,89;;R$ / litro;IPIRANGA
NE;PI;TERESINA;POSTO MARTINEZ LTDA - ME; 02.992.818/0001-63;AVENIDA ANTONIO OLIVEIRA;61;;GURUPI;64091-400;GASOLINA ADITIVADA;16/04/2026;7,19;;R$ / litro;IPIRANGA
NE;PI;TERESINA;POSTO MARTINEZ LTDA - ME; 02.992.818/0001-63;AVENIDA ANTONIO OLIVEIRA;61;;GURUPI;64091-400;DIESEL S10;16/04/2026;7,89;;R$ / litro;IPIRANGA
NE;PI;TERESINA;POSTO MARTINEZ LTDA - ME; 02.992.818/0001-63;AVENIDA ANTONIO OLIVEIRA;61;;GURUPI;64091-400;ETANOL;16/04/2026;5,39;;R$ / litro;IPIRANGA
NE;PI;TERESINA;BEZERRA COMBUSTIVEL LTDA; 27.915.572/0001-57;AVENIDA PROFESSOR CAMILO FILHO;3417;;SAO SEBASTIAO;64085-338;GASOLINA;14/04/2026;6,99;;R$ / litro;VIBRA
NE;PI;TERESINA;BEZERRA COMBUSTIVEL LTDA; 27.915.572/0001-57;AVENIDA PROFESSOR CAMILO FILHO;3417;;SAO SEBASTIAO;64085-338;DIESEL;14/04/2026;7,49;;R$ / litro;VIBRA
NE;PI;TERESINA;BEZERRA COMBUSTIVEL LTDA; 27.915.572/0001-57;AVENIDA PROFESSOR CAMILO FILHO;3417;;SAO SEBASTIAO;64085-338;DIESEL S10;14/04/2026;7,99;;R$ / litro;VIBRA
NE;PI;TERESINA;BEZERRA COMBUSTIVEL LTDA; 27.915.572/0001-57;AVENIDA PROFESSOR CAMILO FILHO;3417;;SAO SEBASTIAO;64085-338;ETANOL;14/04/2026;5,39;;R$ / litro;VIBRA
NE;PI;TERESINA;POSTO MAIS GURUPI LTDA; 33.058.551/0001-65;AVENIDA DEPUTADO PAULO FERRAZ;5766;;GURUPI;64091-500;GASOLINA;16/04/2026;6,69;;R$ / litro;BRANCA
NE;PI;TERESINA;POSTO MAIS GURUPI LTDA; 33.058.551/0001-65;AVENIDA DEPUTADO PAULO FERRAZ;5766;;GURUPI;64091-500;GASOLINA ADITIVADA;16/04/2026;6,99;;R$ / litro;BRANCA
NE;PI;TERESINA;POSTO MAIS GURUPI LTDA; 33.058.551/0001-65;AVENIDA DEPUTADO PAULO FERRAZ;5766;;GURUPI;64091-500;DIESEL;16/04/2026;7,65;;R$ / litro;BRANCA
NE;PI;TERESINA;POSTO MAIS GURUPI LTDA; 33.058.551/0001-65;AVENIDA DEPUTADO PAULO FERRAZ;5766;;GURUPI;64091-500;DIESEL S10;16/04/2026;7,69;;R$ / litro;BRANCA
NE;PI;TERESINA;POSTO MAIS GURUPI LTDA; 33.058.551/0001-65;AVENIDA DEPUTADO PAULO FERRAZ;5766;;GURUPI;64091-500;ETANOL;16/04/2026;4,99;;R$ / litro;BRANCA
NE;PI;TERESINA;PN PETROLEO LTDA.; 06.331.431/0001-17;RUA MUNDINHO FERRAZ;3225;;SAO CRISTOVAO;64055-330;GASOLINA;20/04/2026;6,67;;R$ / litro;BRANCA
NE;PI;TERESINA;PN PETROLEO LTDA.; 06.331.431/0001-17;RUA MUNDINHO FERRAZ;3225;;SAO CRISTOVAO;64055-330;GASOLINA ADITIVADA;20/04/2026;6,67;;R$ / litro;BRANCA
NE;PI;TERESINA;PN PETROLEO LTDA.; 06.331.431/0001-17;RUA MUNDINHO FERRAZ;3225;;SAO CRISTOVAO;64055-330;DIESEL S10;20/04/2026;7,49;;R$ / litro;BRANCA
NE;PI;TERESINA;HD PETROLEO USINA LTDA; 05.510.040/0001-05;AVENIDA PROFESSOR CAMILO FILHO;8200;;SAO SEBASTIAO;64085-338;GASOLINA;21/04/2026;5,79;;R$ / litro;BRANCA
NE;PI;TERESINA;HD PETROLEO USINA LTDA; 05.510.040/0001-05;AVENIDA PROFESSOR CAMILO FILHO;8200;;SAO SEBASTIAO;64085-338;ETANOL;21/04/2026;4,49;;R$ / litro;BRANCA
NE;PI;TERESINA;TRANSSERVICE PETROLEO LTDA; 02.927.004/0001-45;AVENIDA BARAO DE GURGUEIA;2300;;SAO PEDRO;64019-350;GASOLINA;24/04/2026;7,19;;R$ / litro;BRANCA
NE;PI;TERESINA;TRANSSERVICE PETROLEO LTDA; 02.927.004/0001-45;AVENIDA BARAO DE GURGUEIA;2300;;SAO PEDRO;64019-350;GASOLINA ADITIVADA;24/04/2026;7,19;;R$ / litro;BRANCA
NE;PI;TERESINA;TRANSSERVICE PETROLEO LTDA; 02.927.004/0001-45;AVENIDA BARAO DE GURGUEIA;2300;;SAO PEDRO;64019-350;DIESEL S10;24/04/2026;8,19;;R$ / litro;BRANCA
NE;PI;TERESINA;TRANSSERVICE PETROLEO LTDA; 02.927.004/0001-45;AVENIDA BARAO DE GURGUEIA;2300;;SAO PEDRO;64019-350;ETANOL;24/04/2026;4,99;;R$ / litro;BRANCA
NE;PI;TERESINA;CACIQUE PETROLEO LTDA; 06.656.656/0003-05;AVENIDA PRESIDENTE KENNEDY;1944;;SAO CRISTOVAO;64052-800;GASOLINA;20/04/2026;6,89;;R$ / litro;VIBRA
NE;PI;TERESINA;CACIQUE PETROLEO LTDA; 06.656.656/0003-05;AVENIDA PRESIDENTE KENNEDY;1944;;SAO CRISTOVAO;64052-800;GASOLINA ADITIVADA;20/04/2026;7,29;;R$ / litro;VIBRA
NE;PI;TERESINA;CACIQUE PETROLEO LTDA; 06.656.656/0003-05;AVENIDA PRESIDENTE KENNEDY;1944;;SAO CRISTOVAO;64052-800;DIESEL S10;20/04/2026;7,99;;R$ / litro;VIBRA
NE;PI;TERESINA;CACIQUE PETROLEO LTDA; 06.656.656/0003-05;AVENIDA PRESIDENTE KENNEDY;1944;;SAO CRISTOVAO;64052-800;ETANOL;20/04/2026;5,19;;R$ / litro;VIBRA
NE;PI;TERESINA;MIRANTE PETROLEO LTDA; 03.612.498/0001-31;AVENIDA PRESIDENTE KENNEDY;5779;;MORROS;64062-100;GASOLINA;22/04/2026;6,67;;R$ / litro;IPIRANGA
NE;PI;TERESINA;MIRANTE PETROLEO LTDA; 03.612.498/0001-31;AVENIDA PRESIDENTE KENNEDY;5779;;MORROS;64062-100;DIESEL;22/04/2026;7,38;;R$ / litro;IPIRANGA
NE;PI;TERESINA;MIRANTE PETROLEO LTDA; 03.612.498/0001-31;AVENIDA PRESIDENTE KENNEDY;5779;;MORROS;64062-100;DIESEL S10;22/04/2026;7,49;;R$ / litro;IPIRANGA
NE;PI;TERESINA;MIRANTE PETROLEO LTDA; 03.612.498/0001-31;AVENIDA PRESIDENTE KENNEDY;5779;;MORROS;64062-100;ETANOL;22/04/2026;4,87;;R$ / litro;IPIRANGA
NE;PI;TERESINA;CLEONICE FERREIRA SILVA; 03.171.610/0001-46;AVENIDA BARAO DE GURGUEIA;2635;;VERMELHA;64018-500;GASOLINA;24/04/2026;6,38;;R$ / litro;BRANCA
NE;PI;TERESINA;CLEONICE FERREIRA SILVA; 03.171.610/0001-46;AVENIDA BARAO DE GURGUEIA;2635;;VERMELHA;64018-500;DIESEL;24/04/2026;7,02;;R$ / litro;BRANCA
NE;PI;TERESINA;CLEONICE FERREIRA SILVA; 03.171.610/0001-46;AVENIDA BARAO DE GURGUEIA;2635;;VERMELHA;64018-500;DIESEL S10;24/04/2026;7,05;;R$ / litro;BRANCA
NE;PI;TERESINA;CLEONICE FERREIRA SILVA; 03.171.610/0001-46;AVENIDA BARAO DE GURGUEIA;2635;;VERMELHA;64018-500;ETANOL;24/04/2026;4,75;;R$ / litro;BRANCA
NE;PI;TERESINA;POSTO HIDROLANDIA LTDA; 03.069.763/0001-87;AVENIDA PREFEITO WALL FERRAZ;8570;SUL;LOURIVAL PARENTE;64022-145;GASOLINA;20/04/2026;6,69;;R$ / litro;IPIRANGA
NE;PI;TERESINA;POSTO HIDROLANDIA LTDA; 03.069.763/0001-87;AVENIDA PREFEITO WALL FERRAZ;8570;SUL;LOURIVAL PARENTE;64022-145;GASOLINA ADITIVADA;20/04/2026;6,89;;R$ / litro;IPIRANGA
NE;PI;TERESINA;POSTO HIDROLANDIA LTDA; 03.069.763/0001-87;AVENIDA PREFEITO WALL FERRAZ;8570;SUL;LOURIVAL PARENTE;64022-145;DIESEL;20/04/2026;7,68;;R$ / litro;IPIRANGA
NE;PI;TERESINA;POSTO HIDROLANDIA LTDA; 03.069.763/0001-87;AVENIDA PREFEITO WALL FERRAZ;8570;SUL;LOURIVAL PARENTE;64022-145;DIESEL S10;20/04/2026;7,79;;R$ / litro;IPIRANGA
NE;PI;TERESINA;POSTO HIDROLANDIA LTDA; 03.069.763/0001-87;AVENIDA PREFEITO WALL FERRAZ;8570;SUL;LOURIVAL PARENTE;64022-145;ETANOL;20/04/2026;4,99;;R$ / litro;IPIRANGA
NE;PI;TERESINA;JUNCO COMERCIAL LTDA; 02.760.727/0001-00;RUA JOAQUIM NELSON;2121;;PARQUE IDEAL;64078-625;GASOLINA;21/04/2026;6,69;;R$ / litro;VIBRA
NE;PI;TERESINA;JUNCO COMERCIAL LTDA; 02.760.727/0001-00;RUA JOAQUIM NELSON;2121;;PARQUE IDEAL;64078-625;GASOLINA ADITIVADA;21/04/2026;6,99;;R$ / litro;VIBRA
NE;PI;TERESINA;JUNCO COMERCIAL LTDA; 02.760.727/0001-00;RUA JOAQUIM NELSON;2121;;PARQUE IDEAL;64078-625;DIESEL S10;21/04/2026;7,49;;R$ / litro;VIBRA
NE;PI;TERESINA;JUNCO COMERCIAL LTDA; 02.760.727/0001-00;RUA JOAQUIM NELSON;2121;;PARQUE IDEAL;64078-625;ETANOL;21/04/2026;5,19;;R$ / litro;VIBRA
NE;PI;TERESINA;POSTO CERTO LTDA; 08.610.754/0002-56;AVENIDA DEPUTADO PAULO FERRAZ;1771;;BEIRA RIO;64075-535;GASOLINA;24/04/2026;6,69;;R$ / litro;SABBÁ
NE;PI;TERESINA;POSTO CERTO LTDA; 08.610.754/0002-56;AVENIDA DEPUTADO PAULO FERRAZ;1771;;BEIRA RIO;64075-535;DIESEL;24/04/2026;7,59;;R$ / litro;SABBÁ
NE;PI;TERESINA;POSTO CERTO LTDA; 08.610.754/0002-56;AVENIDA DEPUTADO PAULO FERRAZ;1771;;BEIRA RIO;64075-535;DIESEL S10;24/04/2026;7,69;;R$ / litro;SABBÁ
NE;PI;TERESINA;POSTO CERTO LTDA; 08.610.754/0002-56;AVENIDA DEPUTADO PAULO FERRAZ;1771;;BEIRA RIO;64075-535;ETANOL;24/04/2026;4,99;;R$ / litro;SABBÁ
NE;PI;TERESINA;POSTO FLEX COMBUSTIVEIS LTDA; 10.948.874/0001-29;AVENIDA PRESIDENTE KENNEDY;5200;/B;MORROS;64062-100;GASOLINA;22/04/2026;6,67;;R$ / litro;BRANCA
NE;PI;TERESINA;POSTO FLEX COMBUSTIVEIS LTDA; 10.948.874/0001-29;AVENIDA PRESIDENTE KENNEDY;5200;/B;MORROS;64062-100;DIESEL S10;22/04/2026;7,29;;R$ / litro;BRANCA
NE;PI;TERESINA;POSTO FLEX COMBUSTIVEIS LTDA; 10.948.874/0001-29;AVENIDA PRESIDENTE KENNEDY;5200;/B;MORROS;64062-100;ETANOL;22/04/2026;4,87;;R$ / litro;BRANCA
NE;PI;TERESINA;CACIQUE PETROLEO LTDA; 06.656.656/0019-72;AVENIDA LINDOLFO MONTEIRO;990;;FATIMA;64049-440;GASOLINA;22/04/2026;7,04;;R$ / litro;VIBRA
NE;PI;TERESINA;CACIQUE PETROLEO LTDA; 06.656.656/0019-72;AVENIDA LINDOLFO MONTEIRO;990;;FATIMA;64049-440;GASOLINA ADITIVADA;22/04/2026;7,44;;R$ / litro;VIBRA
NE;PI;TERESINA;CACIQUE PETROLEO LTDA; 06.656.656/0019-72;AVENIDA LINDOLFO MONTEIRO;990;;FATIMA;64049-440;DIESEL;22/04/2026;7,59;;R$ / litro;VIBRA
NE;PI;TERESINA;CACIQUE PETROLEO LTDA; 06.656.656/0019-72;AVENIDA LINDOLFO MONTEIRO;990;;FATIMA;64049-440;ETANOL;22/04/2026;5,19;;R$ / litro;VIBRA
NE;PI;TERESINA;CACIQUE PETROLEO LTDA; 06.656.656/0020-06;AVENIDA DEPUTADO PAULO FERRAZ;2907;;SAO RAIMUNDO;64075-005;GASOLINA;21/04/2026;6,89;;R$ / litro;IPIRANGA
NE;PI;TERESINA;CACIQUE PETROLEO LTDA; 06.656.656/0020-06;AVENIDA DEPUTADO PAULO FERRAZ;2907;;SAO RAIMUNDO;64075-005;GASOLINA ADITIVADA;21/04/2026;7,39;;R$ / litro;IPIRANGA
NE;PI;TERESINA;CACIQUE PETROLEO LTDA; 06.656.656/0020-06;AVENIDA DEPUTADO PAULO FERRAZ;2907;;SAO RAIMUNDO;64075-005;DIESEL;21/04/2026;7,69;;R$ / litro;IPIRANGA
NE;PI;TERESINA;CACIQUE PETROLEO LTDA; 06.656.656/0020-06;AVENIDA DEPUTADO PAULO FERRAZ;2907;;SAO RAIMUNDO;64075-005;DIESEL S10;21/04/2026;7,79;;R$ / litro;IPIRANGA
NE;PI;TERESINA;CACIQUE PETROLEO LTDA; 06.656.656/0020-06;AVENIDA DEPUTADO PAULO FERRAZ;2907;;SAO RAIMUNDO;64075-005;ETANOL;21/04/2026;5,19;;R$ / litro;IPIRANGA
NE;PI;TERESINA;COMPANHIA BRASILEIRA DE DISTRIBUICAO; 47.508.411/1563-26;AVENIDA PRESIDENTE KENNEDY;501;PARTE II;SAO CRISTOVAO;64052-345;GASOLINA;20/04/2026;6,65;;R$ / litro;IPIRANGA
NE;PI;TERESINA;COMPANHIA BRASILEIRA DE DISTRIBUICAO; 47.508.411/1563-26;AVENIDA PRESIDENTE KENNEDY;501;PARTE II;SAO CRISTOVAO;64052-345;GASOLINA ADITIVADA;20/04/2026;6,85;;R$ / litro;IPIRANGA
NE;PI;TERESINA;COMPANHIA BRASILEIRA DE DISTRIBUICAO; 47.508.411/1563-26;AVENIDA PRESIDENTE KENNEDY;501;PARTE II;SAO CRISTOVAO;64052-345;ETANOL;20/04/2026;4,99;;R$ / litro;IPIRANGA
NE;PI;TERESINA;FELIPE BARTZ MACHADO LTDA; 15.219.109/0001-91;AVENIDA BARAO DE GURGUEIA;1328;SALA  01;VERMELHA;64018-290;GASOLINA;24/04/2026;6,49;;R$ / litro;VIBRA
NE;PI;TERESINA;FELIPE BARTZ MACHADO LTDA; 15.219.109/0001-91;AVENIDA BARAO DE GURGUEIA;1328;SALA  01;VERMELHA;64018-290;GASOLINA ADITIVADA;24/04/2026;6,89;;R$ / litro;VIBRA
NE;PI;TERESINA;FELIPE BARTZ MACHADO LTDA; 15.219.109/0001-91;AVENIDA BARAO DE GURGUEIA;1328;SALA  01;VERMELHA;64018-290;DIESEL;24/04/2026;6,99;;R$ / litro;VIBRA
NE;PI;TERESINA;FELIPE BARTZ MACHADO LTDA; 15.219.109/0001-91;AVENIDA BARAO DE GURGUEIA;1328;SALA  01;VERMELHA;64018-290;DIESEL S10;24/04/2026;7,29;;R$ / litro;VIBRA
NE;PI;TERESINA;FELIPE BARTZ MACHADO LTDA; 15.219.109/0001-91;AVENIDA BARAO DE GURGUEIA;1328;SALA  01;VERMELHA;64018-290;ETANOL;24/04/2026;4,99;;R$ / litro;VIBRA
NE;PI;TERESINA;PLANALTO PETROLEO MORADA NOVA LTDA; 12.303.585/0001-06;RUA QUINZE DE NOVEMBRO;4581;;LOURIVAL PARENTE;64022-350;GASOLINA;22/04/2026;6,66;;R$ / litro;VIBRA
NE;PI;TERESINA;PLANALTO PETROLEO MORADA NOVA LTDA; 12.303.585/0001-06;RUA QUINZE DE NOVEMBRO;4581;;LOURIVAL PARENTE;64022-350;GASOLINA ADITIVADA;22/04/2026;6,86;;R$ / litro;VIBRA
NE;PI;TERESINA;PLANALTO PETROLEO MORADA NOVA LTDA; 12.303.585/0001-06;RUA QUINZE DE NOVEMBRO;4581;;LOURIVAL PARENTE;64022-350;ETANOL;22/04/2026;4,89;;R$ / litro;VIBRA
NE;PI;TERESINA;CACIQUE PETROLEO LTDA; 06.656.656/0022-78;AVENIDA DEPUTADO PAULO FERRAZ;1910;;TANCREDO NEVES;64076-005;GASOLINA;21/04/2026;6,89;;R$ / litro;IPIRANGA
NE;PI;TERESINA;CACIQUE PETROLEO LTDA; 06.656.656/0022-78;AVENIDA DEPUTADO PAULO FERRAZ;1910;;TANCREDO NEVES;64076-005;GASOLINA ADITIVADA;21/04/2026;7,39;;R$ / litro;IPIRANGA
NE;PI;TERESINA;CACIQUE PETROLEO LTDA; 06.656.656/0022-78;AVENIDA DEPUTADO PAULO FERRAZ;1910;;TANCREDO NEVES;64076-005;DIESEL;21/04/2026;7,69;;R$ / litro;IPIRANGA
NE;PI;TERESINA;CACIQUE PETROLEO LTDA; 06.656.656/0022-78;AVENIDA DEPUTADO PAULO FERRAZ;1910;;TANCREDO NEVES;64076-005;DIESEL S10;21/04/2026;7,79;;R$ / litro;IPIRANGA
NE;PI;TERESINA;CACIQUE PETROLEO LTDA; 06.656.656/0022-78;AVENIDA DEPUTADO PAULO FERRAZ;1910;;TANCREDO NEVES;64076-005;ETANOL;21/04/2026;5,19;;R$ / litro;IPIRANGA
NE;PI;TERESINA;MAXXI  COMBUSTIVEIS E DERIVADOS LTDA; 21.448.697/0001-38;RUA ALBERTO LEAL NUNES;5416;;LOURIVAL PARENTE;64023-450;GASOLINA;20/04/2026;6,66;;R$ / litro;BRANCA
NE;PI;TERESINA;MAXXI  COMBUSTIVEIS E DERIVADOS LTDA; 21.448.697/0001-38;RUA ALBERTO LEAL NUNES;5416;;LOURIVAL PARENTE;64023-450;DIESEL S10;20/04/2026;7,46;;R$ / litro;BRANCA
NE;PI;TERESINA;MAXXI  COMBUSTIVEIS E DERIVADOS LTDA; 21.448.697/0001-38;RUA ALBERTO LEAL NUNES;5416;;LOURIVAL PARENTE;64023-450;ETANOL;20/04/2026;4,96;;R$ / litro;BRANCA
NE;PI;TERESINA;POSTO MAIS VALE LTDA; 26.128.088/0001-15;AVENIDA ZEQUINHA FREIRE;2260;QUADRAA                   LOTE  03;URUGUAI;64073-020;GASOLINA;22/04/2026;6,69;;R$ / litro;BRANCA
NE;PI;TERESINA;POSTO MAIS VALE LTDA; 26.128.088/0001-15;AVENIDA ZEQUINHA FREIRE;2260;QUADRAA                   LOTE  03;URUGUAI;64073-020;DIESEL S10;22/04/2026;7,69;;R$ / litro;BRANCA
NE;PI;TERESINA;POSTO MAIS VALE LTDA; 26.128.088/0001-15;AVENIDA ZEQUINHA FREIRE;2260;QUADRAA                   LOTE  03;URUGUAI;64073-020;ETANOL;22/04/2026;4,99;;R$ / litro;BRANCA
NE;PI;TERESINA;POSTO MAIS TOTA LTDA; 24.247.615/0001-85;RUA RODRIGUES ALVES;2050;;LOURIVAL PARENTE;64023-320;GASOLINA;20/04/2026;6,66;;R$ / litro;IPIRANGA
NE;PI;TERESINA;POSTO MAIS TOTA LTDA; 24.247.615/0001-85;RUA RODRIGUES ALVES;2050;;LOURIVAL PARENTE;64023-320;GASOLINA ADITIVADA;20/04/2026;6,96;;R$ / litro;IPIRANGA
NE;PI;TERESINA;POSTO MAIS TOTA LTDA; 24.247.615/0001-85;RUA RODRIGUES ALVES;2050;;LOURIVAL PARENTE;64023-320;DIESEL S10;20/04/2026;7,46;;R$ / litro;IPIRANGA
NE;PI;TERESINA;POSTO MAIS TOTA LTDA; 24.247.615/0001-85;RUA RODRIGUES ALVES;2050;;LOURIVAL PARENTE;64023-320;ETANOL;20/04/2026;4,96;;R$ / litro;IPIRANGA
NE;PI;TERESINA;BEZERRA COMBUSTIVEL LTDA; 27.915.572/0001-57;AVENIDA PROFESSOR CAMILO FILHO;3417;;SAO SEBASTIAO;64085-338;GASOLINA;21/04/2026;6,99;;R$ / litro;VIBRA
NE;PI;TERESINA;BEZERRA COMBUSTIVEL LTDA; 27.915.572/0001-57;AVENIDA PROFESSOR CAMILO FILHO;3417;;SAO SEBASTIAO;64085-338;DIESEL;21/04/2026;7,49;;R$ / litro;VIBRA
NE;PI;TERESINA;BEZERRA COMBUSTIVEL LTDA; 27.915.572/0001-57;AVENIDA PROFESSOR CAMILO FILHO;3417;;SAO SEBASTIAO;64085-338;DIESEL S10;21/04/2026;7,99;;R$ / litro;VIBRA
NE;PI;TERESINA;BEZERRA COMBUSTIVEL LTDA; 27.915.572/0001-57;AVENIDA PROFESSOR CAMILO FILHO;3417;;SAO SEBASTIAO;64085-338;ETANOL;21/04/2026;5,39;;R$ / litro;VIBRA
NE;PI;TERESINA;BARBOSA & NUNES LTDA; 08.956.319/0001-05;RUA IVAN TITO DE OLIVEIRA;2090;;LOURIVAL PARENTE;64023-500;GASOLINA;20/04/2026;6,66;;R$ / litro;BRANCA
NE;PI;TERESINA;BARBOSA & NUNES LTDA; 08.956.319/0001-05;RUA IVAN TITO DE OLIVEIRA;2090;;LOURIVAL PARENTE;64023-500;DIESEL;20/04/2026;7,44;;R$ / litro;BRANCA
NE;PI;TERESINA;BARBOSA & NUNES LTDA; 08.956.319/0001-05;RUA IVAN TITO DE OLIVEIRA;2090;;LOURIVAL PARENTE;64023-500;DIESEL S10;20/04/2026;7,46;;R$ / litro;BRANCA
NE;PI;TERESINA;BARBOSA & NUNES LTDA; 08.956.319/0001-05;RUA IVAN TITO DE OLIVEIRA;2090;;LOURIVAL PARENTE;64023-500;ETANOL;20/04/2026;4,89;;R$ / litro;BRANCA
NE;PI;TERESINA;POSTO DE COMBUSTIVEL AGUIA LTDA; 28.985.753/0001-12;AVENIDA HOMERO CASTELO BRANCO;2101;LETRA A;FATIMA;64049-505;GASOLINA;22/04/2026;6,79;;R$ / litro;IPIRANGA
NE;PI;TERESINA;POSTO DE COMBUSTIVEL AGUIA LTDA; 28.985.753/0001-12;AVENIDA HOMERO CASTELO BRANCO;2101;LETRA A;FATIMA;64049-505;GASOLINA ADITIVADA;22/04/2026;6,99;;R$ / litro;IPIRANGA
NE;PI;TERESINA;POSTO DE COMBUSTIVEL AGUIA LTDA; 28.985.753/0001-12;AVENIDA HOMERO CASTELO BRANCO;2101;LETRA A;FATIMA;64049-505;DIESEL S10;22/04/2026;7,89;;R$ / litro;IPIRANGA
NE;PI;TERESINA;POSTO DE COMBUSTIVEL AGUIA LTDA; 28.985.753/0001-12;AVENIDA HOMERO CASTELO BRANCO;2101;LETRA A;FATIMA;64049-505;ETANOL;22/04/2026;4,99;;R$ / litro;IPIRANGA
NE;PI;TERESINA;CACIQUE PETROLEO LTDA; 06.656.656/0029-44;RUA JAIME DA SILVEIRA;864;;SANTA ISABEL;64053-280;GASOLINA;22/04/2026;6,89;;R$ / litro;VIBRA
NE;PI;TERESINA;CACIQUE PETROLEO LTDA; 06.656.656/0029-44;RUA JAIME DA SILVEIRA;864;;SANTA ISABEL;64053-280;GASOLINA ADITIVADA;22/04/2026;7,19;;R$ / litro;VIBRA
NE;PI;TERESINA;CACIQUE PETROLEO LTDA; 06.656.656/0029-44;RUA JAIME DA SILVEIRA;864;;SANTA ISABEL;64053-280;DIESEL S10;22/04/2026;7,99;;R$ / litro;VIBRA
NE;PI;TERESINA;CACIQUE PETROLEO LTDA; 06.656.656/0029-44;RUA JAIME DA SILVEIRA;864;;SANTA ISABEL;64053-280;ETANOL;22/04/2026;5,19;;R$ / litro;VIBRA
NE;PI;TERESINA;JESUS JOSE NOGUEIRA JUNIOR LTDA; 38.635.568/0001-51;AVENIDA SENADOR AREA LEAO;2140;;SAO CRISTOVAO;64051-090;GASOLINA;20/04/2026;6,69;;R$ / litro;VIBRA
NE;PI;TERESINA;JESUS JOSE NOGUEIRA JUNIOR LTDA; 38.635.568/0001-51;AVENIDA SENADOR AREA LEAO;2140;;SAO CRISTOVAO;64051-090;GASOLINA ADITIVADA;20/04/2026;6,99;;R$ / litro;VIBRA
NE;PI;TERESINA;JESUS JOSE NOGUEIRA JUNIOR LTDA; 38.635.568/0001-51;AVENIDA SENADOR AREA LEAO;2140;;SAO CRISTOVAO;64051-090;DIESEL S10;20/04/2026;7,99;;R$ / litro;VIBRA
NE;PI;TERESINA;JESUS JOSE NOGUEIRA JUNIOR LTDA; 38.635.568/0001-51;AVENIDA SENADOR AREA LEAO;2140;;SAO CRISTOVAO;64051-090;ETANOL;20/04/2026;4,99;;R$ / litro;VIBRA
NE;PI;TERESINA;POSTO JOIA LTDA; 08.965.723/0001-37;RUA ENGENHEIRO ALVES DE NORONHA;5102;;BUENOS AIRES;64008-400;GASOLINA;29/04/2026;6,67;;R$ / litro;SABBÁ
NE;PI;TERESINA;POSTO JOIA LTDA; 08.965.723/0001-37;RUA ENGENHEIRO ALVES DE NORONHA;5102;;BUENOS AIRES;64008-400;ETANOL;29/04/2026;4,99;;R$ / litro;SABBÁ
NE;PI;TERESINA;S P MAGALHAES EMPREENDIMENTOS LTDA; 10.978.518/0001-58;AVENIDA JOAO XXIII;1520;0;SÃO CRISTÓVÃO;64045-000;ETANOL;28/04/2026;5,09;;R$ / litro;SABBÁ
NE;PI;TERESINA;S P MAGALHAES EMPREENDIMENTOS LTDA; 10.978.518/0001-58;AVENIDA JOAO XXIII;1520;0;SÃO CRISTÓVÃO;64045-000;GASOLINA;28/04/2026;6,59;;R$ / litro;SABBÁ
NE;PI;TERESINA;TRANSSERVICE PETROLEO LTDA; 02.927.004/0001-45;AVENIDA BARAO DE GURGUEIA;2300;;SAO PEDRO;64019-350;GASOLINA;30/04/2026;6,67;;R$ / litro;BRANCA
NE;PI;TERESINA;TRANSSERVICE PETROLEO LTDA; 02.927.004/0001-45;AVENIDA BARAO DE GURGUEIA;2300;;SAO PEDRO;64019-350;GASOLINA ADITIVADA;30/04/2026;6,67;;R$ / litro;BRANCA
NE;PI;TERESINA;TRANSSERVICE PETROLEO LTDA; 02.927.004/0001-45;AVENIDA BARAO DE GURGUEIA;2300;;SAO PEDRO;64019-350;DIESEL;30/04/2026;7,29;;R$ / litro;BRANCA
NE;PI;TERESINA;TRANSSERVICE PETROLEO LTDA; 02.927.004/0001-45;AVENIDA BARAO DE GURGUEIA;2300;;SAO PEDRO;64019-350;DIESEL S10;30/04/2026;7,49;;R$ / litro;BRANCA
NE;PI;TERESINA;TRANSSERVICE PETROLEO LTDA; 02.927.004/0001-45;AVENIDA BARAO DE GURGUEIA;2300;;SAO PEDRO;64019-350;ETANOL;30/04/2026;4,99;;R$ / litro;BRANCA
NE;PI;TERESINA;SAO FRANCISCO PETROLEO LTDA; 10.336.626/0001-27;AVENIDA FREI SERAFIM;2474;;CENTRO;64001-020;GASOLINA;29/04/2026;6,47;;R$ / litro;VIBRA
NE;PI;TERESINA;SAO FRANCISCO PETROLEO LTDA; 10.336.626/0001-27;AVENIDA FREI SERAFIM;2474;;CENTRO;64001-020;GASOLINA ADITIVADA;29/04/2026;6,74;;R$ / litro;VIBRA
NE;PI;TERESINA;SAO FRANCISCO PETROLEO LTDA; 10.336.626/0001-27;AVENIDA FREI SERAFIM;2474;;CENTRO;64001-020;DIESEL;29/04/2026;7,98;;R$ / litro;VIBRA
NE;PI;TERESINA;SAO FRANCISCO PETROLEO LTDA; 10.336.626/0001-27;AVENIDA FREI SERAFIM;2474;;CENTRO;64001-020;ETANOL;29/04/2026;4,98;;R$ / litro;VIBRA
NE;PI;TERESINA;PIPEL-PICOS PETROLEO LTDA; 07.483.266/0005-05;AVENIDA PREF. WALL  FERRAZ;7420;;TRIUNFO;64000-010;GASOLINA;30/04/2026;6,48;;R$ / litro;VIBRA
NE;PI;TERESINA;PIPEL-PICOS PETROLEO LTDA; 07.483.266/0005-05;AVENIDA PREF. WALL  FERRAZ;7420;;TRIUNFO;64000-010;GASOLINA ADITIVADA;30/04/2026;6,83;;R$ / litro;VIBRA
NE;PI;TERESINA;PIPEL-PICOS PETROLEO LTDA; 07.483.266/0005-05;AVENIDA PREF. WALL  FERRAZ;7420;;TRIUNFO;64000-010;DIESEL;30/04/2026;7,00;;R$ / litro;VIBRA
NE;PI;TERESINA;PIPEL-PICOS PETROLEO LTDA; 07.483.266/0005-05;AVENIDA PREF. WALL  FERRAZ;7420;;TRIUNFO;64000-010;DIESEL S10;30/04/2026;7,29;;R$ / litro;VIBRA
NE;PI;TERESINA;CACIQUE PETROLEO LTDA; 06.656.656/0009-09;AVENIDA MIGUEL ROSA;6185;SUL;;64001-973;GASOLINA;30/04/2026;6,79;;R$ / litro;VIBRA
NE;PI;TERESINA;CACIQUE PETROLEO LTDA; 06.656.656/0009-09;AVENIDA MIGUEL ROSA;6185;SUL;;64001-973;GASOLINA ADITIVADA;30/04/2026;7,39;;R$ / litro;VIBRA
NE;PI;TERESINA;CACIQUE PETROLEO LTDA; 06.656.656/0009-09;AVENIDA MIGUEL ROSA;6185;SUL;;64001-973;DIESEL S10;30/04/2026;7,49;;R$ / litro;VIBRA
NE;PI;TERESINA;CACIQUE PETROLEO LTDA; 06.656.656/0009-09;AVENIDA MIGUEL ROSA;6185;SUL;;64001-973;ETANOL;30/04/2026;4,99;;R$ / litro;VIBRA
NE;PI;TERESINA;CACIQUE PETROLEO LTDA; 06.656.656/0012-04;AVENIDA RUI BARBOSA;1662;;VILA OPERARIA;64076-410;GASOLINA;28/04/2026;6,79;;R$ / litro;VIBRA
NE;PI;TERESINA;CACIQUE PETROLEO LTDA; 06.656.656/0012-04;AVENIDA RUI BARBOSA;1662;;VILA OPERARIA;64076-410;GASOLINA ADITIVADA;28/04/2026;7,19;;R$ / litro;VIBRA
NE;PI;TERESINA;CACIQUE PETROLEO LTDA; 06.656.656/0012-04;AVENIDA RUI BARBOSA;1662;;VILA OPERARIA;64076-410;ETANOL;28/04/2026;4,99;;R$ / litro;VIBRA
NE;PI;TERESINA;CACIQUE PETROLEO LTDA; 06.656.656/0002-24;AVENIDA MIGUEL ROSA;3833;SUL;PICARRA;64001-973;GASOLINA;29/04/2026;6,79;;R$ / litro;VIBRA
NE;PI;TERESINA;CACIQUE PETROLEO LTDA; 06.656.656/0002-24;AVENIDA MIGUEL ROSA;3833;SUL;PICARRA;64001-973;GASOLINA ADITIVADA;29/04/2026;7,19;;R$ / litro;VIBRA
NE;PI;TERESINA;CLEONICE FERREIRA SILVA; 03.171.610/0001-46;AVENIDA BARAO DE GURGUEIA;2635;;VERMELHA;64018-500;GASOLINA;30/04/2026;6,28;;R$ / litro;BRANCA
NE;PI;TERESINA;CLEONICE FERREIRA SILVA; 03.171.610/0001-46;AVENIDA BARAO DE GURGUEIA;2635;;VERMELHA;64018-500;GASOLINA ADITIVADA;30/04/2026;6,29;;R$ / litro;BRANCA
NE;PI;TERESINA;CLEONICE FERREIRA SILVA; 03.171.610/0001-46;AVENIDA BARAO DE GURGUEIA;2635;;VERMELHA;64018-500;DIESEL;30/04/2026;6,89;;R$ / litro;BRANCA
NE;PI;TERESINA;CLEONICE FERREIRA SILVA; 03.171.610/0001-46;AVENIDA BARAO DE GURGUEIA;2635;;VERMELHA;64018-500;DIESEL S10;30/04/2026;6,95;;R$ / litro;BRANCA
NE;PI;TERESINA;CLEONICE FERREIRA SILVA; 03.171.610/0001-46;AVENIDA BARAO DE GURGUEIA;2635;;VERMELHA;64018-500;ETANOL;30/04/2026;4,75;;R$ / litro;BRANCA
NE;PI;TERESINA;POSTO HIDROLANDIA LTDA; 03.069.763/0001-87;AVENIDA PREFEITO WALL FERRAZ;8570;SUL;LOURIVAL PARENTE;64022-145;GASOLINA;30/04/2026;6,69;;R$ / litro;IPIRANGA
NE;PI;TERESINA;POSTO HIDROLANDIA LTDA; 03.069.763/0001-87;AVENIDA PREFEITO WALL FERRAZ;8570;SUL;LOURIVAL PARENTE;64022-145;GASOLINA ADITIVADA;30/04/2026;6,89;;R$ / litro;IPIRANGA
NE;PI;TERESINA;POSTO HIDROLANDIA LTDA; 03.069.763/0001-87;AVENIDA PREFEITO WALL FERRAZ;8570;SUL;LOURIVAL PARENTE;64022-145;DIESEL;30/04/2026;7,44;;R$ / litro;IPIRANGA
NE;PI;TERESINA;MOURA SOUSA E BONFIM LTDA; 01.416.988/0001-37;RODOVIA BR 343 KM 10;S/N;;RODOVIA;64045-970;GASOLINA;29/04/2026;6,59;;R$ / litro;ALE
NE;PI;TERESINA;MOURA SOUSA E BONFIM LTDA; 01.416.988/0001-37;RODOVIA BR 343 KM 10;S/N;;RODOVIA;64045-970;GASOLINA ADITIVADA;29/04/2026;6,99;;R$ / litro;ALE
NE;PI;TERESINA;MOURA SOUSA E BONFIM LTDA; 01.416.988/0001-37;RODOVIA BR 343 KM 10;S/N;;RODOVIA;64045-970;DIESEL;29/04/2026;7,29;;R$ / litro;ALE
NE;PI;TERESINA;MOURA SOUSA E BONFIM LTDA; 01.416.988/0001-37;RODOVIA BR 343 KM 10;S/N;;RODOVIA;64045-970;DIESEL S10;29/04/2026;7,39;;R$ / litro;ALE
NE;PI;TERESINA;MOURA SOUSA E BONFIM LTDA; 01.416.988/0001-37;RODOVIA BR 343 KM 10;S/N;;RODOVIA;64045-970;ETANOL;29/04/2026;5,07;;R$ / litro;ALE
NE;PI;TERESINA;POSTO MAIS PROMORAR LTDA; 09.442.915/0001-21;AVENIDA DEPUTADO ULISSES GUIMARAES;1933;QUADRA92C                 CONJ  PROMORAR;PROMORAR;64027-330;GASOLINA;30/04/2026;6,49;;R$ / litro;BRANCA
NE;PI;TERESINA;POSTO MAIS PROMORAR LTDA; 09.442.915/0001-21;AVENIDA DEPUTADO ULISSES GUIMARAES;1933;QUADRA92C                 CONJ  PROMORAR;PROMORAR;64027-330;ETANOL;30/04/2026;4,89;;R$ / litro;BRANCA
NE;PI;TERESINA;SAO FRANCISCO PETROLEO LTDA; 10.336.626/0002-08;AVENIDA PREF WALL FERRAZ;4570;;LOURIVAL PARENTE;64022-145;GASOLINA;30/04/2026;6,49;;R$ / litro;BRANCA
NE;PI;TERESINA;SAO FRANCISCO PETROLEO LTDA; 10.336.626/0002-08;AVENIDA PREF WALL FERRAZ;4570;;LOURIVAL PARENTE;64022-145;DIESEL S10;30/04/2026;7,09;;R$ / litro;BRANCA
NE;PI;TERESINA;SAO FRANCISCO PETROLEO LTDA; 10.336.626/0002-08;AVENIDA PREF WALL FERRAZ;4570;;LOURIVAL PARENTE;64022-145;ETANOL;30/04/2026;4,79;;R$ / litro;BRANCA
NE;PI;TERESINA;PLANALTO PETROLEO KM 7 LTDA; 10.887.489/0001-19;AVENIDA PREFEITO WALL FERRAZ;11133;;SANTO ANTONIO;64032-075;GASOLINA;30/04/2026;6,59;;R$ / litro;BRANCA
NE;PI;TERESINA;PLANALTO PETROLEO KM 7 LTDA; 10.887.489/0001-19;AVENIDA PREFEITO WALL FERRAZ;11133;;SANTO ANTONIO;64032-075;GASOLINA ADITIVADA;30/04/2026;6,99;;R$ / litro;BRANCA
NE;PI;TERESINA;PLANALTO PETROLEO KM 7 LTDA; 10.887.489/0001-19;AVENIDA PREFEITO WALL FERRAZ;11133;;SANTO ANTONIO;64032-075;DIESEL;30/04/2026;6,89;;R$ / litro;BRANCA
NE;PI;TERESINA;PLANALTO PETROLEO KM 7 LTDA; 10.887.489/0001-19;AVENIDA PREFEITO WALL FERRAZ;11133;;SANTO ANTONIO;64032-075;DIESEL S10;30/04/2026;7,19;;R$ / litro;BRANCA
NE;PI;TERESINA;PLANALTO PETROLEO KM 7 LTDA; 10.887.489/0001-19;AVENIDA PREFEITO WALL FERRAZ;11133;;SANTO ANTONIO;64032-075;ETANOL;30/04/2026;4,89;;R$ / litro;BRANCA
NE;PI;TERESINA;JUNCO COMERCIAL LTDA; 02.760.727/0002-83;AVENIDA MARANHAO;900;;CENTRO/N;64000-010;GASOLINA;29/04/2026;6,67;;R$ / litro;VIBRA
NE;PI;TERESINA;JUNCO COMERCIAL LTDA; 02.760.727/0002-83;AVENIDA MARANHAO;900;;CENTRO/N;64000-010;GASOLINA ADITIVADA;29/04/2026;6,99;;R$ / litro;VIBRA
NE;PI;TERESINA;JUNCO COMERCIAL LTDA; 02.760.727/0002-83;AVENIDA MARANHAO;900;;CENTRO/N;64000-010;DIESEL S10;29/04/2026;7,59;;R$ / litro;VIBRA
NE;PI;TERESINA;JUNCO COMERCIAL LTDA; 02.760.727/0002-83;AVENIDA MARANHAO;900;;CENTRO/N;64000-010;ETANOL;29/04/2026;4,99;;R$ / litro;VIBRA
NE;PI;TERESINA;G. & S. PETROLEO LTDA; 10.919.164/0001-70;AVENIDA SANTOS DUMONT;480;;VILA OPERARIA;64002-200;GASOLINA;29/04/2026;6,64;;R$ / litro;VIBRA
NE;PI;TERESINA;G. & S. PETROLEO LTDA; 10.919.164/0001-70;AVENIDA SANTOS DUMONT;480;;VILA OPERARIA;64002-200;ETANOL;29/04/2026;4,99;;R$ / litro;VIBRA
NE;PI;TERESINA;POSTO CERTO LTDA; 08.610.754/0002-56;AVENIDA DEPUTADO PAULO FERRAZ;1771;;BEIRA RIO;64075-535;GASOLINA;28/04/2026;6,69;;R$ / litro;SABBÁ
NE;PI;TERESINA;POSTO CERTO LTDA; 08.610.754/0002-56;AVENIDA DEPUTADO PAULO FERRAZ;1771;;BEIRA RIO;64075-535;GASOLINA ADITIVADA;28/04/2026;6,89;;R$ / litro;SABBÁ
NE;PI;TERESINA;POSTO CERTO LTDA; 08.610.754/0002-56;AVENIDA DEPUTADO PAULO FERRAZ;1771;;BEIRA RIO;64075-535;DIESEL;28/04/2026;7,59;;R$ / litro;SABBÁ
NE;PI;TERESINA;POSTO CERTO LTDA; 08.610.754/0002-56;AVENIDA DEPUTADO PAULO FERRAZ;1771;;BEIRA RIO;64075-535;DIESEL S10;28/04/2026;7,69;;R$ / litro;SABBÁ
NE;PI;TERESINA;POSTO CERTO LTDA; 08.610.754/0002-56;AVENIDA DEPUTADO PAULO FERRAZ;1771;;BEIRA RIO;64075-535;ETANOL;28/04/2026;4,99;;R$ / litro;SABBÁ
NE;PI;TERESINA;CACIQUE PETROLEO LTDA; 06.656.656/0018-91;RUA OLAVO BILAC;989;SUL;CENTRO;64001-280;GASOLINA;28/04/2026;6,69;;R$ / litro;VIBRA
NE;PI;TERESINA;CACIQUE PETROLEO LTDA; 06.656.656/0018-91;RUA OLAVO BILAC;989;SUL;CENTRO;64001-280;GASOLINA ADITIVADA;28/04/2026;6,99;;R$ / litro;VIBRA
NE;PI;TERESINA;CACIQUE PETROLEO LTDA; 06.656.656/0018-91;RUA OLAVO BILAC;989;SUL;CENTRO;64001-280;ETANOL;28/04/2026;4,99;;R$ / litro;VIBRA
NE;PI;TERESINA;POSTO MAIS SAO JOAQUIM LTDA; 10.405.299/0001-18;RUA RUI BARBOSA;4499;;SAO JOAQUIM;64002-180;GASOLINA;29/04/2026;6,79;;R$ / litro;SABBÁ
NE;PI;TERESINA;POSTO MAIS SAO JOAQUIM LTDA; 10.405.299/0001-18;RUA RUI BARBOSA;4499;;SAO JOAQUIM;64002-180;ETANOL;29/04/2026;4,95;;R$ / litro;SABBÁ
NE;PI;TERESINA;CACIQUE PETROLEO LTDA; 06.656.656/0020-06;AVENIDA DEPUTADO PAULO FERRAZ;2907;;SAO RAIMUNDO;64075-005;GASOLINA;28/04/2026;6,69;;R$ / litro;IPIRANGA
NE;PI;TERESINA;CACIQUE PETROLEO LTDA; 06.656.656/0020-06;AVENIDA DEPUTADO PAULO FERRAZ;2907;;SAO RAIMUNDO;64075-005;GASOLINA ADITIVADA;28/04/2026;7,19;;R$ / litro;IPIRANGA
NE;PI;TERESINA;CACIQUE PETROLEO LTDA; 06.656.656/0020-06;AVENIDA DEPUTADO PAULO FERRAZ;2907;;SAO RAIMUNDO;64075-005;DIESEL;28/04/2026;7,59;;R$ / litro;IPIRANGA
NE;PI;TERESINA;CACIQUE PETROLEO LTDA; 06.656.656/0020-06;AVENIDA DEPUTADO PAULO FERRAZ;2907;;SAO RAIMUNDO;64075-005;DIESEL S10;28/04/2026;7,69;;R$ / litro;IPIRANGA
NE;PI;TERESINA;CACIQUE PETROLEO LTDA; 06.656.656/0020-06;AVENIDA DEPUTADO PAULO FERRAZ;2907;;SAO RAIMUNDO;64075-005;ETANOL;28/04/2026;4,99;;R$ / litro;IPIRANGA
NE;PI;TERESINA;CACIQUE PETROLEO LTDA; 06.656.656/0021-97;AVENIDA PREFEITO WALL FERRAZ;15900;;ANGELIM;64040-840;GASOLINA;30/04/2026;6,99;;R$ / litro;IPIRANGA
NE;PI;TERESINA;CACIQUE PETROLEO LTDA; 06.656.656/0021-97;AVENIDA PREFEITO WALL FERRAZ;15900;;ANGELIM;64040-840;DIESEL;30/04/2026;7,79;;R$ / litro;IPIRANGA
NE;PI;TERESINA;CACIQUE PETROLEO LTDA; 06.656.656/0021-97;AVENIDA PREFEITO WALL FERRAZ;15900;;ANGELIM;64040-840;DIESEL S10;30/04/2026;7,79;;R$ / litro;IPIRANGA
NE;PI;TERESINA;CACIQUE PETROLEO LTDA; 06.656.656/0021-97;AVENIDA PREFEITO WALL FERRAZ;15900;;ANGELIM;64040-840;ETANOL;30/04/2026;5,19;;R$ / litro;IPIRANGA
NE;PI;TERESINA;FELIPE BARTZ MACHADO LTDA; 15.219.109/0001-91;AVENIDA BARAO DE GURGUEIA;1328;SALA  01;VERMELHA;64018-290;GASOLINA;30/04/2026;6,49;;R$ / litro;VIBRA
NE;PI;TERESINA;FELIPE BARTZ MACHADO LTDA; 15.219.109/0001-91;AVENIDA BARAO DE GURGUEIA;1328;SALA  01;VERMELHA;64018-290;GASOLINA ADITIVADA;30/04/2026;6,89;;R$ / litro;VIBRA
NE;PI;TERESINA;FELIPE BARTZ MACHADO LTDA; 15.219.109/0001-91;AVENIDA BARAO DE GURGUEIA;1328;SALA  01;VERMELHA;64018-290;DIESEL;30/04/2026;6,99;;R$ / litro;VIBRA
NE;PI;TERESINA;FELIPE BARTZ MACHADO LTDA; 15.219.109/0001-91;AVENIDA BARAO DE GURGUEIA;1328;SALA  01;VERMELHA;64018-290;DIESEL S10;30/04/2026;7,09;;R$ / litro;VIBRA
NE;PI;TERESINA;FELIPE BARTZ MACHADO LTDA; 15.219.109/0001-91;AVENIDA BARAO DE GURGUEIA;1328;SALA  01;VERMELHA;64018-290;ETANOL;30/04/2026;4,99;;R$ / litro;VIBRA
NE;PI;TERESINA;PLANALTO PETROLEO MORADA NOVA LTDA; 12.303.585/0001-06;RUA QUINZE DE NOVEMBRO;4581;;LOURIVAL PARENTE;64022-350;GASOLINA;28/04/2026;6,65;;R$ / litro;VIBRA
NE;PI;TERESINA;PLANALTO PETROLEO MORADA NOVA LTDA; 12.303.585/0001-06;RUA QUINZE DE NOVEMBRO;4581;;LOURIVAL PARENTE;64022-350;GASOLINA ADITIVADA;28/04/2026;6,85;;R$ / litro;VIBRA
NE;PI;TERESINA;PLANALTO PETROLEO MORADA NOVA LTDA; 12.303.585/0001-06;RUA QUINZE DE NOVEMBRO;4581;;LOURIVAL PARENTE;64022-350;ETANOL;28/04/2026;4,89;;R$ / litro;VIBRA
NE;PI;TERESINA;MAXXI  COMBUSTIVEIS E DERIVADOS LTDA; 21.448.697/0001-38;RUA ALBERTO LEAL NUNES;5416;;LOURIVAL PARENTE;64023-450;GASOLINA;30/04/2026;6,66;;R$ / litro;BRANCA
NE;PI;TERESINA;MAXXI  COMBUSTIVEIS E DERIVADOS LTDA; 21.448.697/0001-38;RUA ALBERTO LEAL NUNES;5416;;LOURIVAL PARENTE;64023-450;DIESEL S10;30/04/2026;7,46;;R$ / litro;BRANCA
NE;PI;TERESINA;MAXXI  COMBUSTIVEIS E DERIVADOS LTDA; 21.448.697/0001-38;RUA ALBERTO LEAL NUNES;5416;;LOURIVAL PARENTE;64023-450;ETANOL;30/04/2026;4,96;;R$ / litro;BRANCA
NE;PI;TERESINA;POSTO MAIS TOTA LTDA; 24.247.615/0001-85;RUA RODRIGUES ALVES;2050;;LOURIVAL PARENTE;64023-320;GASOLINA;30/04/2026;6,66;;R$ / litro;IPIRANGA
NE;PI;TERESINA;POSTO MAIS TOTA LTDA; 24.247.615/0001-85;RUA RODRIGUES ALVES;2050;;LOURIVAL PARENTE;64023-320;GASOLINA ADITIVADA;30/04/2026;6,96;;R$ / litro;IPIRANGA
NE;PI;TERESINA;POSTO MAIS TOTA LTDA; 24.247.615/0001-85;RUA RODRIGUES ALVES;2050;;LOURIVAL PARENTE;64023-320;DIESEL S10;30/04/2026;7,44;;R$ / litro;IPIRANGA
NE;PI;TERESINA;POSTO MAIS TOTA LTDA; 24.247.615/0001-85;RUA RODRIGUES ALVES;2050;;LOURIVAL PARENTE;64023-320;ETANOL;30/04/2026;4,89;;R$ / litro;IPIRANGA
NE;PI;TERESINA;POSTO SUL COMERCIO DE COMBUSTIVEIS E LUBRIFICANTES LTDA; 19.126.955/0001-18;AVENIDA HENRY WALL DE CARVALHO;9689;;ANGELIM;64034-165;GASOLINA;30/04/2026;6,69;;R$ / litro;BRANCA
NE;PI;TERESINA;POSTO SUL COMERCIO DE COMBUSTIVEIS E LUBRIFICANTES LTDA; 19.126.955/0001-18;AVENIDA HENRY WALL DE CARVALHO;9689;;ANGELIM;64034-165;GASOLINA ADITIVADA;30/04/2026;6,79;;R$ / litro;BRANCA
NE;PI;TERESINA;POSTO SUL COMERCIO DE COMBUSTIVEIS E LUBRIFICANTES LTDA; 19.126.955/0001-18;AVENIDA HENRY WALL DE CARVALHO;9689;;ANGELIM;64034-165;DIESEL;30/04/2026;7,39;;R$ / litro;BRANCA
NE;PI;TERESINA;POSTO SUL COMERCIO DE COMBUSTIVEIS E LUBRIFICANTES LTDA; 19.126.955/0001-18;AVENIDA HENRY WALL DE CARVALHO;9689;;ANGELIM;64034-165;DIESEL S10;30/04/2026;7,79;;R$ / litro;BRANCA
NE;PI;TERESINA;POSTO SUL COMERCIO DE COMBUSTIVEIS E LUBRIFICANTES LTDA; 19.126.955/0001-18;AVENIDA HENRY WALL DE CARVALHO;9689;;ANGELIM;64034-165;ETANOL;30/04/2026;4,99;;R$ / litro;BRANCA
NE;PI;TERESINA;POSTO UCHOA LTDA; 24.966.843/0001-05;AVENIDA DOUTOR JOSUE DE MOURA SANTOS;2161;B;PEDRA MOLE;64066-430;GASOLINA;29/04/2026;6,68;;R$ / litro;IPIRANGA
NE;PI;TERESINA;POSTO UCHOA LTDA; 24.966.843/0001-05;AVENIDA DOUTOR JOSUE DE MOURA SANTOS;2161;B;PEDRA MOLE;64066-430;GASOLINA ADITIVADA;29/04/2026;7,09;;R$ / litro;IPIRANGA
NE;PI;TERESINA;POSTO UCHOA LTDA; 24.966.843/0001-05;AVENIDA DOUTOR JOSUE DE MOURA SANTOS;2161;B;PEDRA MOLE;64066-430;DIESEL;29/04/2026;7,99;;R$ / litro;IPIRANGA
NE;PI;TERESINA;POSTO UCHOA LTDA; 24.966.843/0001-05;AVENIDA DOUTOR JOSUE DE MOURA SANTOS;2161;B;PEDRA MOLE;64066-430;DIESEL S10;29/04/2026;7,99;;R$ / litro;IPIRANGA
NE;PI;TERESINA;POSTO UCHOA LTDA; 24.966.843/0001-05;AVENIDA DOUTOR JOSUE DE MOURA SANTOS;2161;B;PEDRA MOLE;64066-430;ETANOL;29/04/2026;4,96;;R$ / litro;IPIRANGA
NE;PI;TERESINA;BARBOSA & NUNES LTDA; 08.956.319/0001-05;RUA IVAN TITO DE OLIVEIRA;2090;;LOURIVAL PARENTE;64023-500;DIESEL;28/04/2026;7,44;;R$ / litro;BRANCA
NE;PI;TERESINA;BARBOSA & NUNES LTDA; 08.956.319/0001-05;RUA IVAN TITO DE OLIVEIRA;2090;;LOURIVAL PARENTE;64023-500;DIESEL S10;28/04/2026;7,46;;R$ / litro;BRANCA
NE;PI;TERESINA;BARBOSA & NUNES LTDA; 08.956.319/0001-05;RUA IVAN TITO DE OLIVEIRA;2090;;LOURIVAL PARENTE;64023-500;ETANOL;28/04/2026;4,89;;R$ / litro;BRANCA
NE;PI;TERESINA;BARBOSA & NUNES LTDA; 08.956.319/0001-05;RUA IVAN TITO DE OLIVEIRA;2090;;LOURIVAL PARENTE;64023-500;GASOLINA;28/04/2026;6,66;;R$ / litro;BRANCA
NE;PI;TERESINA;BARBOSA & NUNES LTDA; 08.956.319/0001-05;RUA IVAN TITO DE OLIVEIRA;2090;;LOURIVAL PARENTE;64023-500;GASOLINA ADITIVADA;28/04/2026;6,76;;R$ / litro;BRANCA
NE;PI;TERESINA;CACIQUE PETROLEO LTDA; 06.656.656/0033-20;AVENIDA JOAO XXIII;805;;NOIVOS;64045-000;GASOLINA;28/04/2026;6,79;;R$ / litro;SABBÁ
NE;PI;TERESINA;CACIQUE PETROLEO LTDA; 06.656.656/0033-20;AVENIDA JOAO XXIII;805;;NOIVOS;64045-000;GASOLINA ADITIVADA;28/04/2026;7,09;;R$ / litro;SABBÁ
NE;PI;TERESINA;CACIQUE PETROLEO LTDA; 06.656.656/0033-20;AVENIDA JOAO XXIII;805;;NOIVOS;64045-000;DIESEL S10;28/04/2026;7,89;;R$ / litro;SABBÁ
NE;PI;TERESINA;CACIQUE PETROLEO LTDA; 06.656.656/0033-20;AVENIDA JOAO XXIII;805;;NOIVOS;64045-000;ETANOL;28/04/2026;4,99;;R$ / litro;SABBÁ
NE;PI;TERESINA;POSTO JOIA LTDA; 08.965.723/0001-37;RUA ENGENHEIRO ALVES DE NORONHA;5102;;BUENOS AIRES;64008-400;GASOLINA;06/05/2026;6,67;;R$ / litro;SABBÁ
NE;PI;TERESINA;POSTO JOIA LTDA; 08.965.723/0001-37;RUA ENGENHEIRO ALVES DE NORONHA;5102;;BUENOS AIRES;64008-400;ETANOL;06/05/2026;4,99;;R$ / litro;SABBÁ
NE;PI;TERESINA;POSTO HOMERO CASTELO BRANCO LTDA; 08.596.605/0001-07;AVENIDA TOMAZ DE AREA LEAO;2563;;ININGA;64048-600;GASOLINA;05/05/2026;6,69;;R$ / litro;VIBRA
NE;PI;TERESINA;POSTO HOMERO CASTELO BRANCO LTDA; 08.596.605/0001-07;AVENIDA TOMAZ DE AREA LEAO;2563;;ININGA;64048-600;GASOLINA ADITIVADA;05/05/2026;6,89;;R$ / litro;VIBRA
NE;PI;TERESINA;POSTO HOMERO CASTELO BRANCO LTDA; 08.596.605/0001-07;AVENIDA TOMAZ DE AREA LEAO;2563;;ININGA;64048-600;ETANOL;05/05/2026;4,99;;R$ / litro;VIBRA
NE;PI;TERESINA;PN PETROLEO LTDA.; 06.331.431/0001-17;RUA MUNDINHO FERRAZ;3225;;SAO CRISTOVAO;64055-330;GASOLINA;07/05/2026;6,67;;R$ / litro;BRANCA
NE;PI;TERESINA;PN PETROLEO LTDA.; 06.331.431/0001-17;RUA MUNDINHO FERRAZ;3225;;SAO CRISTOVAO;64055-330;GASOLINA ADITIVADA;07/05/2026;6,67;;R$ / litro;BRANCA
NE;PI;TERESINA;PN PETROLEO LTDA.; 06.331.431/0001-17;RUA MUNDINHO FERRAZ;3225;;SAO CRISTOVAO;64055-330;DIESEL S10;07/05/2026;7,29;;R$ / litro;BRANCA
NE;PI;TERESINA;S P MAGALHAES EMPREENDIMENTOS LTDA; 10.978.518/0001-58;AVENIDA JOAO XXIII;1520;0;SÃO CRISTÓVÃO;64045-000;GASOLINA;04/05/2026;6,49;;R$ / litro;SABBÁ
NE;PI;TERESINA;S P MAGALHAES EMPREENDIMENTOS LTDA; 10.978.518/0001-58;AVENIDA JOAO XXIII;1520;0;SÃO CRISTÓVÃO;64045-000;GASOLINA ADITIVADA;04/05/2026;6,84;;R$ / litro;SABBÁ
NE;PI;TERESINA;S P MAGALHAES EMPREENDIMENTOS LTDA; 10.978.518/0001-58;AVENIDA JOAO XXIII;1520;0;SÃO CRISTÓVÃO;64045-000;DIESEL S10;04/05/2026;7,89;;R$ / litro;SABBÁ
NE;PI;TERESINA;S P MAGALHAES EMPREENDIMENTOS LTDA; 10.978.518/0001-58;AVENIDA JOAO XXIII;1520;0;SÃO CRISTÓVÃO;64045-000;ETANOL;04/05/2026;4,99;;R$ / litro;SABBÁ
NE;PI;TERESINA;SAO FRANCISCO PETROLEO LTDA; 10.336.626/0001-27;AVENIDA FREI SERAFIM;2474;;CENTRO;64001-020;GASOLINA;04/05/2026;6,59;;R$ / litro;VIBRA
NE;PI;TERESINA;SAO FRANCISCO PETROLEO LTDA; 10.336.626/0001-27;AVENIDA FREI SERAFIM;2474;;CENTRO;64001-020;GASOLINA ADITIVADA;04/05/2026;6,89;;R$ / litro;VIBRA
NE;PI;TERESINA;SAO FRANCISCO PETROLEO LTDA; 10.336.626/0001-27;AVENIDA FREI SERAFIM;2474;;CENTRO;64001-020;DIESEL S10;04/05/2026;7,98;;R$ / litro;VIBRA
NE;PI;TERESINA;SAO FRANCISCO PETROLEO LTDA; 10.336.626/0001-27;AVENIDA FREI SERAFIM;2474;;CENTRO;64001-020;ETANOL;04/05/2026;4,88;;R$ / litro;VIBRA
NE;PI;TERESINA;CACIQUE PETROLEO LTDA; 06.656.656/0004-96;AVENIDA MIGUEL ROSA;3768;SUL;PICARRA;64001-973;GASOLINA;07/05/2026;6,79;;R$ / litro;VIBRA
NE;PI;TERESINA;CACIQUE PETROLEO LTDA; 06.656.656/0004-96;AVENIDA MIGUEL ROSA;3768;SUL;PICARRA;64001-973;GASOLINA ADITIVADA;07/05/2026;7,19;;R$ / litro;VIBRA
NE;PI;TERESINA;CACIQUE PETROLEO LTDA; 06.656.656/0004-96;AVENIDA MIGUEL ROSA;3768;SUL;PICARRA;64001-973;ETANOL;07/05/2026;4,99;;R$ / litro;VIBRA
NE;PI;TERESINA;CACIQUE PETROLEO LTDA; 06.656.656/0003-05;AVENIDA PRESIDENTE KENNEDY;1944;;SAO CRISTOVAO;64052-800;GASOLINA;04/05/2026;6,74;;R$ / litro;VIBRA
NE;PI;TERESINA;CACIQUE PETROLEO LTDA; 06.656.656/0003-05;AVENIDA PRESIDENTE KENNEDY;1944;;SAO CRISTOVAO;64052-800;GASOLINA ADITIVADA;04/05/2026;7,14;;R$ / litro;VIBRA
NE;PI;TERESINA;CACIQUE PETROLEO LTDA; 06.656.656/0003-05;AVENIDA PRESIDENTE KENNEDY;1944;;SAO CRISTOVAO;64052-800;ETANOL;04/05/2026;4,99;;R$ / litro;VIBRA
NE;PI;TERESINA;CACIQUE PETROLEO LTDA; 06.656.656/0012-04;AVENIDA RUI BARBOSA;1662;;VILA OPERARIA;64076-410;GASOLINA;08/05/2026;6,79;;R$ / litro;VIBRA
NE;PI;TERESINA;CACIQUE PETROLEO LTDA; 06.656.656/0012-04;AVENIDA RUI BARBOSA;1662;;VILA OPERARIA;64076-410;GASOLINA ADITIVADA;08/05/2026;7,19;;R$ / litro;VIBRA
NE;PI;TERESINA;CACIQUE PETROLEO LTDA; 06.656.656/0012-04;AVENIDA RUI BARBOSA;1662;;VILA OPERARIA;64076-410;DIESEL S10;08/05/2026;7,69;;R$ / litro;VIBRA
NE;PI;TERESINA;CACIQUE PETROLEO LTDA; 06.656.656/0012-04;AVENIDA RUI BARBOSA;1662;;VILA OPERARIA;64076-410;ETANOL;08/05/2026;4,99;;R$ / litro;VIBRA
NE;PI;TERESINA;CACIQUE PETROLEO LTDA; 06.656.656/0002-24;AVENIDA MIGUEL ROSA;3833;SUL;PICARRA;64001-973;GASOLINA;07/05/2026;6,79;;R$ / litro;VIBRA
NE;PI;TERESINA;CACIQUE PETROLEO LTDA; 06.656.656/0002-24;AVENIDA MIGUEL ROSA;3833;SUL;PICARRA;64001-973;GASOLINA ADITIVADA;07/05/2026;7,19;;R$ / litro;VIBRA
NE;PI;TERESINA;CACIQUE PETROLEO LTDA; 06.656.656/0002-24;AVENIDA MIGUEL ROSA;3833;SUL;PICARRA;64001-973;ETANOL;07/05/2026;4,99;;R$ / litro;VIBRA
NE;PI;TERESINA;MIRANTE PETROLEO LTDA; 03.612.498/0001-31;AVENIDA PRESIDENTE KENNEDY;5779;;MORROS;64062-100;GASOLINA;05/05/2026;6,67;;R$ / litro;IPIRANGA
NE;PI;TERESINA;MIRANTE PETROLEO LTDA; 03.612.498/0001-31;AVENIDA PRESIDENTE KENNEDY;5779;;MORROS;64062-100;DIESEL;05/05/2026;7,29;;R$ / litro;IPIRANGA
NE;PI;TERESINA;MIRANTE PETROLEO LTDA; 03.612.498/0001-31;AVENIDA PRESIDENTE KENNEDY;5779;;MORROS;64062-100;DIESEL S10;05/05/2026;7,39;;R$ / litro;IPIRANGA
NE;PI;TERESINA;MIRANTE PETROLEO LTDA; 03.612.498/0001-31;AVENIDA PRESIDENTE KENNEDY;5779;;MORROS;64062-100;ETANOL;05/05/2026;4,87;;R$ / litro;IPIRANGA
NE;PI;TERESINA;JUNCO COMERCIAL LTDA; 02.760.727/0001-00;RUA JOAQUIM NELSON;2121;;PARQUE IDEAL;64078-625;GASOLINA;05/05/2026;6,59;;R$ / litro;VIBRA
NE;PI;TERESINA;JUNCO COMERCIAL LTDA; 02.760.727/0001-00;RUA JOAQUIM NELSON;2121;;PARQUE IDEAL;64078-625;GASOLINA ADITIVADA;05/05/2026;6,79;;R$ / litro;VIBRA
NE;PI;TERESINA;JUNCO COMERCIAL LTDA; 02.760.727/0001-00;RUA JOAQUIM NELSON;2121;;PARQUE IDEAL;64078-625;DIESEL S10;05/05/2026;7,39;;R$ / litro;VIBRA
NE;PI;TERESINA;JUNCO COMERCIAL LTDA; 02.760.727/0001-00;RUA JOAQUIM NELSON;2121;;PARQUE IDEAL;64078-625;ETANOL;05/05/2026;5,09;;R$ / litro;VIBRA
NE;PI;TERESINA;MOURA SOUSA E BONFIM LTDA; 01.416.988/0001-37;RODOVIA BR 343 KM 10;S/N;;RODOVIA;64045-970;GASOLINA;08/05/2026;6,59;;R$ / litro;ALE
NE;PI;TERESINA;MOURA SOUSA E BONFIM LTDA; 01.416.988/0001-37;RODOVIA BR 343 KM 10;S/N;;RODOVIA;64045-970;GASOLINA ADITIVADA;08/05/2026;6,99;;R$ / litro;ALE
NE;PI;TERESINA;MOURA SOUSA E BONFIM LTDA; 01.416.988/0001-37;RODOVIA BR 343 KM 10;S/N;;RODOVIA;64045-970;DIESEL;08/05/2026;7,09;;R$ / litro;ALE
NE;PI;TERESINA;MOURA SOUSA E BONFIM LTDA; 01.416.988/0001-37;RODOVIA BR 343 KM 10;S/N;;RODOVIA;64045-970;DIESEL S10;08/05/2026;7,19;;R$ / litro;ALE
NE;PI;TERESINA;MOURA SOUSA E BONFIM LTDA; 01.416.988/0001-37;RODOVIA BR 343 KM 10;S/N;;RODOVIA;64045-970;ETANOL;08/05/2026;5,07;;R$ / litro;ALE
NE;PI;TERESINA;FCN.X CARVALHO COMBUSTIVEL LTDA; 09.641.208/0001-64;AVENIDA HOMERO CASTELO BRANCO;630;SALA  C;SAO CRISTOVAO;64048-400;GASOLINA;04/05/2026;6,69;;R$ / litro;VIBRA
NE;PI;TERESINA;FCN.X CARVALHO COMBUSTIVEL LTDA; 09.641.208/0001-64;AVENIDA HOMERO CASTELO BRANCO;630;SALA  C;SAO CRISTOVAO;64048-400;GASOLINA ADITIVADA;04/05/2026;6,99;;R$ / litro;VIBRA
NE;PI;TERESINA;FCN.X CARVALHO COMBUSTIVEL LTDA; 09.641.208/0001-64;AVENIDA HOMERO CASTELO BRANCO;630;SALA  C;SAO CRISTOVAO;64048-400;ETANOL;04/05/2026;4,99;;R$ / litro;VIBRA
NE;PI;TERESINA;SAO FRANCISCO PETROLEO LTDA; 10.336.626/0002-08;AVENIDA PREF WALL FERRAZ;4570;;LOURIVAL PARENTE;64022-145;GASOLINA;07/05/2026;6,58;;R$ / litro;BRANCA
NE;PI;TERESINA;SAO FRANCISCO PETROLEO LTDA; 10.336.626/0002-08;AVENIDA PREF WALL FERRAZ;4570;;LOURIVAL PARENTE;64022-145;DIESEL S10;07/05/2026;7,09;;R$ / litro;BRANCA
NE;PI;TERESINA;SAO FRANCISCO PETROLEO LTDA; 10.336.626/0002-08;AVENIDA PREF WALL FERRAZ;4570;;LOURIVAL PARENTE;64022-145;ETANOL;07/05/2026;4,79;;R$ / litro;BRANCA
NE;PI;TERESINA;JUNCO COMERCIAL LTDA; 02.760.727/0002-83;AVENIDA MARANHAO;900;;CENTRO/N;64000-010;GASOLINA;06/05/2026;6,64;;R$ / litro;VIBRA
NE;PI;TERESINA;JUNCO COMERCIAL LTDA; 02.760.727/0002-83;AVENIDA MARANHAO;900;;CENTRO/N;64000-010;GASOLINA ADITIVADA;06/05/2026;6,99;;R$ / litro;VIBRA
NE;PI;TERESINA;JUNCO COMERCIAL LTDA; 02.760.727/0002-83;AVENIDA MARANHAO;900;;CENTRO/N;64000-010;DIESEL S10;06/05/2026;7,54;;R$ / litro;VIBRA
NE;PI;TERESINA;JUNCO COMERCIAL LTDA; 02.760.727/0002-83;AVENIDA MARANHAO;900;;CENTRO/N;64000-010;ETANOL;06/05/2026;4,99;;R$ / litro;VIBRA
NE;PI;TERESINA;POSTO CERTO LTDA; 08.610.754/0002-56;AVENIDA DEPUTADO PAULO FERRAZ;1771;;BEIRA RIO;64075-535;GASOLINA;06/05/2026;6,69;;R$ / litro;SABBÁ
NE;PI;TERESINA;POSTO CERTO LTDA; 08.610.754/0002-56;AVENIDA DEPUTADO PAULO FERRAZ;1771;;BEIRA RIO;64075-535;DIESEL;06/05/2026;7,59;;R$ / litro;SABBÁ
NE;PI;TERESINA;POSTO CERTO LTDA; 08.610.754/0002-56;AVENIDA DEPUTADO PAULO FERRAZ;1771;;BEIRA RIO;64075-535;DIESEL S10;06/05/2026;7,69;;R$ / litro;SABBÁ
NE;PI;TERESINA;POSTO CERTO LTDA; 08.610.754/0002-56;AVENIDA DEPUTADO PAULO FERRAZ;1771;;BEIRA RIO;64075-535;ETANOL;06/05/2026;4,99;;R$ / litro;SABBÁ
NE;PI;TERESINA;POSTO FLEX COMBUSTIVEIS LTDA; 10.948.874/0001-29;AVENIDA PRESIDENTE KENNEDY;5200;/B;MORROS;64062-100;GASOLINA;05/05/2026;6,67;;R$ / litro;BRANCA
NE;PI;TERESINA;POSTO FLEX COMBUSTIVEIS LTDA; 10.948.874/0001-29;AVENIDA PRESIDENTE KENNEDY;5200;/B;MORROS;64062-100;DIESEL S10;05/05/2026;7,29;;R$ / litro;BRANCA
NE;PI;TERESINA;POSTO FLEX COMBUSTIVEIS LTDA; 10.948.874/0001-29;AVENIDA PRESIDENTE KENNEDY;5200;/B;MORROS;64062-100;ETANOL;05/05/2026;4,87;;R$ / litro;BRANCA
NE;PI;TERESINA;CACIQUE PETROLEO LTDA; 06.656.656/0019-72;AVENIDA LINDOLFO MONTEIRO;990;;FATIMA;64049-440;GASOLINA;04/05/2026;6,99;;R$ / litro;VIBRA
NE;PI;TERESINA;CACIQUE PETROLEO LTDA; 06.656.656/0019-72;AVENIDA LINDOLFO MONTEIRO;990;;FATIMA;64049-440;GASOLINA ADITIVADA;04/05/2026;7,39;;R$ / litro;VIBRA
NE;PI;TERESINA;CACIQUE PETROLEO LTDA; 06.656.656/0019-72;AVENIDA LINDOLFO MONTEIRO;990;;FATIMA;64049-440;DIESEL;04/05/2026;7,49;;R$ / litro;VIBRA
NE;PI;TERESINA;CACIQUE PETROLEO LTDA; 06.656.656/0019-72;AVENIDA LINDOLFO MONTEIRO;990;;FATIMA;64049-440;ETANOL;04/05/2026;5,09;;R$ / litro;VIBRA
NE;PI;TERESINA;POSTO MAIS SAO JOAQUIM LTDA; 10.405.299/0001-18;RUA RUI BARBOSA;4499;;SAO JOAQUIM;64002-180;GASOLINA;06/05/2026;6,79;;R$ / litro;SABBÁ
NE;PI;TERESINA;POSTO MAIS SAO JOAQUIM LTDA; 10.405.299/0001-18;RUA RUI BARBOSA;4499;;SAO JOAQUIM;64002-180;DIESEL S10;06/05/2026;7,39;;R$ / litro;SABBÁ
NE;PI;TERESINA;POSTO MAIS SAO JOAQUIM LTDA; 10.405.299/0001-18;RUA RUI BARBOSA;4499;;SAO JOAQUIM;64002-180;ETANOL;06/05/2026;4,95;;R$ / litro;SABBÁ
NE;PI;TERESINA;PLANALTO PETROLEO MORADA NOVA LTDA; 12.303.585/0001-06;RUA QUINZE DE NOVEMBRO;4581;;LOURIVAL PARENTE;64022-350;GASOLINA;07/05/2026;6,64;;R$ / litro;VIBRA
NE;PI;TERESINA;PLANALTO PETROLEO MORADA NOVA LTDA; 12.303.585/0001-06;RUA QUINZE DE NOVEMBRO;4581;;LOURIVAL PARENTE;64022-350;GASOLINA ADITIVADA;07/05/2026;6,84;;R$ / litro;VIBRA
NE;PI;TERESINA;PLANALTO PETROLEO MORADA NOVA LTDA; 12.303.585/0001-06;RUA QUINZE DE NOVEMBRO;4581;;LOURIVAL PARENTE;64022-350;ETANOL;07/05/2026;4,84;;R$ / litro;VIBRA
NE;PI;TERESINA;CACIQUE PETROLEO LTDA; 06.656.656/0022-78;AVENIDA DEPUTADO PAULO FERRAZ;1910;;TANCREDO NEVES;64076-005;GASOLINA;07/05/2026;6,79;;R$ / litro;IPIRANGA
NE;PI;TERESINA;CACIQUE PETROLEO LTDA; 06.656.656/0022-78;AVENIDA DEPUTADO PAULO FERRAZ;1910;;TANCREDO NEVES;64076-005;GASOLINA ADITIVADA;07/05/2026;7,19;;R$ / litro;IPIRANGA
NE;PI;TERESINA;CACIQUE PETROLEO LTDA; 06.656.656/0022-78;AVENIDA DEPUTADO PAULO FERRAZ;1910;;TANCREDO NEVES;64076-005;DIESEL;07/05/2026;7,59;;R$ / litro;IPIRANGA
NE;PI;TERESINA;CACIQUE PETROLEO LTDA; 06.656.656/0022-78;AVENIDA DEPUTADO PAULO FERRAZ;1910;;TANCREDO NEVES;64076-005;DIESEL S10;07/05/2026;7,69;;R$ / litro;IPIRANGA
NE;PI;TERESINA;CACIQUE PETROLEO LTDA; 06.656.656/0022-78;AVENIDA DEPUTADO PAULO FERRAZ;1910;;TANCREDO NEVES;64076-005;ETANOL;07/05/2026;4,99;;R$ / litro;IPIRANGA
NE;PI;TERESINA;PLANALTO PETROLEO UNIAO LTDA; 21.992.964/0001-33;AVENIDA UNIAO;2261;;MEMORARE;64009-500;GASOLINA;06/05/2026;6,64;;R$ / litro;IPIRANGA
NE;PI;TERESINA;PLANALTO PETROLEO UNIAO LTDA; 21.992.964/0001-33;AVENIDA UNIAO;2261;;MEMORARE;64009-500;GASOLINA ADITIVADA;06/05/2026;6,99;;R$ / litro;IPIRANGA
NE;PI;TERESINA;PLANALTO PETROLEO UNIAO LTDA; 21.992.964/0001-33;AVENIDA UNIAO;2261;;MEMORARE;64009-500;DIESEL S10;06/05/2026;7,29;;R$ / litro;IPIRANGA
NE;PI;TERESINA;PLANALTO PETROLEO UNIAO LTDA; 21.992.964/0001-33;AVENIDA UNIAO;2261;;MEMORARE;64009-500;ETANOL;06/05/2026;4,89;;R$ / litro;IPIRANGA
NE;PI;TERESINA;MAXXI  COMBUSTIVEIS E DERIVADOS LTDA; 21.448.697/0001-38;RUA ALBERTO LEAL NUNES;5416;;LOURIVAL PARENTE;64023-450;GASOLINA;07/05/2026;6,64;;R$ / litro;BRANCA
NE;PI;TERESINA;MAXXI  COMBUSTIVEIS E DERIVADOS LTDA; 21.448.697/0001-38;RUA ALBERTO LEAL NUNES;5416;;LOURIVAL PARENTE;64023-450;DIESEL;07/05/2026;7,44;;R$ / litro;BRANCA
NE;PI;TERESINA;MAXXI  COMBUSTIVEIS E DERIVADOS LTDA; 21.448.697/0001-38;RUA ALBERTO LEAL NUNES;5416;;LOURIVAL PARENTE;64023-450;ETANOL;07/05/2026;4,84;;R$ / litro;BRANCA
NE;PI;TERESINA;POSTO MARTINEZ LTDA - ME; 02.992.818/0001-63;AVENIDA ANTONIO OLIVEIRA;61;;GURUPI;64091-400;GASOLINA;08/05/2026;6,79;;R$ / litro;IPIRANGA
NE;PI;TERESINA;POSTO MARTINEZ LTDA - ME; 02.992.818/0001-63;AVENIDA ANTONIO OLIVEIRA;61;;GURUPI;64091-400;GASOLINA ADITIVADA;08/05/2026;7,09;;R$ / litro;IPIRANGA
NE;PI;TERESINA;POSTO MARTINEZ LTDA - ME; 02.992.818/0001-63;AVENIDA ANTONIO OLIVEIRA;61;;GURUPI;64091-400;ETANOL;08/05/2026;5,29;;R$ / litro;IPIRANGA
NE;PI;TERESINA;POSTO MAIS TOTA LTDA; 24.247.615/0001-85;RUA RODRIGUES ALVES;2050;;LOURIVAL PARENTE;64023-320;GASOLINA;07/05/2026;6,66;;R$ / litro;IPIRANGA
NE;PI;TERESINA;POSTO MAIS TOTA LTDA; 24.247.615/0001-85;RUA RODRIGUES ALVES;2050;;LOURIVAL PARENTE;64023-320;GASOLINA ADITIVADA;07/05/2026;6,96;;R$ / litro;IPIRANGA
NE;PI;TERESINA;POSTO MAIS TOTA LTDA; 24.247.615/0001-85;RUA RODRIGUES ALVES;2050;;LOURIVAL PARENTE;64023-320;DIESEL S10;07/05/2026;7,44;;R$ / litro;IPIRANGA
NE;PI;TERESINA;POSTO MAIS TOTA LTDA; 24.247.615/0001-85;RUA RODRIGUES ALVES;2050;;LOURIVAL PARENTE;64023-320;ETANOL;07/05/2026;4,89;;R$ / litro;IPIRANGA
NE;PI;TERESINA;COMERCIO CARVALHO LTDA; 06.511.885/0013-03;RUA JERUMENHA;4590;LETRA A;BUENOS AIRES;64008-300;GASOLINA;06/05/2026;6,89;;R$ / litro;VIBRA
NE;PI;TERESINA;COMERCIO CARVALHO LTDA; 06.511.885/0013-03;RUA JERUMENHA;4590;LETRA A;BUENOS AIRES;64008-300;GASOLINA ADITIVADA;06/05/2026;7,15;;R$ / litro;VIBRA
NE;PI;TERESINA;COMERCIO CARVALHO LTDA; 06.511.885/0013-03;RUA JERUMENHA;4590;LETRA A;BUENOS AIRES;64008-300;DIESEL S10;06/05/2026;7,69;;R$ / litro;VIBRA
NE;PI;TERESINA;COMERCIO CARVALHO LTDA; 06.511.885/0013-03;RUA JERUMENHA;4590;LETRA A;BUENOS AIRES;64008-300;ETANOL;06/05/2026;5,19;;R$ / litro;VIBRA
NE;PI;TERESINA;BARBOSA & NUNES LTDA; 08.956.319/0001-05;RUA IVAN TITO DE OLIVEIRA;2090;;LOURIVAL PARENTE;64023-500;GASOLINA;07/05/2026;6,64;;R$ / litro;BRANCA
NE;PI;TERESINA;BARBOSA & NUNES LTDA; 08.956.319/0001-05;RUA IVAN TITO DE OLIVEIRA;2090;;LOURIVAL PARENTE;64023-500;GASOLINA ADITIVADA;07/05/2026;6,74;;R$ / litro;BRANCA
NE;PI;TERESINA;BARBOSA & NUNES LTDA; 08.956.319/0001-05;RUA IVAN TITO DE OLIVEIRA;2090;;LOURIVAL PARENTE;64023-500;DIESEL;07/05/2026;7,42;;R$ / litro;BRANCA
NE;PI;TERESINA;BARBOSA & NUNES LTDA; 08.956.319/0001-05;RUA IVAN TITO DE OLIVEIRA;2090;;LOURIVAL PARENTE;64023-500;DIESEL S10;07/05/2026;7,44;;R$ / litro;BRANCA
NE;PI;TERESINA;BARBOSA & NUNES LTDA; 08.956.319/0001-05;RUA IVAN TITO DE OLIVEIRA;2090;;LOURIVAL PARENTE;64023-500;ETANOL;07/05/2026;4,84;;R$ / litro;BRANCA
NE;PI;TERESINA;POSTO DE COMBUSTIVEL AGUIA LTDA; 28.985.753/0001-12;AVENIDA HOMERO CASTELO BRANCO;2101;LETRA A;FATIMA;64049-505;GASOLINA;04/05/2026;6,79;;R$ / litro;IPIRANGA
NE;PI;TERESINA;POSTO DE COMBUSTIVEL AGUIA LTDA; 28.985.753/0001-12;AVENIDA HOMERO CASTELO BRANCO;2101;LETRA A;FATIMA;64049-505;GASOLINA ADITIVADA;04/05/2026;6,99;;R$ / litro;IPIRANGA
NE;PI;TERESINA;POSTO DE COMBUSTIVEL AGUIA LTDA; 28.985.753/0001-12;AVENIDA HOMERO CASTELO BRANCO;2101;LETRA A;FATIMA;64049-505;DIESEL S10;04/05/2026;7,89;;R$ / litro;IPIRANGA
NE;PI;TERESINA;POSTO DE COMBUSTIVEL AGUIA LTDA; 28.985.753/0001-12;AVENIDA HOMERO CASTELO BRANCO;2101;LETRA A;FATIMA;64049-505;ETANOL;04/05/2026;4,99;;R$ / litro;IPIRANGA
NE;PI;TERESINA;JESUS JOSE NOGUEIRA JUNIOR LTDA; 38.635.568/0001-51;AVENIDA SENADOR AREA LEAO;2140;;SAO CRISTOVAO;64051-090;GASOLINA;04/05/2026;6,69;;R$ / litro;VIBRA
NE;PI;TERESINA;JESUS JOSE NOGUEIRA JUNIOR LTDA; 38.635.568/0001-51;AVENIDA SENADOR AREA LEAO;2140;;SAO CRISTOVAO;64051-090;GASOLINA ADITIVADA;04/05/2026;6,99;;R$ / litro;VIBRA
NE;PI;TERESINA;JESUS JOSE NOGUEIRA JUNIOR LTDA; 38.635.568/0001-51;AVENIDA SENADOR AREA LEAO;2140;;SAO CRISTOVAO;64051-090;DIESEL S10;04/05/2026;7,99;;R$ / litro;VIBRA
NE;PI;TERESINA;JESUS JOSE NOGUEIRA JUNIOR LTDA; 38.635.568/0001-51;AVENIDA SENADOR AREA LEAO;2140;;SAO CRISTOVAO;64051-090;ETANOL;04/05/2026;5,10;;R$ / litro;VIBRA
NE;PI;TERESINA;PN PETROLEO LTDA.; 06.331.431/0001-17;RUA MUNDINHO FERRAZ;3225;;SAO CRISTOVAO;64055-330;GASOLINA;14/05/2026;6,67;;R$ / litro;BRANCA
NE;PI;TERESINA;PN PETROLEO LTDA.; 06.331.431/0001-17;RUA MUNDINHO FERRAZ;3225;;SAO CRISTOVAO;64055-330;GASOLINA ADITIVADA;14/05/2026;6,67;;R$ / litro;BRANCA
NE;PI;TERESINA;PN PETROLEO LTDA.; 06.331.431/0001-17;RUA MUNDINHO FERRAZ;3225;;SAO CRISTOVAO;64055-330;DIESEL S10;14/05/2026;7,29;;R$ / litro;BRANCA
NE;PI;TERESINA;HD PETROLEO USINA LTDA; 05.510.040/0001-05;AVENIDA PROFESSOR CAMILO FILHO;8200;;SAO SEBASTIAO;64085-338;GASOLINA;12/05/2026;5,79;;R$ / litro;BRANCA
NE;PI;TERESINA;HD PETROLEO USINA LTDA; 05.510.040/0001-05;AVENIDA PROFESSOR CAMILO FILHO;8200;;SAO SEBASTIAO;64085-338;ETANOL;12/05/2026;4,34;;R$ / litro;BRANCA
NE;PI;TERESINA;S P MAGALHAES EMPREENDIMENTOS LTDA; 10.978.518/0001-58;AVENIDA JOAO XXIII;1520;0;SÃO CRISTÓVÃO;64045-000;GASOLINA;12/05/2026;6,49;;R$ / litro;SABBÁ
NE;PI;TERESINA;S P MAGALHAES EMPREENDIMENTOS LTDA; 10.978.518/0001-58;AVENIDA JOAO XXIII;1520;0;SÃO CRISTÓVÃO;64045-000;ETANOL;12/05/2026;5,09;;R$ / litro;SABBÁ
NE;PI;TERESINA;TRANSSERVICE PETROLEO LTDA; 02.927.004/0001-45;AVENIDA BARAO DE GURGUEIA;2300;;SAO PEDRO;64019-350;GASOLINA;14/05/2026;7,19;;R$ / litro;BRANCA
NE;PI;TERESINA;TRANSSERVICE PETROLEO LTDA; 02.927.004/0001-45;AVENIDA BARAO DE GURGUEIA;2300;;SAO PEDRO;64019-350;GASOLINA ADITIVADA;14/05/2026;7,19;;R$ / litro;BRANCA
NE;PI;TERESINA;TRANSSERVICE PETROLEO LTDA; 02.927.004/0001-45;AVENIDA BARAO DE GURGUEIA;2300;;SAO PEDRO;64019-350;DIESEL S10;14/05/2026;7,99;;R$ / litro;BRANCA
NE;PI;TERESINA;TRANSSERVICE PETROLEO LTDA; 02.927.004/0001-45;AVENIDA BARAO DE GURGUEIA;2300;;SAO PEDRO;64019-350;ETANOL;14/05/2026;4,99;;R$ / litro;BRANCA
NE;PI;TERESINA;NERIS E SAMPAIO LTDA; 41.272.725/0001-16;RODOVIA BR-343;SN;KM    336 ZONA RURAL;GURUPI;64091-210;GASOLINA;12/05/2026;6,59;;R$ / litro;BRANCA
NE;PI;TERESINA;NERIS E SAMPAIO LTDA; 41.272.725/0001-16;RODOVIA BR-343;SN;KM    336 ZONA RURAL;GURUPI;64091-210;GASOLINA ADITIVADA;12/05/2026;6,59;;R$ / litro;BRANCA
NE;PI;TERESINA;NERIS E SAMPAIO LTDA; 41.272.725/0001-16;RODOVIA BR-343;SN;KM    336 ZONA RURAL;GURUPI;64091-210;DIESEL;12/05/2026;7,19;;R$ / litro;BRANCA
NE;PI;TERESINA;NERIS E SAMPAIO LTDA; 41.272.725/0001-16;RODOVIA BR-343;SN;KM    336 ZONA RURAL;GURUPI;64091-210;DIESEL S10;12/05/2026;7,29;;R$ / litro;BRANCA
NE;PI;TERESINA;NERIS E SAMPAIO LTDA; 41.272.725/0001-16;RODOVIA BR-343;SN;KM    336 ZONA RURAL;GURUPI;64091-210;ETANOL;12/05/2026;4,85;;R$ / litro;BRANCA
NE;PI;TERESINA;SAO FRANCISCO PETROLEO LTDA; 10.336.626/0001-27;AVENIDA FREI SERAFIM;2474;;CENTRO;64001-020;GASOLINA;12/05/2026;6,56;;R$ / litro;VIBRA
NE;PI;TERESINA;SAO FRANCISCO PETROLEO LTDA; 10.336.626/0001-27;AVENIDA FREI SERAFIM;2474;;CENTRO;64001-020;GASOLINA ADITIVADA;12/05/2026;6,89;;R$ / litro;VIBRA
NE;PI;TERESINA;SAO FRANCISCO PETROLEO LTDA; 10.336.626/0001-27;AVENIDA FREI SERAFIM;2474;;CENTRO;64001-020;DIESEL S10;12/05/2026;7,98;;R$ / litro;VIBRA
NE;PI;TERESINA;SAO FRANCISCO PETROLEO LTDA; 10.336.626/0001-27;AVENIDA FREI SERAFIM;2474;;CENTRO;64001-020;ETANOL;12/05/2026;4,88;;R$ / litro;VIBRA
NE;PI;TERESINA;PIPEL-PICOS PETROLEO LTDA; 07.483.266/0005-05;AVENIDA PREF. WALL  FERRAZ;7420;;TRIUNFO;64000-010;GASOLINA;12/05/2026;6,68;;R$ / litro;VIBRA
NE;PI;TERESINA;PIPEL-PICOS PETROLEO LTDA; 07.483.266/0005-05;AVENIDA PREF. WALL  FERRAZ;7420;;TRIUNFO;64000-010;GASOLINA ADITIVADA;12/05/2026;6,83;;R$ / litro;VIBRA
NE;PI;TERESINA;PIPEL-PICOS PETROLEO LTDA; 07.483.266/0005-05;AVENIDA PREF. WALL  FERRAZ;7420;;TRIUNFO;64000-010;DIESEL;12/05/2026;6,97;;R$ / litro;VIBRA
NE;PI;TERESINA;PIPEL-PICOS PETROLEO LTDA; 07.483.266/0005-05;AVENIDA PREF. WALL  FERRAZ;7420;;TRIUNFO;64000-010;DIESEL S10;12/05/2026;7,29;;R$ / litro;VIBRA
NE;PI;TERESINA;CACIQUE PETROLEO LTDA; 06.656.656/0004-96;AVENIDA MIGUEL ROSA;3768;SUL;PICARRA;64001-973;GASOLINA;14/05/2026;6,79;;R$ / litro;VIBRA
NE;PI;TERESINA;CACIQUE PETROLEO LTDA; 06.656.656/0004-96;AVENIDA MIGUEL ROSA;3768;SUL;PICARRA;64001-973;GASOLINA ADITIVADA;14/05/2026;7,19;;R$ / litro;VIBRA
NE;PI;TERESINA;CACIQUE PETROLEO LTDA; 06.656.656/0004-96;AVENIDA MIGUEL ROSA;3768;SUL;PICARRA;64001-973;ETANOL;14/05/2026;4,99;;R$ / litro;VIBRA
NE;PI;TERESINA;CACIQUE PETROLEO LTDA; 06.656.656/0003-05;AVENIDA PRESIDENTE KENNEDY;1944;;SAO CRISTOVAO;64052-800;GASOLINA;11/05/2026;6,79;;R$ / litro;VIBRA
NE;PI;TERESINA;CACIQUE PETROLEO LTDA; 06.656.656/0003-05;AVENIDA PRESIDENTE KENNEDY;1944;;SAO CRISTOVAO;64052-800;GASOLINA ADITIVADA;11/05/2026;7,29;;R$ / litro;VIBRA
NE;PI;TERESINA;CACIQUE PETROLEO LTDA; 06.656.656/0003-05;AVENIDA PRESIDENTE KENNEDY;1944;;SAO CRISTOVAO;64052-800;ETANOL;11/05/2026;4,99;;R$ / litro;VIBRA
NE;PI;TERESINA;CACIQUE PETROLEO LTDA; 06.656.656/0002-24;AVENIDA MIGUEL ROSA;3833;SUL;PICARRA;64001-973;GASOLINA;14/05/2026;6,79;;R$ / litro;VIBRA
NE;PI;TERESINA;CACIQUE PETROLEO LTDA; 06.656.656/0002-24;AVENIDA MIGUEL ROSA;3833;SUL;PICARRA;64001-973;GASOLINA ADITIVADA;14/05/2026;7,19;;R$ / litro;VIBRA
NE;PI;TERESINA;CACIQUE PETROLEO LTDA; 06.656.656/0002-24;AVENIDA MIGUEL ROSA;3833;SUL;PICARRA;64001-973;ETANOL;14/05/2026;4,99;;R$ / litro;VIBRA
NE;PI;TERESINA;MIRANTE PETROLEO LTDA; 03.612.498/0001-31;AVENIDA PRESIDENTE KENNEDY;5779;;MORROS;64062-100;GASOLINA;13/05/2026;6,67;;R$ / litro;IPIRANGA
NE;PI;TERESINA;MIRANTE PETROLEO LTDA; 03.612.498/0001-31;AVENIDA PRESIDENTE KENNEDY;5779;;MORROS;64062-100;DIESEL;13/05/2026;7,29;;R$ / litro;IPIRANGA
NE;PI;TERESINA;MIRANTE PETROLEO LTDA; 03.612.498/0001-31;AVENIDA PRESIDENTE KENNEDY;5779;;MORROS;64062-100;DIESEL S10;13/05/2026;7,39;;R$ / litro;IPIRANGA
NE;PI;TERESINA;MIRANTE PETROLEO LTDA; 03.612.498/0001-31;AVENIDA PRESIDENTE KENNEDY;5779;;MORROS;64062-100;ETANOL;13/05/2026;4,87;;R$ / litro;IPIRANGA
NE;PI;TERESINA;CLEONICE FERREIRA SILVA; 03.171.610/0001-46;AVENIDA BARAO DE GURGUEIA;2635;;VERMELHA;64018-500;GASOLINA;14/05/2026;6,60;;R$ / litro;BRANCA
NE;PI;TERESINA;CLEONICE FERREIRA SILVA; 03.171.610/0001-46;AVENIDA BARAO DE GURGUEIA;2635;;VERMELHA;64018-500;DIESEL S10;14/05/2026;7,23;;R$ / litro;BRANCA
NE;PI;TERESINA;CLEONICE FERREIRA SILVA; 03.171.610/0001-46;AVENIDA BARAO DE GURGUEIA;2635;;VERMELHA;64018-500;ETANOL;14/05/2026;4,75;;R$ / litro;BRANCA
NE;PI;TERESINA;JUNCO COMERCIAL LTDA; 02.760.727/0001-00;RUA JOAQUIM NELSON;2121;;PARQUE IDEAL;64078-625;GASOLINA;11/05/2026;6,59;;R$ / litro;VIBRA
NE;PI;TERESINA;JUNCO COMERCIAL LTDA; 02.760.727/0001-00;RUA JOAQUIM NELSON;2121;;PARQUE IDEAL;64078-625;GASOLINA ADITIVADA;11/05/2026;6,79;;R$ / litro;VIBRA
NE;PI;TERESINA;JUNCO COMERCIAL LTDA; 02.760.727/0001-00;RUA JOAQUIM NELSON;2121;;PARQUE IDEAL;64078-625;DIESEL S10;11/05/2026;7,39;;R$ / litro;VIBRA
NE;PI;TERESINA;JUNCO COMERCIAL LTDA; 02.760.727/0001-00;RUA JOAQUIM NELSON;2121;;PARQUE IDEAL;64078-625;ETANOL;11/05/2026;4,99;;R$ / litro;VIBRA
NE;PI;TERESINA;MOURA SOUSA E BONFIM LTDA; 01.416.988/0001-37;RODOVIA BR 343 KM 10;S/N;;RODOVIA;64045-970;GASOLINA;12/05/2026;6,47;;R$ / litro;ALE
NE;PI;TERESINA;MOURA SOUSA E BONFIM LTDA; 01.416.988/0001-37;RODOVIA BR 343 KM 10;S/N;;RODOVIA;64045-970;GASOLINA ADITIVADA;12/05/2026;6,99;;R$ / litro;ALE
NE;PI;TERESINA;MOURA SOUSA E BONFIM LTDA; 01.416.988/0001-37;RODOVIA BR 343 KM 10;S/N;;RODOVIA;64045-970;DIESEL;12/05/2026;7,09;;R$ / litro;ALE
NE;PI;TERESINA;MOURA SOUSA E BONFIM LTDA; 01.416.988/0001-37;RODOVIA BR 343 KM 10;S/N;;RODOVIA;64045-970;DIESEL S10;12/05/2026;7,19;;R$ / litro;ALE
NE;PI;TERESINA;MOURA SOUSA E BONFIM LTDA; 01.416.988/0001-37;RODOVIA BR 343 KM 10;S/N;;RODOVIA;64045-970;ETANOL;12/05/2026;5,07;;R$ / litro;ALE
NE;PI;TERESINA;FCN.X CARVALHO COMBUSTIVEL LTDA; 09.641.208/0001-64;AVENIDA HOMERO CASTELO BRANCO;630;SALA  C;SAO CRISTOVAO;64048-400;GASOLINA;12/05/2026;6,79;;R$ / litro;VIBRA
NE;PI;TERESINA;FCN.X CARVALHO COMBUSTIVEL LTDA; 09.641.208/0001-64;AVENIDA HOMERO CASTELO BRANCO;630;SALA  C;SAO CRISTOVAO;64048-400;GASOLINA ADITIVADA;12/05/2026;7,09;;R$ / litro;VIBRA
NE;PI;TERESINA;POSTO CERTO LTDA; 08.610.754/0001-75;AVENIDA JOAO XXIII;2180;;NOIVOS;64045-000;GASOLINA;12/05/2026;6,59;;R$ / litro;SABBÁ
NE;PI;TERESINA;POSTO CERTO LTDA; 08.610.754/0001-75;AVENIDA JOAO XXIII;2180;;NOIVOS;64045-000;GASOLINA ADITIVADA;12/05/2026;6,84;;R$ / litro;SABBÁ
NE;PI;TERESINA;POSTO CERTO LTDA; 08.610.754/0001-75;AVENIDA JOAO XXIII;2180;;NOIVOS;64045-000;DIESEL S10;12/05/2026;7,59;;R$ / litro;SABBÁ
NE;PI;TERESINA;POSTO CERTO LTDA; 08.610.754/0001-75;AVENIDA JOAO XXIII;2180;;NOIVOS;64045-000;ETANOL;12/05/2026;4,99;;R$ / litro;SABBÁ
NE;PI;TERESINA;PLANALTO PETROLEO KM 7 LTDA; 10.887.489/0001-19;AVENIDA PREFEITO WALL FERRAZ;11133;;SANTO ANTONIO;64032-075;GASOLINA;12/05/2026;6,59;;R$ / litro;BRANCA
NE;PI;TERESINA;PLANALTO PETROLEO KM 7 LTDA; 10.887.489/0001-19;AVENIDA PREFEITO WALL FERRAZ;11133;;SANTO ANTONIO;64032-075;GASOLINA ADITIVADA;12/05/2026;6,99;;R$ / litro;BRANCA
NE;PI;TERESINA;PLANALTO PETROLEO KM 7 LTDA; 10.887.489/0001-19;AVENIDA PREFEITO WALL FERRAZ;11133;;SANTO ANTONIO;64032-075;DIESEL;12/05/2026;6,89;;R$ / litro;BRANCA
NE;PI;TERESINA;PLANALTO PETROLEO KM 7 LTDA; 10.887.489/0001-19;AVENIDA PREFEITO WALL FERRAZ;11133;;SANTO ANTONIO;64032-075;DIESEL S10;12/05/2026;7,19;;R$ / litro;BRANCA
NE;PI;TERESINA;PLANALTO PETROLEO KM 7 LTDA; 10.887.489/0001-19;AVENIDA PREFEITO WALL FERRAZ;11133;;SANTO ANTONIO;64032-075;ETANOL;12/05/2026;4,89;;R$ / litro;BRANCA
NE;PI;TERESINA;JUNCO COMERCIAL LTDA; 02.760.727/0002-83;AVENIDA MARANHAO;900;;CENTRO/N;64000-010;GASOLINA;13/05/2026;6,64;;R$ / litro;VIBRA
NE;PI;TERESINA;JUNCO COMERCIAL LTDA; 02.760.727/0002-83;AVENIDA MARANHAO;900;;CENTRO/N;64000-010;GASOLINA ADITIVADA;13/05/2026;6,99;;R$ / litro;VIBRA
NE;PI;TERESINA;JUNCO COMERCIAL LTDA; 02.760.727/0002-83;AVENIDA MARANHAO;900;;CENTRO/N;64000-010;ETANOL;13/05/2026;4,99;;R$ / litro;VIBRA
NE;PI;TERESINA;POSTO CERTO LTDA; 08.610.754/0002-56;AVENIDA DEPUTADO PAULO FERRAZ;1771;;BEIRA RIO;64075-535;GASOLINA;12/05/2026;6,69;;R$ / litro;SABBÁ
NE;PI;TERESINA;POSTO CERTO LTDA; 08.610.754/0002-56;AVENIDA DEPUTADO PAULO FERRAZ;1771;;BEIRA RIO;64075-535;DIESEL;12/05/2026;7,59;;R$ / litro;SABBÁ
NE;PI;TERESINA;POSTO CERTO LTDA; 08.610.754/0002-56;AVENIDA DEPUTADO PAULO FERRAZ;1771;;BEIRA RIO;64075-535;DIESEL S10;12/05/2026;7,69;;R$ / litro;SABBÁ
NE;PI;TERESINA;POSTO CERTO LTDA; 08.610.754/0002-56;AVENIDA DEPUTADO PAULO FERRAZ;1771;;BEIRA RIO;64075-535;ETANOL;12/05/2026;4,99;;R$ / litro;SABBÁ
NE;PI;TERESINA;CACIQUE PETROLEO LTDA; 06.656.656/0019-72;AVENIDA LINDOLFO MONTEIRO;990;;FATIMA;64049-440;GASOLINA;12/05/2026;6,99;;R$ / litro;VIBRA
NE;PI;TERESINA;CACIQUE PETROLEO LTDA; 06.656.656/0019-72;AVENIDA LINDOLFO MONTEIRO;990;;FATIMA;64049-440;GASOLINA ADITIVADA;12/05/2026;7,49;;R$ / litro;VIBRA
NE;PI;TERESINA;CACIQUE PETROLEO LTDA; 06.656.656/0019-72;AVENIDA LINDOLFO MONTEIRO;990;;FATIMA;64049-440;DIESEL;12/05/2026;7,89;;R$ / litro;VIBRA
NE;PI;TERESINA;CACIQUE PETROLEO LTDA; 06.656.656/0020-06;AVENIDA DEPUTADO PAULO FERRAZ;2907;;SAO RAIMUNDO;64075-005;GASOLINA;12/05/2026;6,79;;R$ / litro;IPIRANGA
NE;PI;TERESINA;CACIQUE PETROLEO LTDA; 06.656.656/0020-06;AVENIDA DEPUTADO PAULO FERRAZ;2907;;SAO RAIMUNDO;64075-005;GASOLINA ADITIVADA;12/05/2026;7,29;;R$ / litro;IPIRANGA
NE;PI;TERESINA;CACIQUE PETROLEO LTDA; 06.656.656/0020-06;AVENIDA DEPUTADO PAULO FERRAZ;2907;;SAO RAIMUNDO;64075-005;DIESEL;12/05/2026;7,59;;R$ / litro;IPIRANGA
NE;PI;TERESINA;CACIQUE PETROLEO LTDA; 06.656.656/0020-06;AVENIDA DEPUTADO PAULO FERRAZ;2907;;SAO RAIMUNDO;64075-005;DIESEL S10;12/05/2026;7,69;;R$ / litro;IPIRANGA
NE;PI;TERESINA;CACIQUE PETROLEO LTDA; 06.656.656/0020-06;AVENIDA DEPUTADO PAULO FERRAZ;2907;;SAO RAIMUNDO;64075-005;ETANOL;12/05/2026;4,99;;R$ / litro;IPIRANGA
NE;PI;TERESINA;IGUATEMI DISTRIBUIDORA LTDA; 03.072.068/0002-55;AVENIDA DOM SEVERINO;1498;;FATIMA;64049-375;GASOLINA;14/05/2026;6,65;;R$ / litro;BRANCA
NE;PI;TERESINA;IGUATEMI DISTRIBUIDORA LTDA; 03.072.068/0002-55;AVENIDA DOM SEVERINO;1498;;FATIMA;64049-375;GASOLINA ADITIVADA;14/05/2026;6,67;;R$ / litro;BRANCA
NE;PI;TERESINA;IGUATEMI DISTRIBUIDORA LTDA; 03.072.068/0002-55;AVENIDA DOM SEVERINO;1498;;FATIMA;64049-375;DIESEL S10;14/05/2026;7,49;;R$ / litro;BRANCA
NE;PI;TERESINA;IGUATEMI DISTRIBUIDORA LTDA; 03.072.068/0002-55;AVENIDA DOM SEVERINO;1498;;FATIMA;64049-375;ETANOL;14/05/2026;4,89;;R$ / litro;BRANCA
NE;PI;TERESINA;POSTO SANTO EXPEDITO PETROLEO LTDA; 18.325.275/0001-60;AVENIDA DEPUTADO PAULO FERRAZ;3321;;ITARARE;64078-005;GASOLINA;12/05/2026;6,59;;R$ / litro;BRANCA
NE;PI;TERESINA;POSTO SANTO EXPEDITO PETROLEO LTDA; 18.325.275/0001-60;AVENIDA DEPUTADO PAULO FERRAZ;3321;;ITARARE;64078-005;GASOLINA ADITIVADA;12/05/2026;5,59;;R$ / litro;BRANCA
NE;PI;TERESINA;POSTO SANTO EXPEDITO PETROLEO LTDA; 18.325.275/0001-60;AVENIDA DEPUTADO PAULO FERRAZ;3321;;ITARARE;64078-005;DIESEL;12/05/2026;7,19;;R$ / litro;BRANCA
NE;PI;TERESINA;POSTO SANTO EXPEDITO PETROLEO LTDA; 18.325.275/0001-60;AVENIDA DEPUTADO PAULO FERRAZ;3321;;ITARARE;64078-005;DIESEL S10;12/05/2026;7,29;;R$ / litro;BRANCA
NE;PI;TERESINA;CACIQUE PETROLEO LTDA; 06.656.656/0022-78;AVENIDA DEPUTADO PAULO FERRAZ;1910;;TANCREDO NEVES;64076-005;GASOLINA;11/05/2026;6,79;;R$ / litro;IPIRANGA
NE;PI;TERESINA;CACIQUE PETROLEO LTDA; 06.656.656/0022-78;AVENIDA DEPUTADO PAULO FERRAZ;1910;;TANCREDO NEVES;64076-005;GASOLINA ADITIVADA;11/05/2026;7,29;;R$ / litro;IPIRANGA
NE;PI;TERESINA;CACIQUE PETROLEO LTDA; 06.656.656/0022-78;AVENIDA DEPUTADO PAULO FERRAZ;1910;;TANCREDO NEVES;64076-005;DIESEL;11/05/2026;7,59;;R$ / litro;IPIRANGA
NE;PI;TERESINA;CACIQUE PETROLEO LTDA; 06.656.656/0022-78;AVENIDA DEPUTADO PAULO FERRAZ;1910;;TANCREDO NEVES;64076-005;DIESEL S10;11/05/2026;7,69;;R$ / litro;IPIRANGA
NE;PI;TERESINA;CACIQUE PETROLEO LTDA; 06.656.656/0022-78;AVENIDA DEPUTADO PAULO FERRAZ;1910;;TANCREDO NEVES;64076-005;ETANOL;11/05/2026;4,99;;R$ / litro;IPIRANGA
NE;PI;TERESINA;PLANALTO PETROLEO UNIAO LTDA; 21.992.964/0001-33;AVENIDA UNIAO;2261;;MEMORARE;64009-500;GASOLINA;13/05/2026;6,64;;R$ / litro;IPIRANGA
NE;PI;TERESINA;PLANALTO PETROLEO UNIAO LTDA; 21.992.964/0001-33;AVENIDA UNIAO;2261;;MEMORARE;64009-500;GASOLINA ADITIVADA;13/05/2026;6,69;;R$ / litro;IPIRANGA
NE;PI;TERESINA;PLANALTO PETROLEO UNIAO LTDA; 21.992.964/0001-33;AVENIDA UNIAO;2261;;MEMORARE;64009-500;DIESEL S10;13/05/2026;7,29;;R$ / litro;IPIRANGA
NE;PI;TERESINA;PLANALTO PETROLEO UNIAO LTDA; 21.992.964/0001-33;AVENIDA UNIAO;2261;;MEMORARE;64009-500;ETANOL;13/05/2026;4,89;;R$ / litro;IPIRANGA
NE;PI;TERESINA;POSTO MARTINEZ LTDA - ME; 02.992.818/0001-63;AVENIDA ANTONIO OLIVEIRA;61;;GURUPI;64091-400;GASOLINA;12/05/2026;6,89;;R$ / litro;IPIRANGA
NE;PI;TERESINA;POSTO MARTINEZ LTDA - ME; 02.992.818/0001-63;AVENIDA ANTONIO OLIVEIRA;61;;GURUPI;64091-400;GASOLINA ADITIVADA;12/05/2026;7,19;;R$ / litro;IPIRANGA
NE;PI;TERESINA;POSTO MARTINEZ LTDA - ME; 02.992.818/0001-63;AVENIDA ANTONIO OLIVEIRA;61;;GURUPI;64091-400;ETANOL;12/05/2026;5,29;;R$ / litro;IPIRANGA
NE;PI;TERESINA;COMERCIO CARVALHO LTDA; 06.511.885/0013-03;RUA JERUMENHA;4590;LETRA A;BUENOS AIRES;64008-300;GASOLINA;13/05/2026;6,89;;R$ / litro;VIBRA
NE;PI;TERESINA;COMERCIO CARVALHO LTDA; 06.511.885/0013-03;RUA JERUMENHA;4590;LETRA A;BUENOS AIRES;64008-300;GASOLINA ADITIVADA;13/05/2026;7,15;;R$ / litro;VIBRA
NE;PI;TERESINA;COMERCIO CARVALHO LTDA; 06.511.885/0013-03;RUA JERUMENHA;4590;LETRA A;BUENOS AIRES;64008-300;ETANOL;13/05/2026;5,19;;R$ / litro;VIBRA
NE;PI;TERESINA;POSTO MAIS GURUPI LTDA; 33.058.551/0001-65;AVENIDA DEPUTADO PAULO FERRAZ;5766;;GURUPI;64091-500;GASOLINA;12/05/2026;6,79;;R$ / litro;BRANCA
NE;PI;TERESINA;POSTO MAIS GURUPI LTDA; 33.058.551/0001-65;AVENIDA DEPUTADO PAULO FERRAZ;5766;;GURUPI;64091-500;GASOLINA ADITIVADA;12/05/2026;7,09;;R$ / litro;BRANCA
NE;PI;TERESINA;POSTO MAIS GURUPI LTDA; 33.058.551/0001-65;AVENIDA DEPUTADO PAULO FERRAZ;5766;;GURUPI;64091-500;DIESEL;12/05/2026;7,39;;R$ / litro;BRANCA
NE;PI;TERESINA;POSTO MAIS GURUPI LTDA; 33.058.551/0001-65;AVENIDA DEPUTADO PAULO FERRAZ;5766;;GURUPI;64091-500;DIESEL S10;12/05/2026;7,49;;R$ / litro;BRANCA
NE;PI;TERESINA;POSTO MAIS GURUPI LTDA; 33.058.551/0001-65;AVENIDA DEPUTADO PAULO FERRAZ;5766;;GURUPI;64091-500;ETANOL;12/05/2026;5,07;;R$ / litro;BRANCA
NE;PI;TERESINA;JESUS JOSE NOGUEIRA JUNIOR LTDA; 38.635.568/0001-51;AVENIDA SENADOR AREA LEAO;2140;;SAO CRISTOVAO;64051-090;GASOLINA;11/05/2026;6,69;;R$ / litro;VIBRA
NE;PI;TERESINA;JESUS JOSE NOGUEIRA JUNIOR LTDA; 38.635.568/0001-51;AVENIDA SENADOR AREA LEAO;2140;;SAO CRISTOVAO;64051-090;GASOLINA ADITIVADA;11/05/2026;6,99;;R$ / litro;VIBRA
NE;PI;TERESINA;JESUS JOSE NOGUEIRA JUNIOR LTDA; 38.635.568/0001-51;AVENIDA SENADOR AREA LEAO;2140;;SAO CRISTOVAO;64051-090;DIESEL S10;11/05/2026;7,99;;R$ / litro;VIBRA
NE;PI;TERESINA;JESUS JOSE NOGUEIRA JUNIOR LTDA; 38.635.568/0001-51;AVENIDA SENADOR AREA LEAO;2140;;SAO CRISTOVAO;64051-090;ETANOL;11/05/2026;5,10;;R$ / litro;VIBRA
NE;PI;TERESINA;POSTO HOMERO CASTELO BRANCO LTDA; 08.596.605/0001-07;AVENIDA TOMAZ DE AREA LEAO;2563;;ININGA;64048-600;GASOLINA;20/05/2026;6,69;;R$ / litro;VIBRA
NE;PI;TERESINA;POSTO HOMERO CASTELO BRANCO LTDA; 08.596.605/0001-07;AVENIDA TOMAZ DE AREA LEAO;2563;;ININGA;64048-600;GASOLINA ADITIVADA;20/05/2026;6,86;;R$ / litro;VIBRA
NE;PI;TERESINA;POSTO HOMERO CASTELO BRANCO LTDA; 08.596.605/0001-07;AVENIDA TOMAZ DE AREA LEAO;2563;;ININGA;64048-600;ETANOL;20/05/2026;4,99;;R$ / litro;VIBRA
NE;PI;TERESINA;PN PETROLEO LTDA.; 06.331.431/0001-17;RUA MUNDINHO FERRAZ;3225;;SAO CRISTOVAO;64055-330;GASOLINA;18/05/2026;6,67;;R$ / litro;BRANCA
NE;PI;TERESINA;PN PETROLEO LTDA.; 06.331.431/0001-17;RUA MUNDINHO FERRAZ;3225;;SAO CRISTOVAO;64055-330;GASOLINA ADITIVADA;18/05/2026;6,67;;R$ / litro;BRANCA
NE;PI;TERESINA;PN PETROLEO LTDA.; 06.331.431/0001-17;RUA MUNDINHO FERRAZ;3225;;SAO CRISTOVAO;64055-330;DIESEL S10;18/05/2026;7,29;;R$ / litro;BRANCA
NE;PI;TERESINA;S P MAGALHAES EMPREENDIMENTOS LTDA; 10.978.518/0001-58;AVENIDA JOAO XXIII;1520;0;SÃO CRISTÓVÃO;64045-000;GASOLINA;18/05/2026;6,49;;R$ / litro;SABBÁ
NE;PI;TERESINA;S P MAGALHAES EMPREENDIMENTOS LTDA; 10.978.518/0001-58;AVENIDA JOAO XXIII;1520;0;SÃO CRISTÓVÃO;64045-000;ETANOL;18/05/2026;4,99;;R$ / litro;SABBÁ
NE;PI;TERESINA;SAO FRANCISCO PETROLEO LTDA; 10.336.626/0001-27;AVENIDA FREI SERAFIM;2474;;CENTRO;64001-020;GASOLINA;18/05/2026;6,56;;R$ / litro;VIBRA
NE;PI;TERESINA;SAO FRANCISCO PETROLEO LTDA; 10.336.626/0001-27;AVENIDA FREI SERAFIM;2474;;CENTRO;64001-020;GASOLINA ADITIVADA;18/05/2026;6,89;;R$ / litro;VIBRA
NE;PI;TERESINA;SAO FRANCISCO PETROLEO LTDA; 10.336.626/0001-27;AVENIDA FREI SERAFIM;2474;;CENTRO;64001-020;DIESEL S10;18/05/2026;7,69;;R$ / litro;VIBRA
NE;PI;TERESINA;SAO FRANCISCO PETROLEO LTDA; 10.336.626/0001-27;AVENIDA FREI SERAFIM;2474;;CENTRO;64001-020;ETANOL;18/05/2026;4,88;;R$ / litro;VIBRA
NE;PI;TERESINA;PIPEL-PICOS PETROLEO LTDA; 07.483.266/0005-05;AVENIDA PREF. WALL  FERRAZ;7420;;TRIUNFO;64000-010;GASOLINA;20/05/2026;6,38;;R$ / litro;VIBRA
NE;PI;TERESINA;PIPEL-PICOS PETROLEO LTDA; 07.483.266/0005-05;AVENIDA PREF. WALL  FERRAZ;7420;;TRIUNFO;64000-010;GASOLINA ADITIVADA;20/05/2026;6,83;;R$ / litro;VIBRA
NE;PI;TERESINA;PIPEL-PICOS PETROLEO LTDA; 07.483.266/0005-05;AVENIDA PREF. WALL  FERRAZ;7420;;TRIUNFO;64000-010;DIESEL S10;20/05/2026;7,19;;R$ / litro;VIBRA
NE;PI;TERESINA;CACIQUE PETROLEO LTDA; 06.656.656/0004-96;AVENIDA MIGUEL ROSA;3768;SUL;PICARRA;64001-973;GASOLINA;18/05/2026;6,79;;R$ / litro;VIBRA
NE;PI;TERESINA;CACIQUE PETROLEO LTDA; 06.656.656/0004-96;AVENIDA MIGUEL ROSA;3768;SUL;PICARRA;64001-973;GASOLINA ADITIVADA;18/05/2026;7,19;;R$ / litro;VIBRA
NE;PI;TERESINA;CACIQUE PETROLEO LTDA; 06.656.656/0004-96;AVENIDA MIGUEL ROSA;3768;SUL;PICARRA;64001-973;ETANOL;18/05/2026;4,99;;R$ / litro;VIBRA
NE;PI;TERESINA;CACIQUE PETROLEO LTDA; 06.656.656/0003-05;AVENIDA PRESIDENTE KENNEDY;1944;;SAO CRISTOVAO;64052-800;GASOLINA;18/05/2026;6,79;;R$ / litro;VIBRA
NE;PI;TERESINA;CACIQUE PETROLEO LTDA; 06.656.656/0003-05;AVENIDA PRESIDENTE KENNEDY;1944;;SAO CRISTOVAO;64052-800;GASOLINA ADITIVADA;18/05/2026;7,29;;R$ / litro;VIBRA
NE;PI;TERESINA;CACIQUE PETROLEO LTDA; 06.656.656/0003-05;AVENIDA PRESIDENTE KENNEDY;1944;;SAO CRISTOVAO;64052-800;ETANOL;18/05/2026;4,99;;R$ / litro;VIBRA
NE;PI;TERESINA;CACIQUE PETROLEO LTDA; 06.656.656/0009-09;AVENIDA MIGUEL ROSA;6185;SUL;;64001-973;GASOLINA;20/05/2026;6,79;;R$ / litro;VIBRA
NE;PI;TERESINA;CACIQUE PETROLEO LTDA; 06.656.656/0009-09;AVENIDA MIGUEL ROSA;6185;SUL;;64001-973;GASOLINA ADITIVADA;20/05/2026;7,39;;R$ / litro;VIBRA
NE;PI;TERESINA;CACIQUE PETROLEO LTDA; 06.656.656/0009-09;AVENIDA MIGUEL ROSA;6185;SUL;;64001-973;DIESEL;20/05/2026;7,89;;R$ / litro;VIBRA
NE;PI;TERESINA;CACIQUE PETROLEO LTDA; 06.656.656/0009-09;AVENIDA MIGUEL ROSA;6185;SUL;;64001-973;DIESEL S10;20/05/2026;7,99;;R$ / litro;VIBRA
NE;PI;TERESINA;CACIQUE PETROLEO LTDA; 06.656.656/0009-09;AVENIDA MIGUEL ROSA;6185;SUL;;64001-973;ETANOL;20/05/2026;4,99;;R$ / litro;VIBRA
NE;PI;TERESINA;CACIQUE PETROLEO LTDA; 06.656.656/0012-04;AVENIDA RUI BARBOSA;1662;;VILA OPERARIA;64076-410;GASOLINA;20/05/2026;6,79;;R$ / litro;VIBRA
NE;PI;TERESINA;CACIQUE PETROLEO LTDA; 06.656.656/0012-04;AVENIDA RUI BARBOSA;1662;;VILA OPERARIA;64076-410;GASOLINA ADITIVADA;20/05/2026;7,19;;R$ / litro;VIBRA
NE;PI;TERESINA;CACIQUE PETROLEO LTDA; 06.656.656/0012-04;AVENIDA RUI BARBOSA;1662;;VILA OPERARIA;64076-410;DIESEL S10;20/05/2026;7,69;;R$ / litro;VIBRA
NE;PI;TERESINA;CACIQUE PETROLEO LTDA; 06.656.656/0012-04;AVENIDA RUI BARBOSA;1662;;VILA OPERARIA;64076-410;ETANOL;20/05/2026;5,09;;R$ / litro;VIBRA
NE;PI;TERESINA;CACIQUE PETROLEO LTDA; 06.656.656/0002-24;AVENIDA MIGUEL ROSA;3833;SUL;PICARRA;64001-973;ETANOL;18/05/2026;4,99;;R$ / litro;VIBRA
NE;PI;TERESINA;CACIQUE PETROLEO LTDA; 06.656.656/0002-24;AVENIDA MIGUEL ROSA;3833;SUL;PICARRA;64001-973;GASOLINA;18/05/2026;6,79;;R$ / litro;VIBRA
NE;PI;TERESINA;CACIQUE PETROLEO LTDA; 06.656.656/0002-24;AVENIDA MIGUEL ROSA;3833;SUL;PICARRA;64001-973;GASOLINA ADITIVADA;18/05/2026;7,19;;R$ / litro;VIBRA
NE;PI;TERESINA;MIRANTE PETROLEO LTDA; 03.612.498/0001-31;AVENIDA PRESIDENTE KENNEDY;5779;;MORROS;64062-100;GASOLINA;20/05/2026;6,67;;R$ / litro;IPIRANGA
NE;PI;TERESINA;MIRANTE PETROLEO LTDA; 03.612.498/0001-31;AVENIDA PRESIDENTE KENNEDY;5779;;MORROS;64062-100;DIESEL;20/05/2026;7,29;;R$ / litro;IPIRANGA
NE;PI;TERESINA;MIRANTE PETROLEO LTDA; 03.612.498/0001-31;AVENIDA PRESIDENTE KENNEDY;5779;;MORROS;64062-100;DIESEL S10;20/05/2026;7,39;;R$ / litro;IPIRANGA
NE;PI;TERESINA;MIRANTE PETROLEO LTDA; 03.612.498/0001-31;AVENIDA PRESIDENTE KENNEDY;5779;;MORROS;64062-100;ETANOL;20/05/2026;4,87;;R$ / litro;IPIRANGA
NE;PI;TERESINA;JUNCO COMERCIAL LTDA; 02.760.727/0001-00;RUA JOAQUIM NELSON;2121;;PARQUE IDEAL;64078-625;GASOLINA;19/05/2026;6,59;;R$ / litro;VIBRA
NE;PI;TERESINA;JUNCO COMERCIAL LTDA; 02.760.727/0001-00;RUA JOAQUIM NELSON;2121;;PARQUE IDEAL;64078-625;GASOLINA ADITIVADA;19/05/2026;6,79;;R$ / litro;VIBRA
NE;PI;TERESINA;JUNCO COMERCIAL LTDA; 02.760.727/0001-00;RUA JOAQUIM NELSON;2121;;PARQUE IDEAL;64078-625;DIESEL S10;19/05/2026;7,39;;R$ / litro;VIBRA
NE;PI;TERESINA;JUNCO COMERCIAL LTDA; 02.760.727/0001-00;RUA JOAQUIM NELSON;2121;;PARQUE IDEAL;64078-625;ETANOL;19/05/2026;4,99;;R$ / litro;VIBRA
NE;PI;TERESINA;MOURA SOUSA E BONFIM LTDA; 01.416.988/0001-37;RODOVIA BR 343 KM 10;S/N;;RODOVIA;64045-970;GASOLINA;19/05/2026;6,47;;R$ / litro;ALE
NE;PI;TERESINA;MOURA SOUSA E BONFIM LTDA; 01.416.988/0001-37;RODOVIA BR 343 KM 10;S/N;;RODOVIA;64045-970;GASOLINA ADITIVADA;19/05/2026;6,99;;R$ / litro;ALE
NE;PI;TERESINA;MOURA SOUSA E BONFIM LTDA; 01.416.988/0001-37;RODOVIA BR 343 KM 10;S/N;;RODOVIA;64045-970;DIESEL;19/05/2026;7,09;;R$ / litro;ALE
NE;PI;TERESINA;MOURA SOUSA E BONFIM LTDA; 01.416.988/0001-37;RODOVIA BR 343 KM 10;S/N;;RODOVIA;64045-970;DIESEL S10;19/05/2026;7,19;;R$ / litro;ALE
NE;PI;TERESINA;MOURA SOUSA E BONFIM LTDA; 01.416.988/0001-37;RODOVIA BR 343 KM 10;S/N;;RODOVIA;64045-970;ETANOL;19/05/2026;5,07;;R$ / litro;ALE
NE;PI;TERESINA;FCN.X CARVALHO COMBUSTIVEL LTDA; 09.641.208/0001-64;AVENIDA HOMERO CASTELO BRANCO;630;SALA  C;SAO CRISTOVAO;64048-400;GASOLINA;18/05/2026;6,79;;R$ / litro;VIBRA
NE;PI;TERESINA;FCN.X CARVALHO COMBUSTIVEL LTDA; 09.641.208/0001-64;AVENIDA HOMERO CASTELO BRANCO;630;SALA  C;SAO CRISTOVAO;64048-400;GASOLINA ADITIVADA;18/05/2026;7,09;;R$ / litro;VIBRA
NE;PI;TERESINA;FCN.X CARVALHO COMBUSTIVEL LTDA; 09.641.208/0001-64;AVENIDA HOMERO CASTELO BRANCO;630;SALA  C;SAO CRISTOVAO;64048-400;ETANOL;18/05/2026;5,09;;R$ / litro;VIBRA
NE;PI;TERESINA;POSTO CERTO LTDA; 08.610.754/0001-75;AVENIDA JOAO XXIII;2180;;NOIVOS;64045-000;GASOLINA;18/05/2026;6,59;;R$ / litro;SABBÁ
NE;PI;TERESINA;POSTO CERTO LTDA; 08.610.754/0001-75;AVENIDA JOAO XXIII;2180;;NOIVOS;64045-000;GASOLINA ADITIVADA;18/05/2026;6,84;;R$ / litro;SABBÁ
NE;PI;TERESINA;POSTO CERTO LTDA; 08.610.754/0001-75;AVENIDA JOAO XXIII;2180;;NOIVOS;64045-000;DIESEL S10;18/05/2026;7,59;;R$ / litro;SABBÁ
NE;PI;TERESINA;POSTO CERTO LTDA; 08.610.754/0001-75;AVENIDA JOAO XXIII;2180;;NOIVOS;64045-000;ETANOL;18/05/2026;4,99;;R$ / litro;SABBÁ
NE;PI;TERESINA;PLANALTO PETROLEO KM 7 LTDA; 10.887.489/0001-19;AVENIDA PREFEITO WALL FERRAZ;11133;;SANTO ANTONIO;64032-075;GASOLINA;20/05/2026;6,59;;R$ / litro;BRANCA
NE;PI;TERESINA;PLANALTO PETROLEO KM 7 LTDA; 10.887.489/0001-19;AVENIDA PREFEITO WALL FERRAZ;11133;;SANTO ANTONIO;64032-075;GASOLINA ADITIVADA;20/05/2026;6,99;;R$ / litro;BRANCA
NE;PI;TERESINA;PLANALTO PETROLEO KM 7 LTDA; 10.887.489/0001-19;AVENIDA PREFEITO WALL FERRAZ;11133;;SANTO ANTONIO;64032-075;DIESEL;20/05/2026;6,89;;R$ / litro;BRANCA
NE;PI;TERESINA;PLANALTO PETROLEO KM 7 LTDA; 10.887.489/0001-19;AVENIDA PREFEITO WALL FERRAZ;11133;;SANTO ANTONIO;64032-075;DIESEL S10;20/05/2026;7,19;;R$ / litro;BRANCA
NE;PI;TERESINA;PLANALTO PETROLEO KM 7 LTDA; 10.887.489/0001-19;AVENIDA PREFEITO WALL FERRAZ;11133;;SANTO ANTONIO;64032-075;ETANOL;20/05/2026;4,89;;R$ / litro;BRANCA
NE;PI;TERESINA;POSTO CERTO LTDA; 08.610.754/0002-56;AVENIDA DEPUTADO PAULO FERRAZ;1771;;BEIRA RIO;64075-535;GASOLINA;19/05/2026;6,69;;R$ / litro;SABBÁ
NE;PI;TERESINA;POSTO CERTO LTDA; 08.610.754/0002-56;AVENIDA DEPUTADO PAULO FERRAZ;1771;;BEIRA RIO;64075-535;DIESEL;19/05/2026;7,59;;R$ / litro;SABBÁ
NE;PI;TERESINA;POSTO CERTO LTDA; 08.610.754/0002-56;AVENIDA DEPUTADO PAULO FERRAZ;1771;;BEIRA RIO;64075-535;DIESEL S10;19/05/2026;7,69;;R$ / litro;SABBÁ
NE;PI;TERESINA;POSTO CERTO LTDA; 08.610.754/0002-56;AVENIDA DEPUTADO PAULO FERRAZ;1771;;BEIRA RIO;64075-535;ETANOL;19/05/2026;4,99;;R$ / litro;SABBÁ
NE;PI;TERESINA;CACIQUE PETROLEO LTDA; 06.656.656/0018-91;RUA OLAVO BILAC;989;SUL;CENTRO;64001-280;GASOLINA;20/05/2026;6,69;;R$ / litro;VIBRA
NE;PI;TERESINA;CACIQUE PETROLEO LTDA; 06.656.656/0018-91;RUA OLAVO BILAC;989;SUL;CENTRO;64001-280;GASOLINA ADITIVADA;20/05/2026;6,99;;R$ / litro;VIBRA
NE;PI;TERESINA;CACIQUE PETROLEO LTDA; 06.656.656/0018-91;RUA OLAVO BILAC;989;SUL;CENTRO;64001-280;ETANOL;20/05/2026;4,99;;R$ / litro;VIBRA
NE;PI;TERESINA;POSTO FLEX COMBUSTIVEIS LTDA; 10.948.874/0001-29;AVENIDA PRESIDENTE KENNEDY;5200;/B;MORROS;64062-100;GASOLINA;20/05/2026;6,67;;R$ / litro;BRANCA
NE;PI;TERESINA;POSTO FLEX COMBUSTIVEIS LTDA; 10.948.874/0001-29;AVENIDA PRESIDENTE KENNEDY;5200;/B;MORROS;64062-100;DIESEL S10;20/05/2026;7,29;;R$ / litro;BRANCA
NE;PI;TERESINA;POSTO FLEX COMBUSTIVEIS LTDA; 10.948.874/0001-29;AVENIDA PRESIDENTE KENNEDY;5200;/B;MORROS;64062-100;ETANOL;20/05/2026;4,87;;R$ / litro;BRANCA
NE;PI;TERESINA;CACIQUE PETROLEO LTDA; 06.656.656/0019-72;AVENIDA LINDOLFO MONTEIRO;990;;FATIMA;64049-440;GASOLINA;18/05/2026;6,99;;R$ / litro;VIBRA
NE;PI;TERESINA;CACIQUE PETROLEO LTDA; 06.656.656/0019-72;AVENIDA LINDOLFO MONTEIRO;990;;FATIMA;64049-440;GASOLINA ADITIVADA;18/05/2026;7,46;;R$ / litro;VIBRA
NE;PI;TERESINA;CACIQUE PETROLEO LTDA; 06.656.656/0019-72;AVENIDA LINDOLFO MONTEIRO;990;;FATIMA;64049-440;DIESEL;18/05/2026;7,89;;R$ / litro;VIBRA
NE;PI;TERESINA;CACIQUE PETROLEO LTDA; 06.656.656/0019-72;AVENIDA LINDOLFO MONTEIRO;990;;FATIMA;64049-440;ETANOL;18/05/2026;5,09;;R$ / litro;VIBRA
NE;PI;TERESINA;CACIQUE PETROLEO LTDA; 06.656.656/0020-06;AVENIDA DEPUTADO PAULO FERRAZ;2907;;SAO RAIMUNDO;64075-005;GASOLINA;20/05/2026;6,79;;R$ / litro;IPIRANGA
NE;PI;TERESINA;CACIQUE PETROLEO LTDA; 06.656.656/0020-06;AVENIDA DEPUTADO PAULO FERRAZ;2907;;SAO RAIMUNDO;64075-005;GASOLINA ADITIVADA;20/05/2026;7,29;;R$ / litro;IPIRANGA
NE;PI;TERESINA;CACIQUE PETROLEO LTDA; 06.656.656/0020-06;AVENIDA DEPUTADO PAULO FERRAZ;2907;;SAO RAIMUNDO;64075-005;DIESEL;20/05/2026;7,59;;R$ / litro;IPIRANGA
NE;PI;TERESINA;CACIQUE PETROLEO LTDA; 06.656.656/0020-06;AVENIDA DEPUTADO PAULO FERRAZ;2907;;SAO RAIMUNDO;64075-005;DIESEL S10;20/05/2026;7,69;;R$ / litro;IPIRANGA
NE;PI;TERESINA;CACIQUE PETROLEO LTDA; 06.656.656/0020-06;AVENIDA DEPUTADO PAULO FERRAZ;2907;;SAO RAIMUNDO;64075-005;ETANOL;20/05/2026;4,99;;R$ / litro;IPIRANGA
NE;PI;TERESINA;IGUATEMI DISTRIBUIDORA LTDA; 03.072.068/0002-55;AVENIDA DOM SEVERINO;1498;;FATIMA;64049-375;GASOLINA ADITIVADA;18/05/2026;6,67;;R$ / litro;BRANCA
NE;PI;TERESINA;IGUATEMI DISTRIBUIDORA LTDA; 03.072.068/0002-55;AVENIDA DOM SEVERINO;1498;;FATIMA;64049-375;DIESEL S10;18/05/2026;7,49;;R$ / litro;BRANCA
NE;PI;TERESINA;IGUATEMI DISTRIBUIDORA LTDA; 03.072.068/0002-55;AVENIDA DOM SEVERINO;1498;;FATIMA;64049-375;ETANOL;18/05/2026;4,89;;R$ / litro;BRANCA
NE;PI;TERESINA;IGUATEMI DISTRIBUIDORA LTDA; 03.072.068/0002-55;AVENIDA DOM SEVERINO;1498;;FATIMA;64049-375;GASOLINA;18/05/2026;6,65;;R$ / litro;BRANCA
NE;PI;TERESINA;CACIQUE PETROLEO LTDA; 06.656.656/0022-78;AVENIDA DEPUTADO PAULO FERRAZ;1910;;TANCREDO NEVES;64076-005;GASOLINA ADITIVADA;19/05/2026;7,29;;R$ / litro;IPIRANGA
NE;PI;TERESINA;CACIQUE PETROLEO LTDA; 06.656.656/0022-78;AVENIDA DEPUTADO PAULO FERRAZ;1910;;TANCREDO NEVES;64076-005;DIESEL;19/05/2026;7,59;;R$ / litro;IPIRANGA
NE;PI;TERESINA;CACIQUE PETROLEO LTDA; 06.656.656/0022-78;AVENIDA DEPUTADO PAULO FERRAZ;1910;;TANCREDO NEVES;64076-005;DIESEL S10;19/05/2026;7,59;;R$ / litro;IPIRANGA
NE;PI;TERESINA;CACIQUE PETROLEO LTDA; 06.656.656/0022-78;AVENIDA DEPUTADO PAULO FERRAZ;1910;;TANCREDO NEVES;64076-005;ETANOL;19/05/2026;4,99;;R$ / litro;IPIRANGA
NE;PI;TERESINA;CACIQUE PETROLEO LTDA; 06.656.656/0022-78;AVENIDA DEPUTADO PAULO FERRAZ;1910;;TANCREDO NEVES;64076-005;GASOLINA;19/05/2026;6,79;;R$ / litro;IPIRANGA
NE;PI;TERESINA;POSTO MAIS VALE LTDA; 26.128.088/0001-15;AVENIDA ZEQUINHA FREIRE;2260;QUADRAA                   LOTE  03;URUGUAI;64073-020;GASOLINA;19/05/2026;6,59;;R$ / litro;BRANCA
NE;PI;TERESINA;POSTO MAIS VALE LTDA; 26.128.088/0001-15;AVENIDA ZEQUINHA FREIRE;2260;QUADRAA                   LOTE  03;URUGUAI;64073-020;DIESEL S10;19/05/2026;7,55;;R$ / litro;BRANCA
NE;PI;TERESINA;POSTO MAIS VALE LTDA; 26.128.088/0001-15;AVENIDA ZEQUINHA FREIRE;2260;QUADRAA                   LOTE  03;URUGUAI;64073-020;ETANOL;19/05/2026;4,89;;R$ / litro;BRANCA
NE;PI;TERESINA;POSTO MARTINEZ LTDA - ME; 02.992.818/0001-63;AVENIDA ANTONIO OLIVEIRA;61;;GURUPI;64091-400;GASOLINA;19/05/2026;6,89;;R$ / litro;IPIRANGA
NE;PI;TERESINA;POSTO MARTINEZ LTDA - ME; 02.992.818/0001-63;AVENIDA ANTONIO OLIVEIRA;61;;GURUPI;64091-400;GASOLINA ADITIVADA;19/05/2026;7,19;;R$ / litro;IPIRANGA
NE;PI;TERESINA;POSTO MARTINEZ LTDA - ME; 02.992.818/0001-63;AVENIDA ANTONIO OLIVEIRA;61;;GURUPI;64091-400;DIESEL S10;19/05/2026;7,79;;R$ / litro;IPIRANGA
NE;PI;TERESINA;POSTO MARTINEZ LTDA - ME; 02.992.818/0001-63;AVENIDA ANTONIO OLIVEIRA;61;;GURUPI;64091-400;ETANOL;19/05/2026;5,29;;R$ / litro;IPIRANGA
NE;PI;TERESINA;POSTO MAIS GURUPI LTDA; 33.058.551/0001-65;AVENIDA DEPUTADO PAULO FERRAZ;5766;;GURUPI;64091-500;GASOLINA;19/05/2026;6,59;;R$ / litro;BRANCA
NE;PI;TERESINA;POSTO MAIS GURUPI LTDA; 33.058.551/0001-65;AVENIDA DEPUTADO PAULO FERRAZ;5766;;GURUPI;64091-500;GASOLINA ADITIVADA;19/05/2026;6,86;;R$ / litro;BRANCA
NE;PI;TERESINA;POSTO MAIS GURUPI LTDA; 33.058.551/0001-65;AVENIDA DEPUTADO PAULO FERRAZ;5766;;GURUPI;64091-500;DIESEL;19/05/2026;7,39;;R$ / litro;BRANCA
NE;PI;TERESINA;POSTO MAIS GURUPI LTDA; 33.058.551/0001-65;AVENIDA DEPUTADO PAULO FERRAZ;5766;;GURUPI;64091-500;DIESEL S10;19/05/2026;7,49;;R$ / litro;BRANCA
NE;PI;TERESINA;POSTO MAIS GURUPI LTDA; 33.058.551/0001-65;AVENIDA DEPUTADO PAULO FERRAZ;5766;;GURUPI;64091-500;ETANOL;19/05/2026;4,99;;R$ / litro;BRANCA
NE;PI;TERESINA;NEIVA & BRITO COMBUSTIVEIS LTDA; 32.237.402/0001-09;AVENIDA ZEQUINHA FREIRE;3419;;SATELITE;64059-310;GASOLINA;19/05/2026;6,68;;R$ / litro;BRANCA
NE;PI;TERESINA;NEIVA & BRITO COMBUSTIVEIS LTDA; 32.237.402/0001-09;AVENIDA ZEQUINHA FREIRE;3419;;SATELITE;64059-310;GASOLINA ADITIVADA;19/05/2026;6,78;;R$ / litro;BRANCA
NE;PI;TERESINA;NEIVA & BRITO COMBUSTIVEIS LTDA; 32.237.402/0001-09;AVENIDA ZEQUINHA FREIRE;3419;;SATELITE;64059-310;DIESEL S10;19/05/2026;7,58;;R$ / litro;BRANCA
NE;PI;TERESINA;NEIVA & BRITO COMBUSTIVEIS LTDA; 32.237.402/0001-09;AVENIDA ZEQUINHA FREIRE;3419;;SATELITE;64059-310;ETANOL;19/05/2026;4,98;;R$ / litro;BRANCA
NE;PI;TERESINA;POSTO DE COMBUSTIVEL AGUIA LTDA; 28.985.753/0001-12;AVENIDA HOMERO CASTELO BRANCO;2101;LETRA A;FATIMA;64049-505;GASOLINA;18/05/2026;6,79;;R$ / litro;IPIRANGA
NE;PI;TERESINA;POSTO DE COMBUSTIVEL AGUIA LTDA; 28.985.753/0001-12;AVENIDA HOMERO CASTELO BRANCO;2101;LETRA A;FATIMA;64049-505;GASOLINA ADITIVADA;18/05/2026;6,99;;R$ / litro;IPIRANGA
NE;PI;TERESINA;POSTO DE COMBUSTIVEL AGUIA LTDA; 28.985.753/0001-12;AVENIDA HOMERO CASTELO BRANCO;2101;LETRA A;FATIMA;64049-505;DIESEL S10;18/05/2026;7,89;;R$ / litro;IPIRANGA
NE;PI;TERESINA;POSTO DE COMBUSTIVEL AGUIA LTDA; 28.985.753/0001-12;AVENIDA HOMERO CASTELO BRANCO;2101;LETRA A;FATIMA;64049-505;ETANOL;18/05/2026;4,99;;R$ / litro;IPIRANGA
NE;PI;TERESINA;JESUS JOSE NOGUEIRA JUNIOR LTDA; 38.635.568/0001-51;AVENIDA SENADOR AREA LEAO;2140;;SAO CRISTOVAO;64051-090;GASOLINA;18/05/2026;6,69;;R$ / litro;VIBRA
NE;PI;TERESINA;JESUS JOSE NOGUEIRA JUNIOR LTDA; 38.635.568/0001-51;AVENIDA SENADOR AREA LEAO;2140;;SAO CRISTOVAO;64051-090;GASOLINA ADITIVADA;18/05/2026;6,99;;R$ / litro;VIBRA
NE;PI;TERESINA;JESUS JOSE NOGUEIRA JUNIOR LTDA; 38.635.568/0001-51;AVENIDA SENADOR AREA LEAO;2140;;SAO CRISTOVAO;64051-090;DIESEL S10;18/05/2026;7,99;;R$ / litro;VIBRA
NE;PI;TERESINA;JESUS JOSE NOGUEIRA JUNIOR LTDA; 38.635.568/0001-51;AVENIDA SENADOR AREA LEAO;2140;;SAO CRISTOVAO;64051-090;ETANOL;18/05/2026;5,10;;R$ / litro;VIBRA
NE;PI;TERESINA;POSTO HOMERO CASTELO BRANCO LTDA; 08.596.605/0001-07;AVENIDA TOMAZ DE AREA LEAO;2563;;ININGA;64048-600;GASOLINA;25/05/2026;6,69;;R$ / litro;VIBRA
NE;PI;TERESINA;POSTO HOMERO CASTELO BRANCO LTDA; 08.596.605/0001-07;AVENIDA TOMAZ DE AREA LEAO;2563;;ININGA;64048-600;GASOLINA ADITIVADA;25/05/2026;6,89;;R$ / litro;VIBRA
NE;PI;TERESINA;POSTO HOMERO CASTELO BRANCO LTDA; 08.596.605/0001-07;AVENIDA TOMAZ DE AREA LEAO;2563;;ININGA;64048-600;ETANOL;25/05/2026;4,99;;R$ / litro;VIBRA
NE;PI;TERESINA;PN PETROLEO LTDA.; 06.331.431/0001-17;RUA MUNDINHO FERRAZ;3225;;SAO CRISTOVAO;64055-330;GASOLINA;25/05/2026;6,59;;R$ / litro;BRANCA
NE;PI;TERESINA;PN PETROLEO LTDA.; 06.331.431/0001-17;RUA MUNDINHO FERRAZ;3225;;SAO CRISTOVAO;64055-330;GASOLINA ADITIVADA;25/05/2026;6,59;;R$ / litro;BRANCA
NE;PI;TERESINA;PN PETROLEO LTDA.; 06.331.431/0001-17;RUA MUNDINHO FERRAZ;3225;;SAO CRISTOVAO;64055-330;DIESEL S10;25/05/2026;7,29;;R$ / litro;BRANCA
NE;PI;TERESINA;HD PETROLEO USINA LTDA; 05.510.040/0001-05;AVENIDA PROFESSOR CAMILO FILHO;8200;;SAO SEBASTIAO;64085-338;GASOLINA;26/05/2026;5,79;;R$ / litro;BRANCA
NE;PI;TERESINA;S P MAGALHAES EMPREENDIMENTOS LTDA; 10.978.518/0001-58;AVENIDA JOAO XXIII;1520;0;SÃO CRISTÓVÃO;64045-000;GASOLINA;25/05/2026;6,45;;R$ / litro;SABBÁ
NE;PI;TERESINA;S P MAGALHAES EMPREENDIMENTOS LTDA; 10.978.518/0001-58;AVENIDA JOAO XXIII;1520;0;SÃO CRISTÓVÃO;64045-000;ETANOL;25/05/2026;4,89;;R$ / litro;SABBÁ
NE;PI;TERESINA;TRANSSERVICE PETROLEO LTDA; 02.927.004/0001-45;AVENIDA BARAO DE GURGUEIA;2300;;SAO PEDRO;64019-350;GASOLINA;28/05/2026;7,19;;R$ / litro;BRANCA
NE;PI;TERESINA;TRANSSERVICE PETROLEO LTDA; 02.927.004/0001-45;AVENIDA BARAO DE GURGUEIA;2300;;SAO PEDRO;64019-350;GASOLINA ADITIVADA;28/05/2026;7,19;;R$ / litro;BRANCA
NE;PI;TERESINA;TRANSSERVICE PETROLEO LTDA; 02.927.004/0001-45;AVENIDA BARAO DE GURGUEIA;2300;;SAO PEDRO;64019-350;DIESEL;28/05/2026;7,99;;R$ / litro;BRANCA
NE;PI;TERESINA;TRANSSERVICE PETROLEO LTDA; 02.927.004/0001-45;AVENIDA BARAO DE GURGUEIA;2300;;SAO PEDRO;64019-350;DIESEL S10;28/05/2026;8,09;;R$ / litro;BRANCA
NE;PI;TERESINA;TRANSSERVICE PETROLEO LTDA; 02.927.004/0001-45;AVENIDA BARAO DE GURGUEIA;2300;;SAO PEDRO;64019-350;ETANOL;28/05/2026;4,99;;R$ / litro;BRANCA
NE;PI;TERESINA;SAO FRANCISCO PETROLEO LTDA; 10.336.626/0001-27;AVENIDA FREI SERAFIM;2474;;CENTRO;64001-020;GASOLINA;25/05/2026;6,49;;R$ / litro;VIBRA
NE;PI;TERESINA;SAO FRANCISCO PETROLEO LTDA; 10.336.626/0001-27;AVENIDA FREI SERAFIM;2474;;CENTRO;64001-020;GASOLINA ADITIVADA;25/05/2026;6,89;;R$ / litro;VIBRA
NE;PI;TERESINA;SAO FRANCISCO PETROLEO LTDA; 10.336.626/0001-27;AVENIDA FREI SERAFIM;2474;;CENTRO;64001-020;DIESEL S10;25/05/2026;7,99;;R$ / litro;VIBRA
NE;PI;TERESINA;SAO FRANCISCO PETROLEO LTDA; 10.336.626/0001-27;AVENIDA FREI SERAFIM;2474;;CENTRO;64001-020;ETANOL;25/05/2026;4,88;;R$ / litro;VIBRA
NE;PI;TERESINA;CACIQUE PETROLEO LTDA; 06.656.656/0004-96;AVENIDA MIGUEL ROSA;3768;SUL;PICARRA;64001-973;GASOLINA;25/05/2026;6,79;;R$ / litro;VIBRA
NE;PI;TERESINA;CACIQUE PETROLEO LTDA; 06.656.656/0004-96;AVENIDA MIGUEL ROSA;3768;SUL;PICARRA;64001-973;GASOLINA ADITIVADA;25/05/2026;7,19;;R$ / litro;VIBRA
NE;PI;TERESINA;CACIQUE PETROLEO LTDA; 06.656.656/0004-96;AVENIDA MIGUEL ROSA;3768;SUL;PICARRA;64001-973;ETANOL;25/05/2026;4,99;;R$ / litro;VIBRA
NE;PI;TERESINA;CACIQUE PETROLEO LTDA; 06.656.656/0003-05;AVENIDA PRESIDENTE KENNEDY;1944;;SAO CRISTOVAO;64052-800;GASOLINA;25/05/2026;6,79;;R$ / litro;VIBRA
NE;PI;TERESINA;CACIQUE PETROLEO LTDA; 06.656.656/0003-05;AVENIDA PRESIDENTE KENNEDY;1944;;SAO CRISTOVAO;64052-800;GASOLINA ADITIVADA;25/05/2026;7,29;;R$ / litro;VIBRA
NE;PI;TERESINA;CACIQUE PETROLEO LTDA; 06.656.656/0003-05;AVENIDA PRESIDENTE KENNEDY;1944;;SAO CRISTOVAO;64052-800;ETANOL;25/05/2026;4,99;;R$ / litro;VIBRA
NE;PI;TERESINA;CACIQUE PETROLEO LTDA; 06.656.656/0009-09;AVENIDA MIGUEL ROSA;6185;SUL;;64001-973;ETANOL;28/05/2026;4,99;;R$ / litro;VIBRA
NE;PI;TERESINA;CACIQUE PETROLEO LTDA; 06.656.656/0009-09;AVENIDA MIGUEL ROSA;6185;SUL;;64001-973;GASOLINA;28/05/2026;6,79;;R$ / litro;VIBRA
NE;PI;TERESINA;CACIQUE PETROLEO LTDA; 06.656.656/0009-09;AVENIDA MIGUEL ROSA;6185;SUL;;64001-973;GASOLINA ADITIVADA;28/05/2026;7,39;;R$ / litro;VIBRA
NE;PI;TERESINA;CACIQUE PETROLEO LTDA; 06.656.656/0009-09;AVENIDA MIGUEL ROSA;6185;SUL;;64001-973;DIESEL;28/05/2026;7,89;;R$ / litro;VIBRA
NE;PI;TERESINA;CACIQUE PETROLEO LTDA; 06.656.656/0009-09;AVENIDA MIGUEL ROSA;6185;SUL;;64001-973;DIESEL S10;28/05/2026;7,99;;R$ / litro;VIBRA
NE;PI;TERESINA;CACIQUE PETROLEO LTDA; 06.656.656/0012-04;AVENIDA RUI BARBOSA;1662;;VILA OPERARIA;64076-410;GASOLINA;28/05/2026;6,79;;R$ / litro;VIBRA
NE;PI;TERESINA;CACIQUE PETROLEO LTDA; 06.656.656/0012-04;AVENIDA RUI BARBOSA;1662;;VILA OPERARIA;64076-410;GASOLINA ADITIVADA;28/05/2026;7,19;;R$ / litro;VIBRA
NE;PI;TERESINA;CACIQUE PETROLEO LTDA; 06.656.656/0012-04;AVENIDA RUI BARBOSA;1662;;VILA OPERARIA;64076-410;DIESEL S10;28/05/2026;7,69;;R$ / litro;VIBRA
NE;PI;TERESINA;CACIQUE PETROLEO LTDA; 06.656.656/0012-04;AVENIDA RUI BARBOSA;1662;;VILA OPERARIA;64076-410;ETANOL;28/05/2026;5,09;;R$ / litro;VIBRA
NE;PI;TERESINA;CACIQUE PETROLEO LTDA; 06.656.656/0002-24;AVENIDA MIGUEL ROSA;3833;SUL;PICARRA;64001-973;GASOLINA;25/05/2026;6,79;;R$ / litro;VIBRA
NE;PI;TERESINA;CACIQUE PETROLEO LTDA; 06.656.656/0002-24;AVENIDA MIGUEL ROSA;3833;SUL;PICARRA;64001-973;GASOLINA ADITIVADA;25/05/2026;7,19;;R$ / litro;VIBRA
NE;PI;TERESINA;CACIQUE PETROLEO LTDA; 06.656.656/0002-24;AVENIDA MIGUEL ROSA;3833;SUL;PICARRA;64001-973;ETANOL;25/05/2026;4,99;;R$ / litro;VIBRA
NE;PI;TERESINA;MIRANTE PETROLEO LTDA; 03.612.498/0001-31;AVENIDA PRESIDENTE KENNEDY;5779;;MORROS;64062-100;GASOLINA;25/05/2026;6,67;;R$ / litro;IPIRANGA
NE;PI;TERESINA;MIRANTE PETROLEO LTDA; 03.612.498/0001-31;AVENIDA PRESIDENTE KENNEDY;5779;;MORROS;64062-100;DIESEL;25/05/2026;7,29;;R$ / litro;IPIRANGA
NE;PI;TERESINA;MIRANTE PETROLEO LTDA; 03.612.498/0001-31;AVENIDA PRESIDENTE KENNEDY;5779;;MORROS;64062-100;DIESEL S10;25/05/2026;7,39;;R$ / litro;IPIRANGA
NE;PI;TERESINA;MIRANTE PETROLEO LTDA; 03.612.498/0001-31;AVENIDA PRESIDENTE KENNEDY;5779;;MORROS;64062-100;ETANOL;25/05/2026;4,87;;R$ / litro;IPIRANGA
NE;PI;TERESINA;CLEONICE FERREIRA SILVA; 03.171.610/0001-46;AVENIDA BARAO DE GURGUEIA;2635;;VERMELHA;64018-500;GASOLINA;28/05/2026;6,59;;R$ / litro;BRANCA
NE;PI;TERESINA;CLEONICE FERREIRA SILVA; 03.171.610/0001-46;AVENIDA BARAO DE GURGUEIA;2635;;VERMELHA;64018-500;GASOLINA ADITIVADA;28/05/2026;6,60;;R$ / litro;BRANCA
NE;PI;TERESINA;CLEONICE FERREIRA SILVA; 03.171.610/0001-46;AVENIDA BARAO DE GURGUEIA;2635;;VERMELHA;64018-500;DIESEL;28/05/2026;6,79;;R$ / litro;BRANCA
NE;PI;TERESINA;CLEONICE FERREIRA SILVA; 03.171.610/0001-46;AVENIDA BARAO DE GURGUEIA;2635;;VERMELHA;64018-500;DIESEL S10;28/05/2026;7,23;;R$ / litro;BRANCA
NE;PI;TERESINA;CLEONICE FERREIRA SILVA; 03.171.610/0001-46;AVENIDA BARAO DE GURGUEIA;2635;;VERMELHA;64018-500;ETANOL;28/05/2026;4,75;;R$ / litro;BRANCA
NE;PI;TERESINA;JUNCO COMERCIAL LTDA; 02.760.727/0001-00;RUA JOAQUIM NELSON;2121;;PARQUE IDEAL;64078-625;GASOLINA;26/05/2026;6,59;;R$ / litro;VIBRA
NE;PI;TERESINA;JUNCO COMERCIAL LTDA; 02.760.727/0001-00;RUA JOAQUIM NELSON;2121;;PARQUE IDEAL;64078-625;GASOLINA ADITIVADA;26/05/2026;6,79;;R$ / litro;VIBRA
NE;PI;TERESINA;JUNCO COMERCIAL LTDA; 02.760.727/0001-00;RUA JOAQUIM NELSON;2121;;PARQUE IDEAL;64078-625;DIESEL S10;26/05/2026;7,39;;R$ / litro;VIBRA
NE;PI;TERESINA;JUNCO COMERCIAL LTDA; 02.760.727/0001-00;RUA JOAQUIM NELSON;2121;;PARQUE IDEAL;64078-625;ETANOL;26/05/2026;4,99;;R$ / litro;VIBRA
NE;PI;TERESINA;MOURA SOUSA E BONFIM LTDA; 01.416.988/0001-37;RODOVIA BR 343 KM 10;S/N;;RODOVIA;64045-970;GASOLINA;28/05/2026;6,47;;R$ / litro;ALE
NE;PI;TERESINA;MOURA SOUSA E BONFIM LTDA; 01.416.988/0001-37;RODOVIA BR 343 KM 10;S/N;;RODOVIA;64045-970;GASOLINA ADITIVADA;28/05/2026;6,99;;R$ / litro;ALE
NE;PI;TERESINA;MOURA SOUSA E BONFIM LTDA; 01.416.988/0001-37;RODOVIA BR 343 KM 10;S/N;;RODOVIA;64045-970;DIESEL;28/05/2026;6,79;;R$ / litro;ALE
NE;PI;TERESINA;MOURA SOUSA E BONFIM LTDA; 01.416.988/0001-37;RODOVIA BR 343 KM 10;S/N;;RODOVIA;64045-970;DIESEL S10;28/05/2026;6,99;;R$ / litro;ALE
NE;PI;TERESINA;MOURA SOUSA E BONFIM LTDA; 01.416.988/0001-37;RODOVIA BR 343 KM 10;S/N;;RODOVIA;64045-970;ETANOL;28/05/2026;5,07;;R$ / litro;ALE
NE;PI;TERESINA;FCN.X CARVALHO COMBUSTIVEL LTDA; 09.641.208/0001-64;AVENIDA HOMERO CASTELO BRANCO;630;SALA  C;SAO CRISTOVAO;64048-400;GASOLINA;25/05/2026;6,69;;R$ / litro;VIBRA
NE;PI;TERESINA;FCN.X CARVALHO COMBUSTIVEL LTDA; 09.641.208/0001-64;AVENIDA HOMERO CASTELO BRANCO;630;SALA  C;SAO CRISTOVAO;64048-400;GASOLINA ADITIVADA;25/05/2026;7,09;;R$ / litro;VIBRA
NE;PI;TERESINA;FCN.X CARVALHO COMBUSTIVEL LTDA; 09.641.208/0001-64;AVENIDA HOMERO CASTELO BRANCO;630;SALA  C;SAO CRISTOVAO;64048-400;ETANOL;25/05/2026;4,99;;R$ / litro;VIBRA
NE;PI;TERESINA;POSTO CERTO LTDA; 08.610.754/0001-75;AVENIDA JOAO XXIII;2180;;NOIVOS;64045-000;GASOLINA;25/05/2026;6,59;;R$ / litro;SABBÁ
NE;PI;TERESINA;POSTO CERTO LTDA; 08.610.754/0001-75;AVENIDA JOAO XXIII;2180;;NOIVOS;64045-000;GASOLINA ADITIVADA;25/05/2026;6,84;;R$ / litro;SABBÁ
NE;PI;TERESINA;POSTO CERTO LTDA; 08.610.754/0001-75;AVENIDA JOAO XXIII;2180;;NOIVOS;64045-000;DIESEL S10;25/05/2026;7,59;;R$ / litro;SABBÁ
NE;PI;TERESINA;POSTO CERTO LTDA; 08.610.754/0001-75;AVENIDA JOAO XXIII;2180;;NOIVOS;64045-000;ETANOL;25/05/2026;4,99;;R$ / litro;SABBÁ
NE;PI;TERESINA;JUNCO COMERCIAL LTDA; 02.760.727/0002-83;AVENIDA MARANHAO;900;;CENTRO/N;64000-010;GASOLINA;28/05/2026;6,59;;R$ / litro;VIBRA
NE;PI;TERESINA;JUNCO COMERCIAL LTDA; 02.760.727/0002-83;AVENIDA MARANHAO;900;;CENTRO/N;64000-010;GASOLINA ADITIVADA;28/05/2026;6,99;;R$ / litro;VIBRA
NE;PI;TERESINA;JUNCO COMERCIAL LTDA; 02.760.727/0002-83;AVENIDA MARANHAO;900;;CENTRO/N;64000-010;ETANOL;28/05/2026;4,99;;R$ / litro;VIBRA
NE;PI;TERESINA;POSTO CERTO LTDA; 08.610.754/0002-56;AVENIDA DEPUTADO PAULO FERRAZ;1771;;BEIRA RIO;64075-535;GASOLINA;26/05/2026;6,69;;R$ / litro;SABBÁ
NE;PI;TERESINA;POSTO CERTO LTDA; 08.610.754/0002-56;AVENIDA DEPUTADO PAULO FERRAZ;1771;;BEIRA RIO;64075-535;DIESEL;26/05/2026;7,39;;R$ / litro;SABBÁ
NE;PI;TERESINA;POSTO CERTO LTDA; 08.610.754/0002-56;AVENIDA DEPUTADO PAULO FERRAZ;1771;;BEIRA RIO;64075-535;DIESEL S10;26/05/2026;7,49;;R$ / litro;SABBÁ
NE;PI;TERESINA;POSTO CERTO LTDA; 08.610.754/0002-56;AVENIDA DEPUTADO PAULO FERRAZ;1771;;BEIRA RIO;64075-535;ETANOL;26/05/2026;4,99;;R$ / litro;SABBÁ
NE;PI;TERESINA;POSTO FLEX COMBUSTIVEIS LTDA; 10.948.874/0001-29;AVENIDA PRESIDENTE KENNEDY;5200;/B;MORROS;64062-100;GASOLINA;25/05/2026;6,67;;R$ / litro;BRANCA
NE;PI;TERESINA;POSTO FLEX COMBUSTIVEIS LTDA; 10.948.874/0001-29;AVENIDA PRESIDENTE KENNEDY;5200;/B;MORROS;64062-100;DIESEL S10;25/05/2026;7,29;;R$ / litro;BRANCA
NE;PI;TERESINA;POSTO FLEX COMBUSTIVEIS LTDA; 10.948.874/0001-29;AVENIDA PRESIDENTE KENNEDY;5200;/B;MORROS;64062-100;ETANOL;25/05/2026;4,87;;R$ / litro;BRANCA
NE;PI;TERESINA;CACIQUE PETROLEO LTDA; 06.656.656/0020-06;AVENIDA DEPUTADO PAULO FERRAZ;2907;;SAO RAIMUNDO;64075-005;GASOLINA;26/05/2026;6,79;;R$ / litro;IPIRANGA
NE;PI;TERESINA;CACIQUE PETROLEO LTDA; 06.656.656/0020-06;AVENIDA DEPUTADO PAULO FERRAZ;2907;;SAO RAIMUNDO;64075-005;GASOLINA ADITIVADA;26/05/2026;7,29;;R$ / litro;IPIRANGA
NE;PI;TERESINA;CACIQUE PETROLEO LTDA; 06.656.656/0020-06;AVENIDA DEPUTADO PAULO FERRAZ;2907;;SAO RAIMUNDO;64075-005;DIESEL;26/05/2026;7,59;;R$ / litro;IPIRANGA
NE;PI;TERESINA;CACIQUE PETROLEO LTDA; 06.656.656/0020-06;AVENIDA DEPUTADO PAULO FERRAZ;2907;;SAO RAIMUNDO;64075-005;DIESEL S10;26/05/2026;7,69;;R$ / litro;IPIRANGA
NE;PI;TERESINA;CACIQUE PETROLEO LTDA; 06.656.656/0020-06;AVENIDA DEPUTADO PAULO FERRAZ;2907;;SAO RAIMUNDO;64075-005;ETANOL;26/05/2026;4,99;;R$ / litro;IPIRANGA
NE;PI;TERESINA;IGUATEMI DISTRIBUIDORA LTDA; 03.072.068/0002-55;AVENIDA DOM SEVERINO;1498;;FATIMA;64049-375;GASOLINA;25/05/2026;6,65;;R$ / litro;BRANCA
NE;PI;TERESINA;IGUATEMI DISTRIBUIDORA LTDA; 03.072.068/0002-55;AVENIDA DOM SEVERINO;1498;;FATIMA;64049-375;GASOLINA ADITIVADA;25/05/2026;6,67;;R$ / litro;BRANCA
NE;PI;TERESINA;IGUATEMI DISTRIBUIDORA LTDA; 03.072.068/0002-55;AVENIDA DOM SEVERINO;1498;;FATIMA;64049-375;DIESEL S10;25/05/2026;7,49;;R$ / litro;BRANCA
NE;PI;TERESINA;IGUATEMI DISTRIBUIDORA LTDA; 03.072.068/0002-55;AVENIDA DOM SEVERINO;1498;;FATIMA;64049-375;ETANOL;25/05/2026;4,89;;R$ / litro;BRANCA
NE;PI;TERESINA;CACIQUE PETROLEO LTDA; 06.656.656/0022-78;AVENIDA DEPUTADO PAULO FERRAZ;1910;;TANCREDO NEVES;64076-005;GASOLINA;26/05/2026;6,79;;R$ / litro;IPIRANGA
NE;PI;TERESINA;CACIQUE PETROLEO LTDA; 06.656.656/0022-78;AVENIDA DEPUTADO PAULO FERRAZ;1910;;TANCREDO NEVES;64076-005;GASOLINA ADITIVADA;26/05/2026;7,29;;R$ / litro;IPIRANGA
NE;PI;TERESINA;CACIQUE PETROLEO LTDA; 06.656.656/0022-78;AVENIDA DEPUTADO PAULO FERRAZ;1910;;TANCREDO NEVES;64076-005;DIESEL;26/05/2026;7,59;;R$ / litro;IPIRANGA
NE;PI;TERESINA;CACIQUE PETROLEO LTDA; 06.656.656/0022-78;AVENIDA DEPUTADO PAULO FERRAZ;1910;;TANCREDO NEVES;64076-005;DIESEL S10;26/05/2026;7,69;;R$ / litro;IPIRANGA
NE;PI;TERESINA;CACIQUE PETROLEO LTDA; 06.656.656/0022-78;AVENIDA DEPUTADO PAULO FERRAZ;1910;;TANCREDO NEVES;64076-005;ETANOL;26/05/2026;4,99;;R$ / litro;IPIRANGA
NE;PI;TERESINA;POSTO MAIS VALE LTDA; 26.128.088/0001-15;AVENIDA ZEQUINHA FREIRE;2260;QUADRAA                   LOTE  03;URUGUAI;64073-020;GASOLINA;26/05/2026;6,59;;R$ / litro;BRANCA
NE;PI;TERESINA;POSTO MAIS VALE LTDA; 26.128.088/0001-15;AVENIDA ZEQUINHA FREIRE;2260;QUADRAA                   LOTE  03;URUGUAI;64073-020;ETANOL;26/05/2026;4,89;;R$ / litro;BRANCA
NE;PI;TERESINA;POSTO MARTINEZ LTDA - ME; 02.992.818/0001-63;AVENIDA ANTONIO OLIVEIRA;61;;GURUPI;64091-400;GASOLINA;27/05/2026;6,89;;R$ / litro;IPIRANGA
NE;PI;TERESINA;POSTO MARTINEZ LTDA - ME; 02.992.818/0001-63;AVENIDA ANTONIO OLIVEIRA;61;;GURUPI;64091-400;GASOLINA ADITIVADA;27/05/2026;7,19;;R$ / litro;IPIRANGA
NE;PI;TERESINA;POSTO MARTINEZ LTDA - ME; 02.992.818/0001-63;AVENIDA ANTONIO OLIVEIRA;61;;GURUPI;64091-400;ETANOL;27/05/2026;5,29;;R$ / litro;IPIRANGA
NE;PI;TERESINA;COMERCIO CARVALHO LTDA; 06.511.885/0013-03;RUA JERUMENHA;4590;LETRA A;BUENOS AIRES;64008-300;GASOLINA;28/05/2026;6,86;;R$ / litro;VIBRA
NE;PI;TERESINA;COMERCIO CARVALHO LTDA; 06.511.885/0013-03;RUA JERUMENHA;4590;LETRA A;BUENOS AIRES;64008-300;GASOLINA ADITIVADA;28/05/2026;7,15;;R$ / litro;VIBRA
NE;PI;TERESINA;COMERCIO CARVALHO LTDA; 06.511.885/0013-03;RUA JERUMENHA;4590;LETRA A;BUENOS AIRES;64008-300;DIESEL S10;28/05/2026;7,69;;R$ / litro;VIBRA
NE;PI;TERESINA;COMERCIO CARVALHO LTDA; 06.511.885/0013-03;RUA JERUMENHA;4590;LETRA A;BUENOS AIRES;64008-300;ETANOL;28/05/2026;5,15;;R$ / litro;VIBRA
NE;PI;TERESINA;NEIVA & BRITO COMBUSTIVEIS LTDA; 32.237.402/0001-09;AVENIDA ZEQUINHA FREIRE;3419;;SATELITE;64059-310;GASOLINA;26/05/2026;6,78;;R$ / litro;BRANCA
NE;PI;TERESINA;NEIVA & BRITO COMBUSTIVEIS LTDA; 32.237.402/0001-09;AVENIDA ZEQUINHA FREIRE;3419;;SATELITE;64059-310;GASOLINA ADITIVADA;26/05/2026;6,88;;R$ / litro;BRANCA
NE;PI;TERESINA;NEIVA & BRITO COMBUSTIVEIS LTDA; 32.237.402/0001-09;AVENIDA ZEQUINHA FREIRE;3419;;SATELITE;64059-310;DIESEL S10;26/05/2026;7,58;;R$ / litro;BRANCA
NE;PI;TERESINA;NEIVA & BRITO COMBUSTIVEIS LTDA; 32.237.402/0001-09;AVENIDA ZEQUINHA FREIRE;3419;;SATELITE;64059-310;ETANOL;26/05/2026;4,98;;R$ / litro;BRANCA
NE;PI;TERESINA;POSTO DE COMBUSTIVEL AGUIA LTDA; 28.985.753/0001-12;AVENIDA HOMERO CASTELO BRANCO;2101;LETRA A;FATIMA;64049-505;GASOLINA;25/05/2026;6,79;;R$ / litro;IPIRANGA
NE;PI;TERESINA;POSTO DE COMBUSTIVEL AGUIA LTDA; 28.985.753/0001-12;AVENIDA HOMERO CASTELO BRANCO;2101;LETRA A;FATIMA;64049-505;GASOLINA ADITIVADA;25/05/2026;6,99;;R$ / litro;IPIRANGA
NE;PI;TERESINA;POSTO DE COMBUSTIVEL AGUIA LTDA; 28.985.753/0001-12;AVENIDA HOMERO CASTELO BRANCO;2101;LETRA A;FATIMA;64049-505;DIESEL S10;25/05/2026;7,99;;R$ / litro;IPIRANGA
NE;PI;TERESINA;POSTO DE COMBUSTIVEL AGUIA LTDA; 28.985.753/0001-12;AVENIDA HOMERO CASTELO BRANCO;2101;LETRA A;FATIMA;64049-505;ETANOL;25/05/2026;4,99;;R$ / litro;IPIRANGA
NE;PI;TERESINA;JESUS JOSE NOGUEIRA JUNIOR LTDA; 38.635.568/0001-51;AVENIDA SENADOR AREA LEAO;2140;;SAO CRISTOVAO;64051-090;ETANOL;25/05/2026;5,10;;R$ / litro;VIBRA
NE;PI;TERESINA;JESUS JOSE NOGUEIRA JUNIOR LTDA; 38.635.568/0001-51;AVENIDA SENADOR AREA LEAO;2140;;SAO CRISTOVAO;64051-090;GASOLINA;25/05/2026;6,69;;R$ / litro;VIBRA
NE;PI;TERESINA;JESUS JOSE NOGUEIRA JUNIOR LTDA; 38.635.568/0001-51;AVENIDA SENADOR AREA LEAO;2140;;SAO CRISTOVAO;64051-090;GASOLINA ADITIVADA;25/05/2026;7,19;;R$ / litro;VIBRA
NE;PI;TERESINA;JESUS JOSE NOGUEIRA JUNIOR LTDA; 38.635.568/0001-51;AVENIDA SENADOR AREA LEAO;2140;;SAO CRISTOVAO;64051-090;DIESEL S10;25/05/2026;7,99;;R$ / litro;VIBRA
NE;PI;TERESINA;HD PETROLEO USINA LTDA; 05.510.040/0001-05;AVENIDA PROFESSOR CAMILO FILHO;8200;;SAO SEBASTIAO;64085-338;GASOLINA;01/06/2026;5,79;;R$ / litro;BRANCA
NE;PI;TERESINA;HD PETROLEO USINA LTDA; 05.510.040/0001-05;AVENIDA PROFESSOR CAMILO FILHO;8200;;SAO SEBASTIAO;64085-338;ETANOL;01/06/2026;4,49;;R$ / litro;BRANCA
NE;PI;TERESINA;JUNCO COMERCIAL LTDA; 02.760.727/0001-00;RUA JOAQUIM NELSON;2121;;PARQUE IDEAL;64078-625;GASOLINA;01/06/2026;6,59;;R$ / litro;VIBRA
NE;PI;TERESINA;JUNCO COMERCIAL LTDA; 02.760.727/0001-00;RUA JOAQUIM NELSON;2121;;PARQUE IDEAL;64078-625;GASOLINA ADITIVADA;01/06/2026;6,79;;R$ / litro;VIBRA
NE;PI;TERESINA;JUNCO COMERCIAL LTDA; 02.760.727/0001-00;RUA JOAQUIM NELSON;2121;;PARQUE IDEAL;64078-625;DIESEL S10;01/06/2026;7,39;;R$ / litro;VIBRA
NE;PI;TERESINA;JUNCO COMERCIAL LTDA; 02.760.727/0001-00;RUA JOAQUIM NELSON;2121;;PARQUE IDEAL;64078-625;ETANOL;01/06/2026;4,99;;R$ / litro;VIBRA
NE;PI;TERESINA;POSTO CERTO LTDA; 08.610.754/0002-56;AVENIDA DEPUTADO PAULO FERRAZ;1771;;BEIRA RIO;64075-535;GASOLINA;02/06/2026;6,69;;R$ / litro;SABBÁ
NE;PI;TERESINA;POSTO CERTO LTDA; 08.610.754/0002-56;AVENIDA DEPUTADO PAULO FERRAZ;1771;;BEIRA RIO;64075-535;DIESEL;02/06/2026;7,39;;R$ / litro;SABBÁ
NE;PI;TERESINA;POSTO CERTO LTDA; 08.610.754/0002-56;AVENIDA DEPUTADO PAULO FERRAZ;1771;;BEIRA RIO;64075-535;DIESEL S10;02/06/2026;7,49;;R$ / litro;SABBÁ
NE;PI;TERESINA;POSTO CERTO LTDA; 08.610.754/0002-56;AVENIDA DEPUTADO PAULO FERRAZ;1771;;BEIRA RIO;64075-535;ETANOL;02/06/2026;4,99;;R$ / litro;SABBÁ
NE;PI;TERESINA;CACIQUE PETROLEO LTDA; 06.656.656/0020-06;AVENIDA DEPUTADO PAULO FERRAZ;2907;;SAO RAIMUNDO;64075-005;GASOLINA;02/06/2026;6,79;;R$ / litro;IPIRANGA
NE;PI;TERESINA;CACIQUE PETROLEO LTDA; 06.656.656/0020-06;AVENIDA DEPUTADO PAULO FERRAZ;2907;;SAO RAIMUNDO;64075-005;GASOLINA ADITIVADA;02/06/2026;7,29;;R$ / litro;IPIRANGA
NE;PI;TERESINA;CACIQUE PETROLEO LTDA; 06.656.656/0020-06;AVENIDA DEPUTADO PAULO FERRAZ;2907;;SAO RAIMUNDO;64075-005;DIESEL;02/06/2026;7,59;;R$ / litro;IPIRANGA
NE;PI;TERESINA;CACIQUE PETROLEO LTDA; 06.656.656/0020-06;AVENIDA DEPUTADO PAULO FERRAZ;2907;;SAO RAIMUNDO;64075-005;DIESEL S10;02/06/2026;7,69;;R$ / litro;IPIRANGA
NE;PI;TERESINA;CACIQUE PETROLEO LTDA; 06.656.656/0020-06;AVENIDA DEPUTADO PAULO FERRAZ;2907;;SAO RAIMUNDO;64075-005;ETANOL;02/06/2026;4,99;;R$ / litro;IPIRANGA
NE;PI;TERESINA;CACIQUE PETROLEO LTDA; 06.656.656/0022-78;AVENIDA DEPUTADO PAULO FERRAZ;1910;;TANCREDO NEVES;64076-005;GASOLINA;01/06/2026;6,79;;R$ / litro;IPIRANGA
NE;PI;TERESINA;CACIQUE PETROLEO LTDA; 06.656.656/0022-78;AVENIDA DEPUTADO PAULO FERRAZ;1910;;TANCREDO NEVES;64076-005;GASOLINA ADITIVADA;01/06/2026;7,29;;R$ / litro;IPIRANGA
NE;PI;TERESINA;CACIQUE PETROLEO LTDA; 06.656.656/0022-78;AVENIDA DEPUTADO PAULO FERRAZ;1910;;TANCREDO NEVES;64076-005;DIESEL;01/06/2026;7,59;;R$ / litro;IPIRANGA
NE;PI;TERESINA;CACIQUE PETROLEO LTDA; 06.656.656/0022-78;AVENIDA DEPUTADO PAULO FERRAZ;1910;;TANCREDO NEVES;64076-005;DIESEL S10;01/06/2026;7,69;;R$ / litro;IPIRANGA
NE;PI;TERESINA;CACIQUE PETROLEO LTDA; 06.656.656/0022-78;AVENIDA DEPUTADO PAULO FERRAZ;1910;;TANCREDO NEVES;64076-005;ETANOL;01/06/2026;4,99;;R$ / litro;IPIRANGA
NE;PI;TERESINA;S P MAGALHAES EMPREENDIMENTOS LTDA; 10.978.518/0001-58;AVENIDA JOAO XXIII;1520;0;SÃO CRISTÓVÃO;64045-000;GASOLINA;09/06/2026;6,59;;R$ / litro;SABBÁ
NE;PI;TERESINA;S P MAGALHAES EMPREENDIMENTOS LTDA; 10.978.518/0001-58;AVENIDA JOAO XXIII;1520;0;SÃO CRISTÓVÃO;64045-000;ETANOL;09/06/2026;4,79;;R$ / litro;SABBÁ
NE;PI;TERESINA;SAO FRANCISCO PETROLEO LTDA; 10.336.626/0001-27;AVENIDA FREI SERAFIM;2474;;CENTRO;64001-020;GASOLINA;09/06/2026;6,49;;R$ / litro;VIBRA
NE;PI;TERESINA;SAO FRANCISCO PETROLEO LTDA; 10.336.626/0001-27;AVENIDA FREI SERAFIM;2474;;CENTRO;64001-020;GASOLINA ADITIVADA;09/06/2026;6,89;;R$ / litro;VIBRA
NE;PI;TERESINA;SAO FRANCISCO PETROLEO LTDA; 10.336.626/0001-27;AVENIDA FREI SERAFIM;2474;;CENTRO;64001-020;DIESEL;09/06/2026;7,49;;R$ / litro;VIBRA
NE;PI;TERESINA;SAO FRANCISCO PETROLEO LTDA; 10.336.626/0001-27;AVENIDA FREI SERAFIM;2474;;CENTRO;64001-020;ETANOL;09/06/2026;4,78;;R$ / litro;VIBRA
NE;PI;TERESINA;CACIQUE PETROLEO LTDA; 06.656.656/0003-05;AVENIDA PRESIDENTE KENNEDY;1944;;SAO CRISTOVAO;64052-800;GASOLINA;09/06/2026;6,89;;R$ / litro;VIBRA
NE;PI;TERESINA;CACIQUE PETROLEO LTDA; 06.656.656/0003-05;AVENIDA PRESIDENTE KENNEDY;1944;;SAO CRISTOVAO;64052-800;GASOLINA ADITIVADA;09/06/2026;7,29;;R$ / litro;VIBRA
NE;PI;TERESINA;CACIQUE PETROLEO LTDA; 06.656.656/0003-05;AVENIDA PRESIDENTE KENNEDY;1944;;SAO CRISTOVAO;64052-800;ETANOL;09/06/2026;4,99;;R$ / litro;VIBRA
NE;PI;TERESINA;CACIQUE PETROLEO LTDA; 06.656.656/0002-24;AVENIDA MIGUEL ROSA;3833;SUL;PICARRA;64001-973;GASOLINA;09/06/2026;6,89;;R$ / litro;VIBRA
NE;PI;TERESINA;CACIQUE PETROLEO LTDA; 06.656.656/0002-24;AVENIDA MIGUEL ROSA;3833;SUL;PICARRA;64001-973;GASOLINA ADITIVADA;09/06/2026;7,29;;R$ / litro;VIBRA
NE;PI;TERESINA;CACIQUE PETROLEO LTDA; 06.656.656/0002-24;AVENIDA MIGUEL ROSA;3833;SUL;PICARRA;64001-973;ETANOL;09/06/2026;4,99;;R$ / litro;VIBRA
NE;PI;TERESINA;FCN.X CARVALHO COMBUSTIVEL LTDA; 09.641.208/0001-64;AVENIDA HOMERO CASTELO BRANCO;630;SALA  C;SAO CRISTOVAO;64048-400;GASOLINA;09/06/2026;6,89;;R$ / litro;VIBRA
NE;PI;TERESINA;FCN.X CARVALHO COMBUSTIVEL LTDA; 09.641.208/0001-64;AVENIDA HOMERO CASTELO BRANCO;630;SALA  C;SAO CRISTOVAO;64048-400;GASOLINA ADITIVADA;09/06/2026;7,39;;R$ / litro;VIBRA
NE;PI;TERESINA;FCN.X CARVALHO COMBUSTIVEL LTDA; 09.641.208/0001-64;AVENIDA HOMERO CASTELO BRANCO;630;SALA  C;SAO CRISTOVAO;64048-400;ETANOL;09/06/2026;5,09;;R$ / litro;VIBRA
NE;PI;TERESINA;POSTO CERTO LTDA; 08.610.754/0001-75;AVENIDA JOAO XXIII;2180;;NOIVOS;64045-000;GASOLINA;09/06/2026;6,89;;R$ / litro;SABBÁ
NE;PI;TERESINA;POSTO CERTO LTDA; 08.610.754/0001-75;AVENIDA JOAO XXIII;2180;;NOIVOS;64045-000;GASOLINA ADITIVADA;09/06/2026;7,19;;R$ / litro;SABBÁ
NE;PI;TERESINA;POSTO CERTO LTDA; 08.610.754/0001-75;AVENIDA JOAO XXIII;2180;;NOIVOS;64045-000;DIESEL S10;09/06/2026;7,59;;R$ / litro;SABBÁ
NE;PI;TERESINA;POSTO CERTO LTDA; 08.610.754/0001-75;AVENIDA JOAO XXIII;2180;;NOIVOS;64045-000;ETANOL;09/06/2026;4,99;;R$ / litro;SABBÁ
NE;PI;TERESINA;CACIQUE PETROLEO LTDA; 06.656.656/0019-72;AVENIDA LINDOLFO MONTEIRO;990;;FATIMA;64049-440;GASOLINA;09/06/2026;6,99;;R$ / litro;VIBRA
NE;PI;TERESINA;CACIQUE PETROLEO LTDA; 06.656.656/0019-72;AVENIDA LINDOLFO MONTEIRO;990;;FATIMA;64049-440;GASOLINA ADITIVADA;09/06/2026;7,49;;R$ / litro;VIBRA
NE;PI;TERESINA;CACIQUE PETROLEO LTDA; 06.656.656/0019-72;AVENIDA LINDOLFO MONTEIRO;990;;FATIMA;64049-440;DIESEL;09/06/2026;7,89;;R$ / litro;VIBRA
NE;PI;TERESINA;CACIQUE PETROLEO LTDA; 06.656.656/0019-72;AVENIDA LINDOLFO MONTEIRO;990;;FATIMA;64049-440;ETANOL;09/06/2026;5,09;;R$ / litro;VIBRA
NE;PI;TERESINA;COMPANHIA BRASILEIRA DE DISTRIBUICAO; 47.508.411/1563-26;AVENIDA PRESIDENTE KENNEDY;501;PARTE II;SAO CRISTOVAO;64052-345;GASOLINA;09/06/2026;6,55;;R$ / litro;IPIRANGA
NE;PI;TERESINA;COMPANHIA BRASILEIRA DE DISTRIBUICAO; 47.508.411/1563-26;AVENIDA PRESIDENTE KENNEDY;501;PARTE II;SAO CRISTOVAO;64052-345;GASOLINA ADITIVADA;09/06/2026;6,75;;R$ / litro;IPIRANGA
NE;PI;TERESINA;COMPANHIA BRASILEIRA DE DISTRIBUICAO; 47.508.411/1563-26;AVENIDA PRESIDENTE KENNEDY;501;PARTE II;SAO CRISTOVAO;64052-345;ETANOL;09/06/2026;4,99;;R$ / litro;IPIRANGA
NE;PI;TERESINA;JESUS JOSE NOGUEIRA JUNIOR LTDA; 38.635.568/0001-51;AVENIDA SENADOR AREA LEAO;2140;;SAO CRISTOVAO;64051-090;GASOLINA;09/06/2026;6,09;;R$ / litro;VIBRA
NE;PI;TERESINA;JESUS JOSE NOGUEIRA JUNIOR LTDA; 38.635.568/0001-51;AVENIDA SENADOR AREA LEAO;2140;;SAO CRISTOVAO;64051-090;GASOLINA ADITIVADA;09/06/2026;7,19;;R$ / litro;VIBRA
NE;PI;TERESINA;JESUS JOSE NOGUEIRA JUNIOR LTDA; 38.635.568/0001-51;AVENIDA SENADOR AREA LEAO;2140;;SAO CRISTOVAO;64051-090;DIESEL S10;09/06/2026;7,99;;R$ / litro;VIBRA
NE;PI;TERESINA;JESUS JOSE NOGUEIRA JUNIOR LTDA; 38.635.568/0001-51;AVENIDA SENADOR AREA LEAO;2140;;SAO CRISTOVAO;64051-090;ETANOL;09/06/2026;4,79;;R$ / litro;VIBRA
NE;PI;TERESINA;POSTO SAO BENEDITO PETROLEO LTDA; 45.542.078/0001-76;AVENIDA FREI SERAFIM;3038;;FREI SERAFIM;64001-540;GASOLINA;09/06/2026;6,69;;R$ / litro;BRANCA
NE;PI;TERESINA;POSTO SAO BENEDITO PETROLEO LTDA; 45.542.078/0001-76;AVENIDA FREI SERAFIM;3038;;FREI SERAFIM;64001-540;GASOLINA ADITIVADA;09/06/2026;6,69;;R$ / litro;BRANCA
NE;PI;TERESINA;POSTO SAO BENEDITO PETROLEO LTDA; 45.542.078/0001-76;AVENIDA FREI SERAFIM;3038;;FREI SERAFIM;64001-540;DIESEL S10;09/06/2026;7,29;;R$ / litro;BRANCA
NE;PI;TERESINA;PLANALTO PETROLEO CAJUINA LTDA; 49.126.984/0001-40;AVENIDA ENGENHEIRO ALBERTO SILVA;1100;;SAO JOAO;64045-575;GASOLINA;10/06/2026;6,69;;R$ / litro;BRANCA
NE;PI;TERESINA;PLANALTO PETROLEO CAJUINA LTDA; 49.126.984/0001-40;AVENIDA ENGENHEIRO ALBERTO SILVA;1100;;SAO JOAO;64045-575;GASOLINA ADITIVADA;10/06/2026;6,69;;R$ / litro;BRANCA
NE;PI;TERESINA;PLANALTO PETROLEO CAJUINA LTDA; 49.126.984/0001-40;AVENIDA ENGENHEIRO ALBERTO SILVA;1100;;SAO JOAO;64045-575;DIESEL S10;10/06/2026;7,59;;R$ / litro;BRANCA
NE;PI;TERESINA;PLANALTO PETROLEO CAJUINA LTDA; 49.126.984/0001-40;AVENIDA ENGENHEIRO ALBERTO SILVA;1100;;SAO JOAO;64045-575;ETANOL;10/06/2026;4,85;;R$ / litro;BRANCA
NE;PI;TERESINA;CACIQUE PETROLEO LTDA; 06.656.656/0043-00;AVENIDA CAJUINA;1675;LETRA A;NOIVOS;64046-000;GASOLINA;09/06/2026;6,89;;R$ / litro;SABBÁ
NE;PI;TERESINA;CACIQUE PETROLEO LTDA; 06.656.656/0043-00;AVENIDA CAJUINA;1675;LETRA A;NOIVOS;64046-000;GASOLINA ADITIVADA;09/06/2026;7,19;;R$ / litro;SABBÁ
NE;PI;TERESINA;CACIQUE PETROLEO LTDA; 06.656.656/0043-00;AVENIDA CAJUINA;1675;LETRA A;NOIVOS;64046-000;ETANOL;09/06/2026;4,99;;R$ / litro;SABBÁ
NE;PI;TERESINA;CACIQUE PETROLEO LTDA; 06.656.656/0052-93;AVENIDA HOMERO CASTELO BRANCO;1945;LOJA  01;FATIMA;64049-505;GASOLINA;09/06/2026;6,69;;R$ / litro;IPIRANGA
NE;PI;TERESINA;CACIQUE PETROLEO LTDA; 06.656.656/0052-93;AVENIDA HOMERO CASTELO BRANCO;1945;LOJA  01;FATIMA;64049-505;GASOLINA ADITIVADA;09/06/2026;7,09;;R$ / litro;IPIRANGA
NE;PI;TERESINA;CACIQUE PETROLEO LTDA; 06.656.656/0052-93;AVENIDA HOMERO CASTELO BRANCO;1945;LOJA  01;FATIMA;64049-505;ETANOL;09/06/2026;4,89;;R$ / litro;IPIRANGA
NE;PI;TERESINA;POSTO HOMERO CASTELO BRANCO LTDA; 08.596.605/0001-07;AVENIDA TOMAZ DE AREA LEAO;2563;;ININGA;64048-600;GASOLINA;16/06/2026;6,89;;R$ / litro;VIBRA
NE;PI;TERESINA;POSTO HOMERO CASTELO BRANCO LTDA; 08.596.605/0001-07;AVENIDA TOMAZ DE AREA LEAO;2563;;ININGA;64048-600;GASOLINA ADITIVADA;16/06/2026;7,19;;R$ / litro;VIBRA
NE;PI;TERESINA;POSTO HOMERO CASTELO BRANCO LTDA; 08.596.605/0001-07;AVENIDA TOMAZ DE AREA LEAO;2563;;ININGA;64048-600;ETANOL;16/06/2026;4,99;;R$ / litro;VIBRA
NE;PI;TERESINA;PLANALTO PETROLEO BOLA LTDA; 04.787.075/0003-87;RUA IGARACU;2864;;PRIMAVERA;64003-370;GASOLINA;17/06/2026;6,79;;R$ / litro;SABBÁ
NE;PI;TERESINA;PLANALTO PETROLEO BOLA LTDA; 04.787.075/0003-87;RUA IGARACU;2864;;PRIMAVERA;64003-370;DIESEL;17/06/2026;7,29;;R$ / litro;SABBÁ
NE;PI;TERESINA;PLANALTO PETROLEO BOLA LTDA; 04.787.075/0003-87;RUA IGARACU;2864;;PRIMAVERA;64003-370;DIESEL S10;17/06/2026;7,49;;R$ / litro;SABBÁ
NE;PI;TERESINA;PLANALTO PETROLEO BOLA LTDA; 04.787.075/0003-87;RUA IGARACU;2864;;PRIMAVERA;64003-370;ETANOL;17/06/2026;4,99;;R$ / litro;SABBÁ
NE;PI;TERESINA;PN PETROLEO LTDA.; 06.331.431/0001-17;RUA MUNDINHO FERRAZ;3225;;SAO CRISTOVAO;64055-330;GASOLINA;16/06/2026;6,89;;R$ / litro;BRANCA
NE;PI;TERESINA;PN PETROLEO LTDA.; 06.331.431/0001-17;RUA MUNDINHO FERRAZ;3225;;SAO CRISTOVAO;64055-330;GASOLINA ADITIVADA;16/06/2026;6,89;;R$ / litro;BRANCA
NE;PI;TERESINA;PN PETROLEO LTDA.; 06.331.431/0001-17;RUA MUNDINHO FERRAZ;3225;;SAO CRISTOVAO;64055-330;DIESEL S10;16/06/2026;7,39;;R$ / litro;BRANCA
NE;PI;TERESINA;HD PETROLEO USINA LTDA; 05.510.040/0001-05;AVENIDA PROFESSOR CAMILO FILHO;8200;;SAO SEBASTIAO;64085-338;GASOLINA;15/06/2026;5,79;;R$ / litro;BRANCA
NE;PI;TERESINA;HD PETROLEO USINA LTDA; 05.510.040/0001-05;AVENIDA PROFESSOR CAMILO FILHO;8200;;SAO SEBASTIAO;64085-338;ETANOL;15/06/2026;4,49;;R$ / litro;BRANCA
NE;PI;TERESINA;S P MAGALHAES EMPREENDIMENTOS LTDA; 10.978.518/0001-58;AVENIDA JOAO XXIII;1520;0;SÃO CRISTÓVÃO;64045-000;GASOLINA;16/06/2026;6,65;;R$ / litro;SABBÁ
NE;PI;TERESINA;S P MAGALHAES EMPREENDIMENTOS LTDA; 10.978.518/0001-58;AVENIDA JOAO XXIII;1520;0;SÃO CRISTÓVÃO;64045-000;ETANOL;16/06/2026;4,79;;R$ / litro;SABBÁ
NE;PI;TERESINA;SAO FRANCISCO PETROLEO LTDA; 10.336.626/0001-27;AVENIDA FREI SERAFIM;2474;;CENTRO;64001-020;GASOLINA;16/06/2026;6,98;;R$ / litro;VIBRA
NE;PI;TERESINA;SAO FRANCISCO PETROLEO LTDA; 10.336.626/0001-27;AVENIDA FREI SERAFIM;2474;;CENTRO;64001-020;GASOLINA ADITIVADA;16/06/2026;7,09;;R$ / litro;VIBRA
NE;PI;TERESINA;SAO FRANCISCO PETROLEO LTDA; 10.336.626/0001-27;AVENIDA FREI SERAFIM;2474;;CENTRO;64001-020;DIESEL S10;16/06/2026;7,49;;R$ / litro;VIBRA
NE;PI;TERESINA;SAO FRANCISCO PETROLEO LTDA; 10.336.626/0001-27;AVENIDA FREI SERAFIM;2474;;CENTRO;64001-020;ETANOL;16/06/2026;4,78;;R$ / litro;VIBRA
NE;PI;TERESINA;PIPEL-PICOS PETROLEO LTDA; 07.483.266/0005-05;AVENIDA PREF. WALL  FERRAZ;7420;;TRIUNFO;64000-010;GASOLINA;16/06/2026;6,56;;R$ / litro;VIBRA
NE;PI;TERESINA;PIPEL-PICOS PETROLEO LTDA; 07.483.266/0005-05;AVENIDA PREF. WALL  FERRAZ;7420;;TRIUNFO;64000-010;GASOLINA ADITIVADA;16/06/2026;6,83;;R$ / litro;VIBRA
NE;PI;TERESINA;PIPEL-PICOS PETROLEO LTDA; 07.483.266/0005-05;AVENIDA PREF. WALL  FERRAZ;7420;;TRIUNFO;64000-010;DIESEL S10;16/06/2026;7,17;;R$ / litro;VIBRA
NE;PI;TERESINA;CACIQUE PETROLEO LTDA; 06.656.656/0004-96;AVENIDA MIGUEL ROSA;3768;SUL;PICARRA;64001-973;GASOLINA;16/06/2026;6,89;;R$ / litro;VIBRA
NE;PI;TERESINA;CACIQUE PETROLEO LTDA; 06.656.656/0004-96;AVENIDA MIGUEL ROSA;3768;SUL;PICARRA;64001-973;GASOLINA ADITIVADA;16/06/2026;7,29;;R$ / litro;VIBRA
NE;PI;TERESINA;CACIQUE PETROLEO LTDA; 06.656.656/0004-96;AVENIDA MIGUEL ROSA;3768;SUL;PICARRA;64001-973;ETANOL;16/06/2026;4,99;;R$ / litro;VIBRA
NE;PI;TERESINA;CACIQUE PETROLEO LTDA; 06.656.656/0003-05;AVENIDA PRESIDENTE KENNEDY;1944;;SAO CRISTOVAO;64052-800;GASOLINA;16/06/2026;6,89;;R$ / litro;VIBRA
NE;PI;TERESINA;CACIQUE PETROLEO LTDA; 06.656.656/0003-05;AVENIDA PRESIDENTE KENNEDY;1944;;SAO CRISTOVAO;64052-800;GASOLINA ADITIVADA;16/06/2026;7,29;;R$ / litro;VIBRA
NE;PI;TERESINA;CACIQUE PETROLEO LTDA; 06.656.656/0003-05;AVENIDA PRESIDENTE KENNEDY;1944;;SAO CRISTOVAO;64052-800;ETANOL;16/06/2026;4,99;;R$ / litro;VIBRA
NE;PI;TERESINA;CACIQUE PETROLEO LTDA; 06.656.656/0012-04;AVENIDA RUI BARBOSA;1662;;VILA OPERARIA;64076-410;GASOLINA;16/06/2026;6,89;;R$ / litro;VIBRA
NE;PI;TERESINA;CACIQUE PETROLEO LTDA; 06.656.656/0012-04;AVENIDA RUI BARBOSA;1662;;VILA OPERARIA;64076-410;GASOLINA ADITIVADA;16/06/2026;7,29;;R$ / litro;VIBRA
NE;PI;TERESINA;CACIQUE PETROLEO LTDA; 06.656.656/0012-04;AVENIDA RUI BARBOSA;1662;;VILA OPERARIA;64076-410;ETANOL;16/06/2026;4,99;;R$ / litro;VIBRA
NE;PI;TERESINA;CACIQUE PETROLEO LTDA; 06.656.656/0002-24;AVENIDA MIGUEL ROSA;3833;SUL;PICARRA;64001-973;GASOLINA;16/06/2026;6,89;;R$ / litro;VIBRA
NE;PI;TERESINA;CACIQUE PETROLEO LTDA; 06.656.656/0002-24;AVENIDA MIGUEL ROSA;3833;SUL;PICARRA;64001-973;GASOLINA ADITIVADA;16/06/2026;7,29;;R$ / litro;VIBRA
NE;PI;TERESINA;CACIQUE PETROLEO LTDA; 06.656.656/0002-24;AVENIDA MIGUEL ROSA;3833;SUL;PICARRA;64001-973;ETANOL;16/06/2026;4,99;;R$ / litro;VIBRA
NE;PI;TERESINA;MIRANTE PETROLEO LTDA; 03.612.498/0001-31;AVENIDA PRESIDENTE KENNEDY;5779;;MORROS;64062-100;GASOLINA;16/06/2026;6,77;;R$ / litro;IPIRANGA
NE;PI;TERESINA;MIRANTE PETROLEO LTDA; 03.612.498/0001-31;AVENIDA PRESIDENTE KENNEDY;5779;;MORROS;64062-100;DIESEL;16/06/2026;7,17;;R$ / litro;IPIRANGA
NE;PI;TERESINA;MIRANTE PETROLEO LTDA; 03.612.498/0001-31;AVENIDA PRESIDENTE KENNEDY;5779;;MORROS;64062-100;DIESEL S10;16/06/2026;7,27;;R$ / litro;IPIRANGA
NE;PI;TERESINA;MIRANTE PETROLEO LTDA; 03.612.498/0001-31;AVENIDA PRESIDENTE KENNEDY;5779;;MORROS;64062-100;ETANOL;16/06/2026;4,83;;R$ / litro;IPIRANGA
NE;PI;TERESINA;JUNCO COMERCIAL LTDA; 02.760.727/0001-00;RUA JOAQUIM NELSON;2121;;PARQUE IDEAL;64078-625;GASOLINA;16/06/2026;6,69;;R$ / litro;VIBRA
NE;PI;TERESINA;JUNCO COMERCIAL LTDA; 02.760.727/0001-00;RUA JOAQUIM NELSON;2121;;PARQUE IDEAL;64078-625;GASOLINA ADITIVADA;16/06/2026;6,89;;R$ / litro;VIBRA
NE;PI;TERESINA;JUNCO COMERCIAL LTDA; 02.760.727/0001-00;RUA JOAQUIM NELSON;2121;;PARQUE IDEAL;64078-625;DIESEL S10;16/06/2026;7,39;;R$ / litro;VIBRA
NE;PI;TERESINA;JUNCO COMERCIAL LTDA; 02.760.727/0001-00;RUA JOAQUIM NELSON;2121;;PARQUE IDEAL;64078-625;ETANOL;16/06/2026;4,99;;R$ / litro;VIBRA
NE;PI;TERESINA;FCN.X CARVALHO COMBUSTIVEL LTDA; 09.641.208/0001-64;AVENIDA HOMERO CASTELO BRANCO;630;SALA  C;SAO CRISTOVAO;64048-400;GASOLINA;16/06/2026;6,98;;R$ / litro;VIBRA
NE;PI;TERESINA;FCN.X CARVALHO COMBUSTIVEL LTDA; 09.641.208/0001-64;AVENIDA HOMERO CASTELO BRANCO;630;SALA  C;SAO CRISTOVAO;64048-400;GASOLINA ADITIVADA;16/06/2026;7,39;;R$ / litro;VIBRA
NE;PI;TERESINA;FCN.X CARVALHO COMBUSTIVEL LTDA; 09.641.208/0001-64;AVENIDA HOMERO CASTELO BRANCO;630;SALA  C;SAO CRISTOVAO;64048-400;ETANOL;16/06/2026;5,09;;R$ / litro;VIBRA
NE;PI;TERESINA;POSTO CERTO LTDA; 08.610.754/0001-75;AVENIDA JOAO XXIII;2180;;NOIVOS;64045-000;GASOLINA;16/06/2026;6,89;;R$ / litro;SABBÁ
NE;PI;TERESINA;POSTO CERTO LTDA; 08.610.754/0001-75;AVENIDA JOAO XXIII;2180;;NOIVOS;64045-000;GASOLINA ADITIVADA;16/06/2026;7,19;;R$ / litro;SABBÁ
NE;PI;TERESINA;POSTO CERTO LTDA; 08.610.754/0001-75;AVENIDA JOAO XXIII;2180;;NOIVOS;64045-000;DIESEL S10;16/06/2026;7,59;;R$ / litro;SABBÁ
NE;PI;TERESINA;POSTO CERTO LTDA; 08.610.754/0001-75;AVENIDA JOAO XXIII;2180;;NOIVOS;64045-000;ETANOL;16/06/2026;4,99;;R$ / litro;SABBÁ
NE;PI;TERESINA;POSTO CERTO LTDA; 08.610.754/0002-56;AVENIDA DEPUTADO PAULO FERRAZ;1771;;BEIRA RIO;64075-535;GASOLINA;16/06/2026;6,89;;R$ / litro;SABBÁ
NE;PI;TERESINA;POSTO CERTO LTDA; 08.610.754/0002-56;AVENIDA DEPUTADO PAULO FERRAZ;1771;;BEIRA RIO;64075-535;DIESEL;16/06/2026;7,39;;R$ / litro;SABBÁ
NE;PI;TERESINA;POSTO CERTO LTDA; 08.610.754/0002-56;AVENIDA DEPUTADO PAULO FERRAZ;1771;;BEIRA RIO;64075-535;DIESEL S10;16/06/2026;7,49;;R$ / litro;SABBÁ
NE;PI;TERESINA;POSTO CERTO LTDA; 08.610.754/0002-56;AVENIDA DEPUTADO PAULO FERRAZ;1771;;BEIRA RIO;64075-535;ETANOL;16/06/2026;4,99;;R$ / litro;SABBÁ
NE;PI;TERESINA;CACIQUE PETROLEO LTDA; 06.656.656/0018-91;RUA OLAVO BILAC;989;SUL;CENTRO;64001-280;GASOLINA;16/06/2026;6,89;;R$ / litro;VIBRA
NE;PI;TERESINA;CACIQUE PETROLEO LTDA; 06.656.656/0018-91;RUA OLAVO BILAC;989;SUL;CENTRO;64001-280;GASOLINA ADITIVADA;16/06/2026;7,29;;R$ / litro;VIBRA
NE;PI;TERESINA;CACIQUE PETROLEO LTDA; 06.656.656/0018-91;RUA OLAVO BILAC;989;SUL;CENTRO;64001-280;ETANOL;16/06/2026;4,99;;R$ / litro;VIBRA
NE;PI;TERESINA;POSTO FLEX COMBUSTIVEIS LTDA; 10.948.874/0001-29;AVENIDA PRESIDENTE KENNEDY;5200;/B;MORROS;64062-100;GASOLINA;16/06/2026;6,67;;R$ / litro;BRANCA
NE;PI;TERESINA;POSTO FLEX COMBUSTIVEIS LTDA; 10.948.874/0001-29;AVENIDA PRESIDENTE KENNEDY;5200;/B;MORROS;64062-100;DIESEL S10;16/06/2026;7,29;;R$ / litro;BRANCA
NE;PI;TERESINA;POSTO FLEX COMBUSTIVEIS LTDA; 10.948.874/0001-29;AVENIDA PRESIDENTE KENNEDY;5200;/B;MORROS;64062-100;ETANOL;16/06/2026;4,83;;R$ / litro;BRANCA
NE;PI;TERESINA;CACIQUE PETROLEO LTDA; 06.656.656/0019-72;AVENIDA LINDOLFO MONTEIRO;990;;FATIMA;64049-440;GASOLINA;16/06/2026;6,99;;R$ / litro;VIBRA
NE;PI;TERESINA;CACIQUE PETROLEO LTDA; 06.656.656/0019-72;AVENIDA LINDOLFO MONTEIRO;990;;FATIMA;64049-440;GASOLINA ADITIVADA;16/06/2026;7,49;;R$ / litro;VIBRA
NE;PI;TERESINA;CACIQUE PETROLEO LTDA; 06.656.656/0019-72;AVENIDA LINDOLFO MONTEIRO;990;;FATIMA;64049-440;DIESEL;16/06/2026;7,89;;R$ / litro;VIBRA
NE;PI;TERESINA;CACIQUE PETROLEO LTDA; 06.656.656/0019-72;AVENIDA LINDOLFO MONTEIRO;990;;FATIMA;64049-440;ETANOL;16/06/2026;4,99;;R$ / litro;VIBRA
NE;PI;TERESINA;CACIQUE PETROLEO LTDA; 06.656.656/0020-06;AVENIDA DEPUTADO PAULO FERRAZ;2907;;SAO RAIMUNDO;64075-005;GASOLINA;16/06/2026;6,89;;R$ / litro;IPIRANGA
NE;PI;TERESINA;CACIQUE PETROLEO LTDA; 06.656.656/0020-06;AVENIDA DEPUTADO PAULO FERRAZ;2907;;SAO RAIMUNDO;64075-005;GASOLINA ADITIVADA;16/06/2026;7,29;;R$ / litro;IPIRANGA
NE;PI;TERESINA;CACIQUE PETROLEO LTDA; 06.656.656/0020-06;AVENIDA DEPUTADO PAULO FERRAZ;2907;;SAO RAIMUNDO;64075-005;DIESEL;16/06/2026;7,59;;R$ / litro;IPIRANGA
NE;PI;TERESINA;CACIQUE PETROLEO LTDA; 06.656.656/0020-06;AVENIDA DEPUTADO PAULO FERRAZ;2907;;SAO RAIMUNDO;64075-005;DIESEL S10;16/06/2026;7,69;;R$ / litro;IPIRANGA
NE;PI;TERESINA;CACIQUE PETROLEO LTDA; 06.656.656/0020-06;AVENIDA DEPUTADO PAULO FERRAZ;2907;;SAO RAIMUNDO;64075-005;ETANOL;16/06/2026;4,99;;R$ / litro;IPIRANGA
NE;PI;TERESINA;POSTO SANTO EXPEDITO PETROLEO LTDA; 18.325.275/0001-60;AVENIDA DEPUTADO PAULO FERRAZ;3321;;ITARARE;64078-005;GASOLINA;16/06/2026;6,79;;R$ / litro;BRANCA
NE;PI;TERESINA;POSTO SANTO EXPEDITO PETROLEO LTDA; 18.325.275/0001-60;AVENIDA DEPUTADO PAULO FERRAZ;3321;;ITARARE;64078-005;GASOLINA ADITIVADA;16/06/2026;6,79;;R$ / litro;BRANCA
NE;PI;TERESINA;POSTO SANTO EXPEDITO PETROLEO LTDA; 18.325.275/0001-60;AVENIDA DEPUTADO PAULO FERRAZ;3321;;ITARARE;64078-005;DIESEL;16/06/2026;7,19;;R$ / litro;BRANCA
NE;PI;TERESINA;POSTO SANTO EXPEDITO PETROLEO LTDA; 18.325.275/0001-60;AVENIDA DEPUTADO PAULO FERRAZ;3321;;ITARARE;64078-005;DIESEL S10;16/06/2026;7,29;;R$ / litro;BRANCA
NE;PI;TERESINA;CACIQUE PETROLEO LTDA; 06.656.656/0022-78;AVENIDA DEPUTADO PAULO FERRAZ;1910;;TANCREDO NEVES;64076-005;GASOLINA;16/06/2026;6,89;;R$ / litro;IPIRANGA
NE;PI;TERESINA;CACIQUE PETROLEO LTDA; 06.656.656/0022-78;AVENIDA DEPUTADO PAULO FERRAZ;1910;;TANCREDO NEVES;64076-005;GASOLINA ADITIVADA;16/06/2026;7,29;;R$ / litro;IPIRANGA
NE;PI;TERESINA;CACIQUE PETROLEO LTDA; 06.656.656/0022-78;AVENIDA DEPUTADO PAULO FERRAZ;1910;;TANCREDO NEVES;64076-005;DIESEL;16/06/2026;7,59;;R$ / litro;IPIRANGA
NE;PI;TERESINA;CACIQUE PETROLEO LTDA; 06.656.656/0022-78;AVENIDA DEPUTADO PAULO FERRAZ;1910;;TANCREDO NEVES;64076-005;DIESEL S10;16/06/2026;7,69;;R$ / litro;IPIRANGA
NE;PI;TERESINA;CACIQUE PETROLEO LTDA; 06.656.656/0022-78;AVENIDA DEPUTADO PAULO FERRAZ;1910;;TANCREDO NEVES;64076-005;ETANOL;16/06/2026;4,99;;R$ / litro;IPIRANGA
NE;PI;TERESINA;POSTO MAIS VALE LTDA; 26.128.088/0001-15;AVENIDA ZEQUINHA FREIRE;2260;QUADRAA                   LOTE  03;URUGUAI;64073-020;GASOLINA;16/06/2026;6,99;;R$ / litro;BRANCA
NE;PI;TERESINA;POSTO MAIS VALE LTDA; 26.128.088/0001-15;AVENIDA ZEQUINHA FREIRE;2260;QUADRAA                   LOTE  03;URUGUAI;64073-020;DIESEL S10;16/06/2026;7,55;;R$ / litro;BRANCA
NE;PI;TERESINA;POSTO MAIS VALE LTDA; 26.128.088/0001-15;AVENIDA ZEQUINHA FREIRE;2260;QUADRAA                   LOTE  03;URUGUAI;64073-020;ETANOL;16/06/2026;4,99;;R$ / litro;BRANCA
NE;PI;TERESINA;POSTO MARTINEZ LTDA - ME; 02.992.818/0001-63;AVENIDA ANTONIO OLIVEIRA;61;;GURUPI;64091-400;GASOLINA;17/06/2026;6,89;;R$ / litro;IPIRANGA
NE;PI;TERESINA;POSTO MARTINEZ LTDA - ME; 02.992.818/0001-63;AVENIDA ANTONIO OLIVEIRA;61;;GURUPI;64091-400;GASOLINA ADITIVADA;17/06/2026;7,19;;R$ / litro;IPIRANGA
NE;PI;TERESINA;POSTO MARTINEZ LTDA - ME; 02.992.818/0001-63;AVENIDA ANTONIO OLIVEIRA;61;;GURUPI;64091-400;ETANOL;17/06/2026;5,29;;R$ / litro;IPIRANGA
NE;PI;TERESINA;PLANALTO PETROLEO ILHOTAS LTDA; 30.060.520/0001-50;AVENIDA HIGINO CUNHA;935;;ILHOTAS;64014-220;GASOLINA;17/06/2026;6,79;;R$ / litro;BRANCA
NE;PI;TERESINA;PLANALTO PETROLEO ILHOTAS LTDA; 30.060.520/0001-50;AVENIDA HIGINO CUNHA;935;;ILHOTAS;64014-220;GASOLINA ADITIVADA;17/06/2026;6,99;;R$ / litro;BRANCA
NE;PI;TERESINA;PLANALTO PETROLEO ILHOTAS LTDA; 30.060.520/0001-50;AVENIDA HIGINO CUNHA;935;;ILHOTAS;64014-220;DIESEL S10;17/06/2026;7,24;;R$ / litro;BRANCA
NE;PI;TERESINA;PLANALTO PETROLEO ILHOTAS LTDA; 30.060.520/0001-50;AVENIDA HIGINO CUNHA;935;;ILHOTAS;64014-220;ETANOL;17/06/2026;4,79;;R$ / litro;BRANCA
NE;PI;TERESINA;SANTA TERESINHA COMBUSTIVEIS LTDA; 29.036.342/0001-43;AVENIDA BARAO DE CASTELO BRANCO;1400;;CRISTO REI;64016-850;GASOLINA;17/06/2026;6,79;;R$ / litro;BRANCA
NE;PI;TERESINA;SANTA TERESINHA COMBUSTIVEIS LTDA; 29.036.342/0001-43;AVENIDA BARAO DE CASTELO BRANCO;1400;;CRISTO REI;64016-850;DIESEL;17/06/2026;6,99;;R$ / litro;BRANCA
NE;PI;TERESINA;SANTA TERESINHA COMBUSTIVEIS LTDA; 29.036.342/0001-43;AVENIDA BARAO DE CASTELO BRANCO;1400;;CRISTO REI;64016-850;DIESEL S10;17/06/2026;7,39;;R$ / litro;BRANCA
NE;PI;TERESINA;SANTA TERESINHA COMBUSTIVEIS LTDA; 29.036.342/0001-43;AVENIDA BARAO DE CASTELO BRANCO;1400;;CRISTO REI;64016-850;ETANOL;17/06/2026;4,89;;R$ / litro;BRANCA
NE;PI;TERESINA;POSTO DE COMBUSTIVEL AGUIA LTDA; 28.985.753/0001-12;AVENIDA HOMERO CASTELO BRANCO;2101;LETRA A;FATIMA;64049-505;GASOLINA;16/06/2026;6,79;;R$ / litro;IPIRANGA
NE;PI;TERESINA;POSTO DE COMBUSTIVEL AGUIA LTDA; 28.985.753/0001-12;AVENIDA HOMERO CASTELO BRANCO;2101;LETRA A;FATIMA;64049-505;GASOLINA ADITIVADA;16/06/2026;6,99;;R$ / litro;IPIRANGA
NE;PI;TERESINA;POSTO DE COMBUSTIVEL AGUIA LTDA; 28.985.753/0001-12;AVENIDA HOMERO CASTELO BRANCO;2101;LETRA A;FATIMA;64049-505;DIESEL S10;16/06/2026;7,89;;R$ / litro;IPIRANGA
NE;PI;TERESINA;POSTO DE COMBUSTIVEL AGUIA LTDA; 28.985.753/0001-12;AVENIDA HOMERO CASTELO BRANCO;2101;LETRA A;FATIMA;64049-505;ETANOL;16/06/2026;4,99;;R$ / litro;IPIRANGA
NE;PI;TERESINA;CACIQUE PETROLEO LTDA; 06.656.656/0043-00;AVENIDA CAJUINA;1675;LETRA A;NOIVOS;64046-000;GASOLINA;17/06/2026;6,89;;R$ / litro;SABBÁ
NE;PI;TERESINA;CACIQUE PETROLEO LTDA; 06.656.656/0043-00;AVENIDA CAJUINA;1675;LETRA A;NOIVOS;64046-000;GASOLINA ADITIVADA;17/06/2026;7,19;;R$ / litro;SABBÁ
NE;PI;TERESINA;CACIQUE PETROLEO LTDA; 06.656.656/0043-00;AVENIDA CAJUINA;1675;LETRA A;NOIVOS;64046-000;ETANOL;17/06/2026;4,99;;R$ / litro;SABBÁ
NE;PI;TERESINA;CACIQUE PETROLEO LTDA; 06.656.656/0052-93;AVENIDA HOMERO CASTELO BRANCO;1945;LOJA  01;FATIMA;64049-505;GASOLINA;16/06/2026;6,89;;R$ / litro;IPIRANGA
NE;PI;TERESINA;CACIQUE PETROLEO LTDA; 06.656.656/0052-93;AVENIDA HOMERO CASTELO BRANCO;1945;LOJA  01;FATIMA;64049-505;GASOLINA ADITIVADA;16/06/2026;7,29;;R$ / litro;IPIRANGA
NE;PI;TERESINA;CACIQUE PETROLEO LTDA; 06.656.656/0052-93;AVENIDA HOMERO CASTELO BRANCO;1945;LOJA  01;FATIMA;64049-505;ETANOL;16/06/2026;4,99;;R$ / litro;IPIRANGA
NE;PI;TERESINA;POSTO HOMERO CASTELO BRANCO LTDA; 08.596.605/0001-07;AVENIDA TOMAZ DE AREA LEAO;2563;;ININGA;64048-600;GASOLINA;23/06/2026;6,89;;R$ / litro;VIBRA
NE;PI;TERESINA;POSTO HOMERO CASTELO BRANCO LTDA; 08.596.605/0001-07;AVENIDA TOMAZ DE AREA LEAO;2563;;ININGA;64048-600;GASOLINA ADITIVADA;23/06/2026;7,19;;R$ / litro;VIBRA
NE;PI;TERESINA;POSTO HOMERO CASTELO BRANCO LTDA; 08.596.605/0001-07;AVENIDA TOMAZ DE AREA LEAO;2563;;ININGA;64048-600;ETANOL;23/06/2026;4,99;;R$ / litro;VIBRA
NE;PI;TERESINA;PLANALTO PETROLEO BOLA LTDA; 04.787.075/0003-87;RUA IGARACU;2864;;PRIMAVERA;64003-370;GASOLINA;24/06/2026;6,79;;R$ / litro;SABBÁ
NE;PI;TERESINA;PLANALTO PETROLEO BOLA LTDA; 04.787.075/0003-87;RUA IGARACU;2864;;PRIMAVERA;64003-370;GASOLINA ADITIVADA;24/06/2026;6,99;;R$ / litro;SABBÁ
NE;PI;TERESINA;PLANALTO PETROLEO BOLA LTDA; 04.787.075/0003-87;RUA IGARACU;2864;;PRIMAVERA;64003-370;DIESEL;24/06/2026;7,29;;R$ / litro;SABBÁ
NE;PI;TERESINA;PLANALTO PETROLEO BOLA LTDA; 04.787.075/0003-87;RUA IGARACU;2864;;PRIMAVERA;64003-370;DIESEL S10;24/06/2026;7,49;;R$ / litro;SABBÁ
NE;PI;TERESINA;PLANALTO PETROLEO BOLA LTDA; 04.787.075/0003-87;RUA IGARACU;2864;;PRIMAVERA;64003-370;ETANOL;24/06/2026;4,99;;R$ / litro;SABBÁ
NE;PI;TERESINA;PN PETROLEO LTDA.; 06.331.431/0001-17;RUA MUNDINHO FERRAZ;3225;;SAO CRISTOVAO;64055-330;GASOLINA;24/06/2026;6,89;;R$ / litro;BRANCA
NE;PI;TERESINA;PN PETROLEO LTDA.; 06.331.431/0001-17;RUA MUNDINHO FERRAZ;3225;;SAO CRISTOVAO;64055-330;GASOLINA ADITIVADA;24/06/2026;6,89;;R$ / litro;BRANCA
NE;PI;TERESINA;PN PETROLEO LTDA.; 06.331.431/0001-17;RUA MUNDINHO FERRAZ;3225;;SAO CRISTOVAO;64055-330;DIESEL S10;24/06/2026;7,39;;R$ / litro;BRANCA
NE;PI;TERESINA;HD PETROLEO USINA LTDA; 05.510.040/0001-05;AVENIDA PROFESSOR CAMILO FILHO;8200;;SAO SEBASTIAO;64085-338;GASOLINA;23/06/2026;5,79;;R$ / litro;BRANCA
NE;PI;TERESINA;HD PETROLEO USINA LTDA; 05.510.040/0001-05;AVENIDA PROFESSOR CAMILO FILHO;8200;;SAO SEBASTIAO;64085-338;ETANOL;23/06/2026;4,34;;R$ / litro;BRANCA
NE;PI;TERESINA;S P MAGALHAES EMPREENDIMENTOS LTDA; 10.978.518/0001-58;AVENIDA JOAO XXIII;1520;0;SÃO CRISTÓVÃO;64045-000;GASOLINA;22/06/2026;6,79;;R$ / litro;SABBÁ
NE;PI;TERESINA;S P MAGALHAES EMPREENDIMENTOS LTDA; 10.978.518/0001-58;AVENIDA JOAO XXIII;1520;0;SÃO CRISTÓVÃO;64045-000;GASOLINA ADITIVADA;22/06/2026;6,79;;R$ / litro;SABBÁ
NE;PI;TERESINA;S P MAGALHAES EMPREENDIMENTOS LTDA; 10.978.518/0001-58;AVENIDA JOAO XXIII;1520;0;SÃO CRISTÓVÃO;64045-000;ETANOL;22/06/2026;4,79;;R$ / litro;SABBÁ
NE;PI;TERESINA;SAO FRANCISCO PETROLEO LTDA; 10.336.626/0001-27;AVENIDA FREI SERAFIM;2474;;CENTRO;64001-020;ETANOL;22/06/2026;4,78;;R$ / litro;VIBRA
NE;PI;TERESINA;SAO FRANCISCO PETROLEO LTDA; 10.336.626/0001-27;AVENIDA FREI SERAFIM;2474;;CENTRO;64001-020;GASOLINA;22/06/2026;6,56;;R$ / litro;VIBRA
NE;PI;TERESINA;SAO FRANCISCO PETROLEO LTDA; 10.336.626/0001-27;AVENIDA FREI SERAFIM;2474;;CENTRO;64001-020;GASOLINA ADITIVADA;22/06/2026;6,89;;R$ / litro;VIBRA
NE;PI;TERESINA;SAO FRANCISCO PETROLEO LTDA; 10.336.626/0001-27;AVENIDA FREI SERAFIM;2474;;CENTRO;64001-020;DIESEL;22/06/2026;7,49;;R$ / litro;VIBRA
NE;PI;TERESINA;PIPEL-PICOS PETROLEO LTDA; 07.483.266/0005-05;AVENIDA PREF. WALL  FERRAZ;7420;;TRIUNFO;64000-010;GASOLINA;23/06/2026;6,56;;R$ / litro;VIBRA
NE;PI;TERESINA;PIPEL-PICOS PETROLEO LTDA; 07.483.266/0005-05;AVENIDA PREF. WALL  FERRAZ;7420;;TRIUNFO;64000-010;GASOLINA ADITIVADA;23/06/2026;6,83;;R$ / litro;VIBRA
NE;PI;TERESINA;PIPEL-PICOS PETROLEO LTDA; 07.483.266/0005-05;AVENIDA PREF. WALL  FERRAZ;7420;;TRIUNFO;64000-010;DIESEL;23/06/2026;6,84;;R$ / litro;VIBRA
NE;PI;TERESINA;PIPEL-PICOS PETROLEO LTDA; 07.483.266/0005-05;AVENIDA PREF. WALL  FERRAZ;7420;;TRIUNFO;64000-010;DIESEL S10;23/06/2026;7,07;;R$ / litro;VIBRA
NE;PI;TERESINA;CACIQUE PETROLEO LTDA; 06.656.656/0004-96;AVENIDA MIGUEL ROSA;3768;SUL;PICARRA;64001-973;GASOLINA;22/06/2026;6,89;;R$ / litro;VIBRA
NE;PI;TERESINA;CACIQUE PETROLEO LTDA; 06.656.656/0004-96;AVENIDA MIGUEL ROSA;3768;SUL;PICARRA;64001-973;GASOLINA ADITIVADA;22/06/2026;7,29;;R$ / litro;VIBRA
NE;PI;TERESINA;CACIQUE PETROLEO LTDA; 06.656.656/0004-96;AVENIDA MIGUEL ROSA;3768;SUL;PICARRA;64001-973;ETANOL;22/06/2026;4,99;;R$ / litro;VIBRA
NE;PI;TERESINA;CACIQUE PETROLEO LTDA; 06.656.656/0003-05;AVENIDA PRESIDENTE KENNEDY;1944;;SAO CRISTOVAO;64052-800;GASOLINA;22/06/2026;6,89;;R$ / litro;VIBRA
NE;PI;TERESINA;CACIQUE PETROLEO LTDA; 06.656.656/0003-05;AVENIDA PRESIDENTE KENNEDY;1944;;SAO CRISTOVAO;64052-800;GASOLINA ADITIVADA;22/06/2026;7,29;;R$ / litro;VIBRA
NE;PI;TERESINA;CACIQUE PETROLEO LTDA; 06.656.656/0003-05;AVENIDA PRESIDENTE KENNEDY;1944;;SAO CRISTOVAO;64052-800;ETANOL;22/06/2026;4,99;;R$ / litro;VIBRA
NE;PI;TERESINA;CACIQUE PETROLEO LTDA; 06.656.656/0002-24;AVENIDA MIGUEL ROSA;3833;SUL;PICARRA;64001-973;GASOLINA;22/06/2026;6,89;;R$ / litro;VIBRA
NE;PI;TERESINA;CACIQUE PETROLEO LTDA; 06.656.656/0002-24;AVENIDA MIGUEL ROSA;3833;SUL;PICARRA;64001-973;GASOLINA ADITIVADA;22/06/2026;7,29;;R$ / litro;VIBRA
NE;PI;TERESINA;CACIQUE PETROLEO LTDA; 06.656.656/0002-24;AVENIDA MIGUEL ROSA;3833;SUL;PICARRA;64001-973;ETANOL;22/06/2026;4,99;;R$ / litro;VIBRA
NE;PI;TERESINA;MIRANTE PETROLEO LTDA; 03.612.498/0001-31;AVENIDA PRESIDENTE KENNEDY;5779;;MORROS;64062-100;GASOLINA;23/06/2026;6,87;;R$ / litro;IPIRANGA
NE;PI;TERESINA;MIRANTE PETROLEO LTDA; 03.612.498/0001-31;AVENIDA PRESIDENTE KENNEDY;5779;;MORROS;64062-100;DIESEL;23/06/2026;7,17;;R$ / litro;IPIRANGA
NE;PI;TERESINA;MIRANTE PETROLEO LTDA; 03.612.498/0001-31;AVENIDA PRESIDENTE KENNEDY;5779;;MORROS;64062-100;DIESEL S10;23/06/2026;7,27;;R$ / litro;IPIRANGA
NE;PI;TERESINA;MIRANTE PETROLEO LTDA; 03.612.498/0001-31;AVENIDA PRESIDENTE KENNEDY;5779;;MORROS;64062-100;ETANOL;23/06/2026;4,83;;R$ / litro;IPIRANGA
NE;PI;TERESINA;JUNCO COMERCIAL LTDA; 02.760.727/0001-00;RUA JOAQUIM NELSON;2121;;PARQUE IDEAL;64078-625;GASOLINA;23/06/2026;6,89;;R$ / litro;VIBRA
NE;PI;TERESINA;JUNCO COMERCIAL LTDA; 02.760.727/0001-00;RUA JOAQUIM NELSON;2121;;PARQUE IDEAL;64078-625;GASOLINA ADITIVADA;23/06/2026;7,09;;R$ / litro;VIBRA
NE;PI;TERESINA;JUNCO COMERCIAL LTDA; 02.760.727/0001-00;RUA JOAQUIM NELSON;2121;;PARQUE IDEAL;64078-625;DIESEL S10;23/06/2026;7,39;;R$ / litro;VIBRA
NE;PI;TERESINA;JUNCO COMERCIAL LTDA; 02.760.727/0001-00;RUA JOAQUIM NELSON;2121;;PARQUE IDEAL;64078-625;ETANOL;23/06/2026;4,99;;R$ / litro;VIBRA
NE;PI;TERESINA;MOURA SOUSA E BONFIM LTDA; 01.416.988/0001-37;RODOVIA BR 343 KM 10;S/N;;RODOVIA;64045-970;GASOLINA;24/06/2026;6,74;;R$ / litro;ALE
NE;PI;TERESINA;MOURA SOUSA E BONFIM LTDA; 01.416.988/0001-37;RODOVIA BR 343 KM 10;S/N;;RODOVIA;64045-970;GASOLINA ADITIVADA;24/06/2026;6,99;;R$ / litro;ALE
NE;PI;TERESINA;MOURA SOUSA E BONFIM LTDA; 01.416.988/0001-37;RODOVIA BR 343 KM 10;S/N;;RODOVIA;64045-970;DIESEL;24/06/2026;6,89;;R$ / litro;ALE
NE;PI;TERESINA;MOURA SOUSA E BONFIM LTDA; 01.416.988/0001-37;RODOVIA BR 343 KM 10;S/N;;RODOVIA;64045-970;DIESEL S10;24/06/2026;7,09;;R$ / litro;ALE
NE;PI;TERESINA;MOURA SOUSA E BONFIM LTDA; 01.416.988/0001-37;RODOVIA BR 343 KM 10;S/N;;RODOVIA;64045-970;ETANOL;24/06/2026;5,07;;R$ / litro;ALE
NE;PI;TERESINA;FCN.X CARVALHO COMBUSTIVEL LTDA; 09.641.208/0001-64;AVENIDA HOMERO CASTELO BRANCO;630;SALA  C;SAO CRISTOVAO;64048-400;GASOLINA;22/06/2026;6,89;;R$ / litro;VIBRA
NE;PI;TERESINA;FCN.X CARVALHO COMBUSTIVEL LTDA; 09.641.208/0001-64;AVENIDA HOMERO CASTELO BRANCO;630;SALA  C;SAO CRISTOVAO;64048-400;GASOLINA ADITIVADA;22/06/2026;7,39;;R$ / litro;VIBRA
NE;PI;TERESINA;FCN.X CARVALHO COMBUSTIVEL LTDA; 09.641.208/0001-64;AVENIDA HOMERO CASTELO BRANCO;630;SALA  C;SAO CRISTOVAO;64048-400;ETANOL;22/06/2026;4,99;;R$ / litro;VIBRA
NE;PI;TERESINA;POSTO CERTO LTDA; 08.610.754/0001-75;AVENIDA JOAO XXIII;2180;;NOIVOS;64045-000;GASOLINA;22/06/2026;6,89;;R$ / litro;SABBÁ
NE;PI;TERESINA;POSTO CERTO LTDA; 08.610.754/0001-75;AVENIDA JOAO XXIII;2180;;NOIVOS;64045-000;GASOLINA ADITIVADA;22/06/2026;7,19;;R$ / litro;SABBÁ
NE;PI;TERESINA;POSTO CERTO LTDA; 08.610.754/0001-75;AVENIDA JOAO XXIII;2180;;NOIVOS;64045-000;DIESEL S10;22/06/2026;7,59;;R$ / litro;SABBÁ
NE;PI;TERESINA;POSTO CERTO LTDA; 08.610.754/0001-75;AVENIDA JOAO XXIII;2180;;NOIVOS;64045-000;ETANOL;22/06/2026;4,99;;R$ / litro;SABBÁ
NE;PI;TERESINA;SAO FRANCISCO PETROLEO LTDA; 10.336.626/0002-08;AVENIDA PREF WALL FERRAZ;4570;;LOURIVAL PARENTE;64022-145;GASOLINA;23/06/2026;6,87;;R$ / litro;BRANCA
NE;PI;TERESINA;SAO FRANCISCO PETROLEO LTDA; 10.336.626/0002-08;AVENIDA PREF WALL FERRAZ;4570;;LOURIVAL PARENTE;64022-145;DIESEL S10;23/06/2026;7,29;;R$ / litro;BRANCA
NE;PI;TERESINA;SAO FRANCISCO PETROLEO LTDA; 10.336.626/0002-08;AVENIDA PREF WALL FERRAZ;4570;;LOURIVAL PARENTE;64022-145;ETANOL;23/06/2026;4,79;;R$ / litro;BRANCA
NE;PI;TERESINA;POSTO CERTO LTDA; 08.610.754/0002-56;AVENIDA DEPUTADO PAULO FERRAZ;1771;;BEIRA RIO;64075-535;GASOLINA;23/06/2026;6,89;;R$ / litro;SABBÁ
NE;PI;TERESINA;POSTO CERTO LTDA; 08.610.754/0002-56;AVENIDA DEPUTADO PAULO FERRAZ;1771;;BEIRA RIO;64075-535;GASOLINA ADITIVADA;23/06/2026;7,14;;R$ / litro;SABBÁ
NE;PI;TERESINA;POSTO CERTO LTDA; 08.610.754/0002-56;AVENIDA DEPUTADO PAULO FERRAZ;1771;;BEIRA RIO;64075-535;DIESEL;23/06/2026;7,39;;R$ / litro;SABBÁ
NE;PI;TERESINA;POSTO CERTO LTDA; 08.610.754/0002-56;AVENIDA DEPUTADO PAULO FERRAZ;1771;;BEIRA RIO;64075-535;DIESEL S10;23/06/2026;7,49;;R$ / litro;SABBÁ
NE;PI;TERESINA;POSTO CERTO LTDA; 08.610.754/0002-56;AVENIDA DEPUTADO PAULO FERRAZ;1771;;BEIRA RIO;64075-535;ETANOL;23/06/2026;4,99;;R$ / litro;SABBÁ
NE;PI;TERESINA;POSTO FLEX COMBUSTIVEIS LTDA; 10.948.874/0001-29;AVENIDA PRESIDENTE KENNEDY;5200;/B;MORROS;64062-100;GASOLINA;23/06/2026;6,85;;R$ / litro;BRANCA
NE;PI;TERESINA;POSTO FLEX COMBUSTIVEIS LTDA; 10.948.874/0001-29;AVENIDA PRESIDENTE KENNEDY;5200;/B;MORROS;64062-100;DIESEL S10;23/06/2026;7,29;;R$ / litro;BRANCA
NE;PI;TERESINA;POSTO FLEX COMBUSTIVEIS LTDA; 10.948.874/0001-29;AVENIDA PRESIDENTE KENNEDY;5200;/B;MORROS;64062-100;ETANOL;23/06/2026;4,83;;R$ / litro;BRANCA
NE;PI;TERESINA;CACIQUE PETROLEO LTDA; 06.656.656/0019-72;AVENIDA LINDOLFO MONTEIRO;990;;FATIMA;64049-440;GASOLINA;22/06/2026;6,99;;R$ / litro;VIBRA
NE;PI;TERESINA;CACIQUE PETROLEO LTDA; 06.656.656/0019-72;AVENIDA LINDOLFO MONTEIRO;990;;FATIMA;64049-440;GASOLINA ADITIVADA;22/06/2026;7,49;;R$ / litro;VIBRA
NE;PI;TERESINA;CACIQUE PETROLEO LTDA; 06.656.656/0019-72;AVENIDA LINDOLFO MONTEIRO;990;;FATIMA;64049-440;DIESEL;22/06/2026;7,89;;R$ / litro;VIBRA
NE;PI;TERESINA;CACIQUE PETROLEO LTDA; 06.656.656/0019-72;AVENIDA LINDOLFO MONTEIRO;990;;FATIMA;64049-440;ETANOL;22/06/2026;4,99;;R$ / litro;VIBRA
NE;PI;TERESINA;VIVA PETROLEO LTDA; 15.241.519/0001-39;AVENIDA ODILON ARAUJO;1610;;CRISTO REI;64015-315;GASOLINA;24/06/2026;6,49;;R$ / litro;BRANCA
NE;PI;TERESINA;VIVA PETROLEO LTDA; 15.241.519/0001-39;AVENIDA ODILON ARAUJO;1610;;CRISTO REI;64015-315;DIESEL S10;24/06/2026;6,99;;R$ / litro;BRANCA
NE;PI;TERESINA;VIVA PETROLEO LTDA; 15.241.519/0001-39;AVENIDA ODILON ARAUJO;1610;;CRISTO REI;64015-315;ETANOL;24/06/2026;4,59;;R$ / litro;BRANCA
NE;PI;TERESINA;CACIQUE PETROLEO LTDA; 06.656.656/0022-78;AVENIDA DEPUTADO PAULO FERRAZ;1910;;TANCREDO NEVES;64076-005;DIESEL;23/06/2026;7,59;;R$ / litro;IPIRANGA
NE;PI;TERESINA;CACIQUE PETROLEO LTDA; 06.656.656/0022-78;AVENIDA DEPUTADO PAULO FERRAZ;1910;;TANCREDO NEVES;64076-005;DIESEL S10;23/06/2026;7,69;;R$ / litro;IPIRANGA
NE;PI;TERESINA;CACIQUE PETROLEO LTDA; 06.656.656/0022-78;AVENIDA DEPUTADO PAULO FERRAZ;1910;;TANCREDO NEVES;64076-005;ETANOL;23/06/2026;4,99;;R$ / litro;IPIRANGA
NE;PI;TERESINA;CACIQUE PETROLEO LTDA; 06.656.656/0022-78;AVENIDA DEPUTADO PAULO FERRAZ;1910;;TANCREDO NEVES;64076-005;GASOLINA;23/06/2026;6,89;;R$ / litro;IPIRANGA
NE;PI;TERESINA;CACIQUE PETROLEO LTDA; 06.656.656/0022-78;AVENIDA DEPUTADO PAULO FERRAZ;1910;;TANCREDO NEVES;64076-005;GASOLINA ADITIVADA;23/06/2026;7,29;;R$ / litro;IPIRANGA
NE;PI;TERESINA;POSTO MAIS VALE LTDA; 26.128.088/0001-15;AVENIDA ZEQUINHA FREIRE;2260;QUADRAA                   LOTE  03;URUGUAI;64073-020;GASOLINA;23/06/2026;6,99;;R$ / litro;BRANCA
NE;PI;TERESINA;POSTO MAIS VALE LTDA; 26.128.088/0001-15;AVENIDA ZEQUINHA FREIRE;2260;QUADRAA                   LOTE  03;URUGUAI;64073-020;DIESEL S10;23/06/2026;7,55;;R$ / litro;BRANCA
NE;PI;TERESINA;POSTO MAIS VALE LTDA; 26.128.088/0001-15;AVENIDA ZEQUINHA FREIRE;2260;QUADRAA                   LOTE  03;URUGUAI;64073-020;ETANOL;23/06/2026;4,99;;R$ / litro;BRANCA
NE;PI;TERESINA;POSTO MARTINEZ LTDA - ME; 02.992.818/0001-63;AVENIDA ANTONIO OLIVEIRA;61;;GURUPI;64091-400;GASOLINA;23/06/2026;6,99;;R$ / litro;IPIRANGA
NE;PI;TERESINA;POSTO MARTINEZ LTDA - ME; 02.992.818/0001-63;AVENIDA ANTONIO OLIVEIRA;61;;GURUPI;64091-400;GASOLINA ADITIVADA;23/06/2026;7,29;;R$ / litro;IPIRANGA
NE;PI;TERESINA;POSTO MARTINEZ LTDA - ME; 02.992.818/0001-63;AVENIDA ANTONIO OLIVEIRA;61;;GURUPI;64091-400;DIESEL S10;23/06/2026;7,79;;R$ / litro;IPIRANGA
NE;PI;TERESINA;POSTO MARTINEZ LTDA - ME; 02.992.818/0001-63;AVENIDA ANTONIO OLIVEIRA;61;;GURUPI;64091-400;ETANOL;23/06/2026;5,29;;R$ / litro;IPIRANGA
NE;PI;TERESINA;PLANALTO PETROLEO ILHOTAS LTDA; 30.060.520/0001-50;AVENIDA HIGINO CUNHA;935;;ILHOTAS;64014-220;GASOLINA;24/06/2026;6,79;;R$ / litro;BRANCA
NE;PI;TERESINA;PLANALTO PETROLEO ILHOTAS LTDA; 30.060.520/0001-50;AVENIDA HIGINO CUNHA;935;;ILHOTAS;64014-220;GASOLINA ADITIVADA;24/06/2026;6,99;;R$ / litro;BRANCA
NE;PI;TERESINA;PLANALTO PETROLEO ILHOTAS LTDA; 30.060.520/0001-50;AVENIDA HIGINO CUNHA;935;;ILHOTAS;64014-220;ETANOL;24/06/2026;4,79;;R$ / litro;BRANCA
NE;PI;TERESINA;SANTA TERESINHA COMBUSTIVEIS LTDA; 29.036.342/0001-43;AVENIDA BARAO DE CASTELO BRANCO;1400;;CRISTO REI;64016-850;GASOLINA;24/06/2026;6,79;;R$ / litro;BRANCA
NE;PI;TERESINA;SANTA TERESINHA COMBUSTIVEIS LTDA; 29.036.342/0001-43;AVENIDA BARAO DE CASTELO BRANCO;1400;;CRISTO REI;64016-850;DIESEL;24/06/2026;6,99;;R$ / litro;BRANCA
NE;PI;TERESINA;SANTA TERESINHA COMBUSTIVEIS LTDA; 29.036.342/0001-43;AVENIDA BARAO DE CASTELO BRANCO;1400;;CRISTO REI;64016-850;DIESEL S10;24/06/2026;7,39;;R$ / litro;BRANCA
NE;PI;TERESINA;SANTA TERESINHA COMBUSTIVEIS LTDA; 29.036.342/0001-43;AVENIDA BARAO DE CASTELO BRANCO;1400;;CRISTO REI;64016-850;ETANOL;24/06/2026;4,89;;R$ / litro;BRANCA
NE;PI;TERESINA;NEIVA & BRITO COMBUSTIVEIS LTDA; 32.237.402/0001-09;AVENIDA ZEQUINHA FREIRE;3419;;SATELITE;64059-310;GASOLINA;23/06/2026;6,88;;R$ / litro;BRANCA
NE;PI;TERESINA;NEIVA & BRITO COMBUSTIVEIS LTDA; 32.237.402/0001-09;AVENIDA ZEQUINHA FREIRE;3419;;SATELITE;64059-310;GASOLINA ADITIVADA;23/06/2026;6,98;;R$ / litro;BRANCA
NE;PI;TERESINA;NEIVA & BRITO COMBUSTIVEIS LTDA; 32.237.402/0001-09;AVENIDA ZEQUINHA FREIRE;3419;;SATELITE;64059-310;DIESEL S10;23/06/2026;7,58;;R$ / litro;BRANCA
NE;PI;TERESINA;NEIVA & BRITO COMBUSTIVEIS LTDA; 32.237.402/0001-09;AVENIDA ZEQUINHA FREIRE;3419;;SATELITE;64059-310;ETANOL;23/06/2026;4,98;;R$ / litro;BRANCA
NE;PI;TERESINA;POSTO DE COMBUSTIVEL AGUIA LTDA; 28.985.753/0001-12;AVENIDA HOMERO CASTELO BRANCO;2101;LETRA A;FATIMA;64049-505;GASOLINA;23/06/2026;6,79;;R$ / litro;IPIRANGA
NE;PI;TERESINA;POSTO DE COMBUSTIVEL AGUIA LTDA; 28.985.753/0001-12;AVENIDA HOMERO CASTELO BRANCO;2101;LETRA A;FATIMA;64049-505;GASOLINA ADITIVADA;23/06/2026;6,99;;R$ / litro;IPIRANGA
NE;PI;TERESINA;POSTO DE COMBUSTIVEL AGUIA LTDA; 28.985.753/0001-12;AVENIDA HOMERO CASTELO BRANCO;2101;LETRA A;FATIMA;64049-505;DIESEL S10;23/06/2026;7,89;;R$ / litro;IPIRANGA
NE;PI;TERESINA;POSTO DE COMBUSTIVEL AGUIA LTDA; 28.985.753/0001-12;AVENIDA HOMERO CASTELO BRANCO;2101;LETRA A;FATIMA;64049-505;ETANOL;23/06/2026;4,99;;R$ / litro;IPIRANGA
NE;PI;TERESINA;CACIQUE PETROLEO LTDA; 06.656.656/0043-00;AVENIDA CAJUINA;1675;LETRA A;NOIVOS;64046-000;GASOLINA;24/06/2026;6,99;;R$ / litro;SABBÁ
NE;PI;TERESINA;CACIQUE PETROLEO LTDA; 06.656.656/0043-00;AVENIDA CAJUINA;1675;LETRA A;NOIVOS;64046-000;GASOLINA ADITIVADA;24/06/2026;7,29;;R$ / litro;SABBÁ
NE;PI;TERESINA;CACIQUE PETROLEO LTDA; 06.656.656/0043-00;AVENIDA CAJUINA;1675;LETRA A;NOIVOS;64046-000;ETANOL;24/06/2026;4,99;;R$ / litro;SABBÁ
NE;PI;TERESINA;CACIQUE PETROLEO LTDA; 06.656.656/0052-93;AVENIDA HOMERO CASTELO BRANCO;1945;LOJA  01;FATIMA;64049-505;GASOLINA;22/06/2026;6,89;;R$ / litro;IPIRANGA
NE;PI;TERESINA;CACIQUE PETROLEO LTDA; 06.656.656/0052-93;AVENIDA HOMERO CASTELO BRANCO;1945;LOJA  01;FATIMA;64049-505;GASOLINA ADITIVADA;22/06/2026;7,29;;R$ / litro;IPIRANGA
NE;PI;TERESINA;CACIQUE PETROLEO LTDA; 06.656.656/0052-93;AVENIDA HOMERO CASTELO BRANCO;1945;LOJA  01;FATIMA;64049-505;ETANOL;22/06/2026;4,99;;R$ / litro;IPIRANGA
